application_id,candidate_id,req_id,applied_at,current_stage,is_active,person_id,requisition_key,department,recruiter_user_key,hiring_manager_user_key,applied_date_key
A00001,C00427,REQ-1004,2026-05-05 00:00:06,Withdrawn,false,P0487,REQK0004,Finance,USERK0002,USERK0008,20260505
A00002,C00350,REQ-1020,2026-07-08 17:59:52,Screen,true,P0327,REQK0020,Engineering,USERK0003,USERK0010,20260708
A00003,C00027,REQ-1026,2026-05-25 03:19:09,Screen,false,P0516,REQK0026,Sales,USERK0004,USERK0007,20260525
A00004,C00335,REQ-1022,2026-05-28 08:27:58,Withdrawn,false,P0042,REQK0022,Data,USERK0003,USERK0006,20260528
A00005,C00101,REQ-1017,2026-06-15 20:46:41,Withdrawn,false,P0192,REQK0017,Data,USERK0001,USERK0011,20260615
A00006,C00109,REQ-1017,2026-03-13 06:56:58,Withdrawn,false,P0159,REQK0017,Data,USERK0001,USERK0011,20260313
A00007,C00005,REQ-1022,2026-04-30 07:36:33,Withdrawn,false,P0469,REQK0022,Data,USERK0003,USERK0006,20260430
A00008,C00211,REQ-1016,2026-03-30 04:28:52,Withdrawn,false,P0478,REQK0016,Sales,USERK0002,USERK0012,20260330
A00009,C00269,REQ-1018,2026-01-28 02:03:53,Offer,false,P0152,REQK0018,Data,USERK0001,USERK0006,20260128
A00010,C00091,REQ-1012,2026-07-11 11:41:08,Withdrawn,false,P0289,REQK0012,Sales,USERK0002,USERK0012,20260711
A00011,C00199,REQ-1019,2026-05-10 03:21:15,Withdrawn,false,P0138,REQK0019,Engineering,USERK0004,USERK0010,20260510
A00012,C00358,REQ-1011,2025-12-25 08:22:54,Rejected,false,P0293,REQK0011,Engineering,USERK0002,USERK0010,20251225
A00013,C00196,REQ-1024,2026-06-26 10:24:14,Withdrawn,false,P0257,REQK0024,Engineering,USERK0001,USERK0005,20260626
A00015,C00223,REQ-1019,2026-06-21 00:18:16,Offer,true,P0481,REQK0019,Engineering,USERK0004,USERK0010,20260621
A00016,C00078,REQ-1001,2026-05-03 14:03:43,Rejected,false,P0251,REQK0001,Data,USERK0003,USERK0006,20260503
A00017,C00093,REQ-1026,2026-04-19 20:40:26,Hired,false,P0150,REQK0026,Sales,USERK0004,USERK0007,20260419
A00018,C00245,REQ-1006,2026-05-23 14:06:40,Withdrawn,false,P0161,REQK0006,Data,USERK0003,USERK0011,20260523
A00020,C00187,REQ-1017,2026-01-17 00:54:50,Withdrawn,false,P0207,REQK0017,Data,USERK0001,USERK0011,20260117
A00021,C00259,REQ-1002,2026-02-02 09:31:43,Interview,false,P0002,REQK0002,Sales,USERK0003,USERK0007,20260202
A00022,C00552,REQ-1016,2026-01-29 19:54:42,Rejected,false,P0411,REQK0016,Sales,USERK0002,USERK0012,20260129
A00023,C00570,REQ-1015,2026-07-07 20:51:10,Rejected,false,P0308,REQK0015,Engineering,USERK0003,USERK0010,20260707
A00024,C00470,REQ-1003,2026-01-11 06:35:13,Withdrawn,false,P0107,REQK0003,Engineering,USERK0001,USERK0005,20260111
A00025,C00550,REQ-1026,2026-04-23 06:13:16,Rejected,false,P0278,REQK0026,Sales,USERK0004,USERK0007,20260423
A00026,C00268,REQ-1009,2026-05-11 01:49:44,Rejected,false,P0496,REQK0009,Finance,USERK0003,USERK0008,20260511
A00027,C00410,REQ-1011,2026-04-10 08:08:08,Withdrawn,false,P0168,REQK0011,Engineering,USERK0002,USERK0010,20260410
A00028,C00166,REQ-1011,2026-07-04 17:53:01,Screen,true,P0526,REQK0011,Engineering,USERK0002,USERK0010,20260704
A00029,C00408,REQ-1014,2025-11-22 12:41:26,Hired,false,P0380,REQK0014,People,USERK0004,USERK0009,20251122
A00030,C00317,REQ-1019,2026-05-20 14:21:09,Withdrawn,false,P0233,REQK0019,Engineering,USERK0004,USERK0010,20260520
A00031,C00570,REQ-1017,2026-02-26 20:08:00,Rejected,false,P0308,REQK0017,Data,USERK0001,USERK0011,20260226
A00032,C00544,REQ-1021,2026-04-28 17:54:12,Rejected,false,P0012,REQK0021,Finance,USERK0001,USERK0008,20260428
A00033,C00537,REQ-1018,2026-05-15 11:26:04,Withdrawn,false,P0485,REQK0018,Data,USERK0001,USERK0006,20260515
A00034,C00242,REQ-1001,2026-05-16 10:21:06,Hired,false,P0398,REQK0001,Data,USERK0003,USERK0006,20260516
A00035,C00121,REQ-1019,2026-06-18 05:04:03,Rejected,false,P0076,REQK0019,Engineering,USERK0004,USERK0010,20260618
A00036,C00151,REQ-1010,2026-05-10 20:59:44,Rejected,false,P0492,REQK0010,Engineering,USERK0003,USERK0005,20260510
A00037,C00585,REQ-1019,2026-06-22 07:13:34,Screen,true,P0040,REQK0019,Engineering,USERK0004,USERK0010,20260622
A00038,C00378,REQ-1003,2025-11-05 20:15:58,Offer,true,P0379,REQK0003,Engineering,USERK0001,USERK0005,20251105
A00039,C00482,REQ-1015,2026-06-04 09:31:01,Offer,true,P0143,REQK0015,Engineering,USERK0003,USERK0010,20260604
A00040,C00231,REQ-1011,2026-01-28 16:40:37,Withdrawn,false,P0442,REQK0011,Engineering,USERK0002,USERK0010,20260128
A00041,C00472,REQ-1018,2026-04-26 19:05:53,Hired,false,P0519,REQK0018,Data,USERK0001,USERK0006,20260426
A00042,C00323,REQ-1025,2026-03-17 01:27:52,Withdrawn,false,P0557,REQK0025,People,USERK0002,USERK0009,20260317
A00043,C00155,REQ-1018,2026-02-03 15:11:37,Withdrawn,false,P0404,REQK0018,Data,USERK0001,USERK0006,20260203
A00044,C00177,REQ-1006,2026-01-26 13:12:54,Withdrawn,false,P0362,REQK0006,Data,USERK0003,USERK0011,20260126
A00045,C00458,REQ-1006,2026-03-14 01:26:13,Offer,true,P0410,REQK0006,Data,USERK0003,USERK0011,20260314
A00046,C00040,REQ-1003,2025-12-05 12:34:19,Rejected,false,P0016,REQK0003,Engineering,USERK0001,USERK0005,20251205
A00047,C00561,REQ-1017,2026-06-29 04:45:16,Withdrawn,false,P0149,REQK0017,Data,USERK0001,USERK0011,20260629
A00048,C00591,REQ-1020,2026-05-28 23:19:16,Withdrawn,false,P0002,REQK0020,Engineering,USERK0003,USERK0010,20260528
A00049,C00019,REQ-1003,2026-06-05 03:35:05,Withdrawn,false,P0275,REQK0003,Engineering,USERK0001,USERK0005,20260605
A00050,C00583,REQ-1016,2026-07-09 03:58:51,Offer,true,P0272,REQK0016,Sales,USERK0002,USERK0012,20260709
A00051,C00406,REQ-1005,2026-05-01 05:04:24,Withdrawn,false,P0132,REQK0005,Sales,USERK0004,USERK0012,20260501
A00052,C00455,REQ-1018,2026-04-19 17:54:15,Withdrawn,false,P0295,REQK0018,Data,USERK0001,USERK0006,20260419
A00053,C00365,REQ-1013,2026-02-27 06:45:34,Withdrawn,false,P0454,REQK0013,People,USERK0001,USERK0009,20260227
A00054,C00593,REQ-1002,2026-02-12 11:45:03,Withdrawn,false,P0208,REQK0002,Sales,USERK0003,USERK0007,20260212
A00055,C00350,REQ-1023,2026-04-03 03:58:20,Hired,false,P0327,REQK0023,People,USERK0001,USERK0009,20260403
A00056,C00581,REQ-1015,2026-06-30 12:36:08,Withdrawn,false,P0032,REQK0015,Engineering,USERK0003,USERK0010,20260630
A00057,C00037,REQ-1018,2026-07-02 02:46:26,Interview,true,P0158,REQK0018,Data,USERK0001,USERK0006,20260702
A00058,C00435,REQ-1005,2026-04-01 13:56:01,Withdrawn,false,P0010,REQK0005,Sales,USERK0004,USERK0012,20260401
A00059,C00052,REQ-1007,2026-06-30 17:51:22,Rejected,false,P0088,REQK0007,People,USERK0003,USERK0009,20260630
A00060,C00318,REQ-1013,2026-02-12 20:26:44,Screen,false,P0033,REQK0013,People,USERK0001,USERK0009,20260212
A00061,C00376,REQ-1017,2026-02-11 07:39:00,Rejected,false,P0354,REQK0017,Data,USERK0001,USERK0011,20260211
A00062,C00001,REQ-1019,2026-05-07 18:10:36,Hired,false,P0470,REQK0019,Engineering,USERK0004,USERK0010,20260507
A00063,C00389,REQ-1008,2026-07-08 14:53:04,Interview,true,P0381,REQK0008,Sales,USERK0002,USERK0012,20260708
A00064,C00493,REQ-1022,2026-05-29 04:22:31,Withdrawn,false,P0419,REQK0022,Data,USERK0003,USERK0006,20260529
A00065,C00471,REQ-1020,2026-03-19 23:50:07,Rejected,false,P0114,REQK0020,Engineering,USERK0003,USERK0010,20260319
A00066,C00172,REQ-1023,2026-04-01 02:16:08,Rejected,false,P0495,REQK0023,People,USERK0001,USERK0009,20260401
A00067,C00578,REQ-1017,2026-03-07 02:33:59,Rejected,false,P0029,REQK0017,Data,USERK0001,USERK0011,20260307
A00068,C00258,REQ-1004,2026-04-21 04:57:24,Offer,true,P0100,REQK0004,Finance,USERK0002,USERK0008,20260421
A00069,C00191,REQ-1017,2026-01-13 07:40:27,Withdrawn,false,P0325,REQK0017,Data,USERK0001,USERK0011,20260113
A00070,C00583,REQ-1008,2026-04-05 06:09:11,Withdrawn,false,P0272,REQK0008,Sales,USERK0002,USERK0012,20260405
A00071,C00545,REQ-1020,2026-03-03 17:47:18,Rejected,false,P0303,REQK0020,Engineering,USERK0003,USERK0010,20260303
A00072,C00132,REQ-1016,2026-03-19 03:48:23,Withdrawn,false,P0013,REQK0016,Sales,USERK0002,USERK0012,20260319
A00073,C00396,REQ-1015,2026-01-25 11:10:20,Hired,false,P0415,REQK0015,Engineering,USERK0003,USERK0010,20260125
A00074,C00312,REQ-1018,2026-04-02 02:16:10,Withdrawn,false,P0139,REQK0018,Data,USERK0001,USERK0006,20260402
A00075,C00068,REQ-1023,2026-04-03 20:16:21,Screen,false,P0140,REQK0023,People,USERK0001,USERK0009,20260403
A00076,C00028,REQ-1025,2026-06-14 02:31:45,Rejected,false,P0211,REQK0025,People,USERK0002,USERK0009,20260614
A00077,C00354,REQ-1015,2026-04-16 17:53:33,Withdrawn,false,P0174,REQK0015,Engineering,USERK0003,USERK0010,20260416
A00078,C00319,REQ-1009,2026-05-14 22:57:56,Hired,false,P0031,REQK0009,Finance,USERK0003,USERK0008,20260514
A00079,C00270,REQ-1021,2026-05-09 21:33:21,Hired,false,P0180,REQK0021,Finance,USERK0001,USERK0008,20260509
A00080,C00056,REQ-1018,2026-05-01 10:36:19,Rejected,false,P0015,REQK0018,Data,USERK0001,USERK0006,20260501
A00081,C00075,REQ-1015,2026-03-10 17:36:25,Withdrawn,false,P0376,REQK0015,Engineering,USERK0003,USERK0010,20260310
A00082,C00387,REQ-1026,2026-04-17 22:26:56,Rejected,false,P0493,REQK0026,Sales,USERK0004,USERK0007,20260417
A00083,C00459,REQ-1012,2025-10-18 02:24:23,Rejected,false,P0383,REQK0012,Sales,USERK0002,USERK0012,20251018
A00084,C00116,REQ-1022,2025-10-29 16:10:24,Withdrawn,false,P0144,REQK0022,Data,USERK0003,USERK0006,20251029
A00085,C00262,REQ-1019,2026-06-22 04:53:27,Screen,false,P0452,REQK0019,Engineering,USERK0004,USERK0010,20260622
A00086,C00055,REQ-1020,2026-06-02 01:41:09,Rejected,false,P0532,REQK0020,Engineering,USERK0003,USERK0010,20260602
A00087,C00217,REQ-1022,2026-01-11 13:01:58,Rejected,false,P0062,REQK0022,Data,USERK0003,USERK0006,20260111
A00088,C00515,REQ-1018,2026-05-25 09:50:53,Offer,true,P0559,REQK0018,Data,USERK0001,USERK0006,20260525
A00089,C00355,REQ-1008,2026-04-25 14:56:45,Rejected,false,P0518,REQK0008,Sales,USERK0002,USERK0012,20260425
A00090,C00270,REQ-1020,2026-04-05 13:25:20,Rejected,false,P0180,REQK0020,Engineering,USERK0003,USERK0010,20260405
A00091,C00058,REQ-1014,2026-05-02 16:34:14,Rejected,false,P0067,REQK0014,People,USERK0004,USERK0009,20260502
A00092,C00089,REQ-1025,2026-05-29 17:05:00,Withdrawn,false,P0154,REQK0025,People,USERK0002,USERK0009,20260529
A00093,C00312,REQ-1021,2026-06-09 20:41:19,Withdrawn,false,P0139,REQK0021,Finance,USERK0001,USERK0008,20260609
A00094,C00256,REQ-1006,2026-06-04 13:25:08,Offer,false,P0434,REQK0006,Data,USERK0003,USERK0011,20260604
A00095,C00241,REQ-1009,2025-11-09 01:28:11,Rejected,false,P0117,REQK0009,Finance,USERK0003,USERK0008,20251109
A00096,C00497,REQ-1003,2026-05-20 15:31:18,Rejected,false,P0367,REQK0003,Engineering,USERK0001,USERK0005,20260520
A00097,C00368,REQ-1004,2026-06-20 20:13:44,Withdrawn,false,P0527,REQK0004,Finance,USERK0002,USERK0008,20260620
A00098,C00124,REQ-1014,2025-11-25 04:35:20,Screen,false,P0130,REQK0014,People,USERK0004,USERK0009,20251125
A00099,C00242,REQ-1006,2026-04-04 09:00:00,Withdrawn,false,P0398,REQK0006,Data,USERK0003,USERK0011,20260404
A00100,C00051,REQ-1004,2026-05-29 04:35:15,Withdrawn,false,P0068,REQK0004,Finance,USERK0002,USERK0008,20260529
A00101,C00132,REQ-1026,2026-06-20 04:40:18,Interview,true,P0013,REQK0026,Sales,USERK0004,USERK0007,20260620
A00102,C00185,REQ-1019,2026-05-25 17:30:15,Withdrawn,false,P0502,REQK0019,Engineering,USERK0004,USERK0010,20260525
A00103,C00453,REQ-1018,2026-04-30 06:01:29,Offer,true,P0336,REQK0018,Data,USERK0001,USERK0006,20260430
A00104,C00588,REQ-1022,2025-12-01 10:24:01,Withdrawn,false,P0019,REQK0022,Data,USERK0003,USERK0006,20251201
A00105,C00209,REQ-1025,2025-12-28 03:10:00,Rejected,false,P0009,REQK0025,People,USERK0002,USERK0009,20251228
A00106,C00016,REQ-1009,2025-12-28 12:01:30,Withdrawn,false,P0183,REQK0009,Finance,USERK0003,USERK0008,20251228
A00108,C00593,REQ-1025,2026-04-20 15:24:50,Withdrawn,false,P0208,REQK0025,People,USERK0002,USERK0009,20260420
A00109,C00116,REQ-1007,2026-01-15 05:43:03,Withdrawn,false,P0144,REQK0007,People,USERK0003,USERK0009,20260115
A00110,C00208,REQ-1003,2025-10-20 11:41:32,Withdrawn,false,P0507,REQK0003,Engineering,USERK0001,USERK0005,20251020
A00112,C00293,REQ-1020,2026-03-08 18:06:01,Offer,false,P0361,REQK0020,Engineering,USERK0003,USERK0010,20260308
A00113,C00596,REQ-1024,2026-05-25 21:25:21,Offer,true,P0351,REQK0024,Engineering,USERK0001,USERK0005,20260525
A00114,C00475,REQ-1010,2026-03-18 23:14:56,Hired,false,P0509,REQK0010,Engineering,USERK0003,USERK0005,20260318
A00115,C00506,REQ-1015,2026-06-13 23:01:04,Withdrawn,false,P0134,REQK0015,Engineering,USERK0003,USERK0010,20260613
A00116,C00182,REQ-1005,2026-05-20 03:45:27,Rejected,false,P0474,REQK0005,Sales,USERK0004,USERK0012,20260520
A00117,C00162,REQ-1008,2026-05-25 13:30:45,Offer,true,P0439,REQK0008,Sales,USERK0002,USERK0012,20260525
A00118,C00452,REQ-1003,2025-12-03 23:42:21,Offer,true,P0406,REQK0003,Engineering,USERK0001,USERK0005,20251203
A00119,C00020,REQ-1001,2026-05-27 21:24:30,Withdrawn,false,P0320,REQK0001,Data,USERK0003,USERK0006,20260527
A00120,C00310,REQ-1002,2026-01-11 13:10:27,Rejected,false,P0035,REQK0002,Sales,USERK0003,USERK0007,20260111
A00121,C00044,REQ-1002,2026-06-19 08:30:01,Offer,true,P0248,REQK0002,Sales,USERK0003,USERK0007,20260619
A00122,C00059,REQ-1012,2026-01-03 18:28:38,Withdrawn,false,P0155,REQK0012,Sales,USERK0002,USERK0012,20260103
A00123,C00525,REQ-1005,2026-04-24 15:01:59,Withdrawn,false,P0221,REQK0005,Sales,USERK0004,USERK0012,20260424
A00124,C00005,REQ-1026,2026-06-11 11:56:51,Rejected,false,P0469,REQK0026,Sales,USERK0004,USERK0007,20260611
A00125,C00434,REQ-1004,2026-05-04 14:06:56,Hired,false,P0074,REQK0004,Finance,USERK0002,USERK0008,20260504
A00126,C00159,REQ-1006,2026-07-11 05:37:19,Withdrawn,false,P0356,REQK0006,Data,USERK0003,USERK0011,20260711
A00127,C00059,REQ-1001,2026-06-21 18:46:28,Rejected,false,P0155,REQK0001,Data,USERK0003,USERK0006,20260621
A00128,C00026,REQ-1016,2026-03-09 02:04:33,Withdrawn,false,P0302,REQK0016,Sales,USERK0002,USERK0012,20260309
A00129,C00113,REQ-1006,2026-06-29 13:21:34,Screen,true,P0065,REQK0006,Data,USERK0003,USERK0011,20260629
A00130,C00583,REQ-1013,2026-04-24 07:54:53,Withdrawn,false,P0272,REQK0013,People,USERK0001,USERK0009,20260424
A00131,C00545,REQ-1023,2026-03-09 03:49:38,Withdrawn,false,P0303,REQK0023,People,USERK0001,USERK0009,20260309
A00132,C00440,REQ-1002,2026-06-17 01:49:53,Interview,true,P0057,REQK0002,Sales,USERK0003,USERK0007,20260617
A00134,C00224,REQ-1007,2026-06-27 07:37:50,Rejected,false,P0270,REQK0007,People,USERK0003,USERK0009,20260627
A00135,C00111,REQ-1011,2025-11-10 06:59:19,Interview,true,P0338,REQK0011,Engineering,USERK0002,USERK0010,20251110
A00136,C00115,REQ-1015,2026-03-05 10:19:04,Withdrawn,false,P0166,REQK0015,Engineering,USERK0003,USERK0010,20260305
A00137,C00025,REQ-1012,2026-07-09 13:13:12,Interview,true,P0482,REQK0012,Sales,USERK0002,USERK0012,20260709
A00138,C00113,REQ-1003,2026-04-06 10:48:13,Hired,false,P0065,REQK0003,Engineering,USERK0001,USERK0005,20260406
A00139,C00496,REQ-1022,2026-06-19 13:49:08,Interview,true,P0116,REQK0022,Data,USERK0003,USERK0006,20260619
A00140,C00155,REQ-1006,2026-01-18 14:46:23,Rejected,false,P0404,REQK0006,Data,USERK0003,USERK0011,20260118
A00141,C00467,REQ-1011,2026-05-03 13:12:37,Rejected,false,P0225,REQK0011,Engineering,USERK0002,USERK0010,20260503
A00142,C00127,REQ-1010,2026-06-02 18:31:14,Rejected,false,P0489,REQK0010,Engineering,USERK0003,USERK0005,20260602
A00144,C00429,REQ-1008,2026-06-27 12:17:51,Withdrawn,false,P0347,REQK0008,Sales,USERK0002,USERK0012,20260627
A00145,C00064,REQ-1008,2026-04-21 13:50:11,Hired,false,P0282,REQK0008,Sales,USERK0002,USERK0012,20260421
A00146,C00325,REQ-1003,2026-02-04 01:50:39,Withdrawn,false,P0331,REQK0003,Engineering,USERK0001,USERK0005,20260204
A00147,C00180,REQ-1012,2025-09-27 03:59:50,Rejected,false,P0397,REQK0012,Sales,USERK0002,USERK0012,20250927
A00148,C00587,REQ-1012,2025-10-06 04:02:56,Withdrawn,false,P0054,REQK0012,Sales,USERK0002,USERK0012,20251006
A00149,C00014,REQ-1015,2026-05-03 17:51:40,Rejected,false,P0087,REQK0015,Engineering,USERK0003,USERK0010,20260503
A00150,C00499,REQ-1022,2025-10-18 23:36:03,Withdrawn,false,P0459,REQK0022,Data,USERK0003,USERK0006,20251018
A00151,C00254,REQ-1011,2026-05-23 17:39:05,Offer,true,P0424,REQK0011,Engineering,USERK0002,USERK0010,20260523
A00152,C00590,REQ-1017,2026-05-07 11:29:21,Rejected,false,P0074,REQK0017,Data,USERK0001,USERK0011,20260507
A00153,C00105,REQ-1013,2026-04-25 17:20:20,Rejected,false,P0506,REQK0013,People,USERK0001,USERK0009,20260425
A00154,C00262,REQ-1021,2026-06-03 05:56:35,Interview,false,P0452,REQK0021,Finance,USERK0001,USERK0008,20260603
A00155,C00470,REQ-1020,2026-06-26 19:02:09,Rejected,false,P0107,REQK0020,Engineering,USERK0003,USERK0010,20260626
A00156,C00585,REQ-1003,2026-04-01 11:27:32,Rejected,false,P0040,REQK0003,Engineering,USERK0001,USERK0005,20260401
A00157,C00165,REQ-1008,2026-05-31 21:10:14,Withdrawn,false,P0388,REQK0008,Sales,USERK0002,USERK0012,20260531
A00158,C00013,REQ-1017,2026-05-30 18:41:30,Hired,false,P0510,REQK0017,Data,USERK0001,USERK0011,20260530
A00159,C00117,REQ-1006,2026-05-27 15:41:45,Hired,false,P0352,REQK0006,Data,USERK0003,USERK0011,20260527
A00160,C00199,REQ-1006,2026-05-23 20:28:29,Withdrawn,false,P0138,REQK0006,Data,USERK0003,USERK0011,20260523
A00161,C00311,REQ-1019,2026-05-29 22:36:51,Withdrawn,false,P0524,REQK0019,Engineering,USERK0004,USERK0010,20260529
A00162,C00062,REQ-1003,2025-11-07 07:53:04,Hired,false,P0018,REQK0003,Engineering,USERK0001,USERK0005,20251107
A00163,C00049,REQ-1016,2026-04-27 14:50:57,Withdrawn,false,P0246,REQK0016,Sales,USERK0002,USERK0012,20260427
A00164,C00518,REQ-1025,2025-10-31 23:23:18,Rejected,false,P0375,REQK0025,People,USERK0002,USERK0009,20251031
A00165,C00281,REQ-1025,2026-01-06 21:15:48,Withdrawn,false,P0202,REQK0025,People,USERK0002,USERK0009,20260106
A00166,C00383,REQ-1018,2025-12-14 19:22:24,Withdrawn,false,P0106,REQK0018,Data,USERK0001,USERK0006,20251214
A00167,C00253,REQ-1006,2026-01-25 01:06:16,Withdrawn,false,P0001,REQK0006,Data,USERK0003,USERK0011,20260125
A00168,C00495,REQ-1017,2026-04-08 09:40:38,Offer,true,P0194,REQK0017,Data,USERK0001,USERK0011,20260408
A00169,C00265,REQ-1024,2026-04-28 18:59:16,Rejected,false,P0054,REQK0024,Engineering,USERK0001,USERK0005,20260428
A00170,C00474,REQ-1022,2026-04-07 12:14:49,Hired,false,P0349,REQK0022,Data,USERK0003,USERK0006,20260407
A00171,C00442,REQ-1018,2026-03-11 07:33:36,Withdrawn,false,P0490,REQK0018,Data,USERK0001,USERK0006,20260311
A00172,C00361,REQ-1003,2026-05-12 20:36:32,Withdrawn,false,P0371,REQK0003,Engineering,USERK0001,USERK0005,20260512
A00173,C00571,REQ-1006,2026-01-30 17:17:40,Rejected,false,P0293,REQK0006,Data,USERK0003,USERK0011,20260130
A00174,C00374,REQ-1017,2026-03-10 08:36:37,Withdrawn,false,P0279,REQK0017,Data,USERK0001,USERK0011,20260310
A00175,C00168,REQ-1008,2026-04-28 07:44:08,Rejected,false,P0265,REQK0008,Sales,USERK0002,USERK0012,20260428
A00176,C00168,REQ-1023,2026-05-18 17:53:42,Withdrawn,false,P0265,REQK0023,People,USERK0001,USERK0009,20260518
A00177,C00338,REQ-1007,2026-06-14 00:36:44,Rejected,false,P0063,REQK0007,People,USERK0003,USERK0009,20260614
A00178,C00137,REQ-1022,2026-05-30 06:20:29,Rejected,false,P0393,REQK0022,Data,USERK0003,USERK0006,20260530
A00179,C00413,REQ-1008,2026-07-02 20:23:03,Rejected,false,P0226,REQK0008,Sales,USERK0002,USERK0012,20260702
A00180,C00159,REQ-1012,2026-05-06 04:17:53,Rejected,false,P0356,REQK0012,Sales,USERK0002,USERK0012,20260506
A00181,C00320,REQ-1023,2026-03-28 03:45:22,Withdrawn,false,P0175,REQK0023,People,USERK0001,USERK0009,20260328
A00182,C00101,REQ-1007,2026-04-04 15:22:58,Rejected,false,P0192,REQK0007,People,USERK0003,USERK0009,20260404
A00183,C00429,REQ-1004,2026-04-28 14:02:24,Hired,false,P0347,REQK0004,Finance,USERK0002,USERK0008,20260428
A00184,C00042,REQ-1017,2026-04-10 03:32:51,Withdrawn,false,P0050,REQK0017,Data,USERK0001,USERK0011,20260410
A00185,C00434,REQ-1014,2025-12-24 09:03:19,Hired,false,P0074,REQK0014,People,USERK0004,USERK0009,20251224
A00186,C00321,REQ-1024,2026-06-16 03:14:54,Withdrawn,false,P0030,REQK0024,Engineering,USERK0001,USERK0005,20260616
A00187,C00218,REQ-1012,2026-05-30 14:38:26,Hired,false,P0136,REQK0012,Sales,USERK0002,USERK0012,20260530
A00188,C00071,REQ-1022,2026-01-13 03:43:35,Withdrawn,false,P0330,REQK0022,Data,USERK0003,USERK0006,20260113
A00189,C00308,REQ-1003,2026-06-09 12:36:31,Withdrawn,false,P0296,REQK0003,Engineering,USERK0001,USERK0005,20260609
A00190,C00085,REQ-1023,2026-04-21 10:25:55,Rejected,false,P0342,REQK0023,People,USERK0001,USERK0009,20260421
A00191,C00341,REQ-1018,2025-12-30 11:31:18,Rejected,false,P0135,REQK0018,Data,USERK0001,USERK0006,20251230
A00192,C00122,REQ-1015,2026-05-02 21:08:33,Withdrawn,false,P0334,REQK0015,Engineering,USERK0003,USERK0010,20260502
A00193,C00131,REQ-1019,2026-05-05 15:15:45,Withdrawn,false,P0428,REQK0019,Engineering,USERK0004,USERK0010,20260505
A00194,C00099,REQ-1007,2026-04-25 03:06:25,Withdrawn,false,P0066,REQK0007,People,USERK0003,USERK0009,20260425
A00195,C00230,REQ-1026,2026-04-19 12:03:44,Withdrawn,false,P0500,REQK0026,Sales,USERK0004,USERK0007,20260419
A00196,C00027,REQ-1009,2026-04-06 13:48:04,Rejected,false,P0516,REQK0009,Finance,USERK0003,USERK0008,20260406
A00197,C00130,REQ-1011,2025-11-13 05:56:11,Withdrawn,false,P0055,REQK0011,Engineering,USERK0002,USERK0010,20251113
A00198,C00278,REQ-1006,2026-01-15 13:13:56,Withdrawn,false,P0179,REQK0006,Data,USERK0003,USERK0011,20260115
A00199,C00133,REQ-1012,2025-11-25 21:54:57,Rejected,false,P0020,REQK0012,Sales,USERK0002,USERK0012,20251125
A00200,C00141,REQ-1003,2026-06-17 22:59:32,Offer,true,P0351,REQK0003,Engineering,USERK0001,USERK0005,20260617
A00201,C00155,REQ-1005,2026-03-26 11:05:50,Withdrawn,false,P0404,REQK0005,Sales,USERK0004,USERK0012,20260326
A00202,C00406,REQ-1017,2026-03-28 07:59:05,Withdrawn,false,P0132,REQK0017,Data,USERK0001,USERK0011,20260328
A00203,C00296,REQ-1013,2026-02-10 11:15:03,Withdrawn,false,P0232,REQK0013,People,USERK0001,USERK0009,20260210
A00204,C00331,REQ-1001,2026-05-19 03:57:57,Rejected,false,P0244,REQK0001,Data,USERK0003,USERK0006,20260519
A00205,C00601,REQ-1022,2026-04-01 09:58:07,Offer,true,P0049,REQK0022,Data,USERK0003,USERK0006,20260401
A00206,C00452,REQ-1007,2025-11-13 07:59:55,Rejected,false,P0406,REQK0007,People,USERK0003,USERK0009,20251113
A00207,C00492,REQ-1025,2026-02-21 14:07:39,Withdrawn,false,P0535,REQK0025,People,USERK0002,USERK0009,20260221
A00208,C00152,REQ-1016,2026-06-11 17:49:27,Interview,false,P0484,REQK0016,Sales,USERK0002,USERK0012,20260611
A00209,C00215,REQ-1022,2025-12-21 09:42:19,Withdrawn,false,P0288,REQK0022,Data,USERK0003,USERK0006,20251221
A00210,C00444,REQ-1011,2026-02-11 05:52:47,Withdrawn,false,P0170,REQK0011,Engineering,USERK0002,USERK0010,20260211
A00211,C00600,REQ-1026,2026-05-05 05:59:17,Withdrawn,false,P0325,REQK0026,Sales,USERK0004,USERK0007,20260505
A00212,C00088,REQ-1014,2025-11-24 01:00:05,Withdrawn,false,P0163,REQK0014,People,USERK0004,USERK0009,20251124
A00213,C00405,REQ-1014,2026-01-13 20:18:56,Hired,false,P0359,REQK0014,People,USERK0004,USERK0009,20260113
A00214,C00159,REQ-1001,2026-07-02 14:16:27,Offer,true,P0356,REQK0001,Data,USERK0003,USERK0006,20260702
A00215,C00379,REQ-1007,2025-12-25 10:37:38,Rejected,false,P0110,REQK0007,People,USERK0003,USERK0009,20251225
A00216,C00407,REQ-1003,2026-01-25 22:38:33,Screen,false,P0365,REQK0003,Engineering,USERK0001,USERK0005,20260125
A00217,C00007,REQ-1003,2026-07-09 10:24:02,Rejected,false,P0337,REQK0003,Engineering,USERK0001,USERK0005,20260709
A00218,C00443,REQ-1026,2026-05-15 16:18:35,Interview,false,P0043,REQK0026,Sales,USERK0004,USERK0007,20260515
A00219,C00190,REQ-1018,2026-04-14 06:01:39,Offer,true,P0005,REQK0018,Data,USERK0001,USERK0006,20260414
A00220,C00248,REQ-1022,2025-12-29 06:50:10,Rejected,false,P0045,REQK0022,Data,USERK0003,USERK0006,20251229
A00221,C00089,REQ-1010,2026-04-01 12:27:33,Rejected,false,P0154,REQK0010,Engineering,USERK0003,USERK0005,20260401
A00222,C00556,REQ-1008,2026-04-06 20:34:46,Withdrawn,false,P0504,REQK0008,Sales,USERK0002,USERK0012,20260406
A00223,C00439,REQ-1001,2026-06-11 00:47:01,Offer,true,P0230,REQK0001,Data,USERK0003,USERK0006,20260611
A00224,C00361,REQ-1001,2026-05-05 06:38:02,Rejected,false,P0371,REQK0001,Data,USERK0003,USERK0006,20260505
A00225,C00224,REQ-1004,2026-07-08 17:10:07,Withdrawn,false,P0270,REQK0004,Finance,USERK0002,USERK0008,20260708
A00226,C00387,REQ-1017,2026-03-30 06:44:47,Rejected,false,P0493,REQK0017,Data,USERK0001,USERK0011,20260330
A00227,C00573,REQ-1009,2026-06-07 09:59:12,Withdrawn,false,P0057,REQK0009,Finance,USERK0003,USERK0008,20260607
A00228,C00361,REQ-1019,2026-06-11 15:42:10,Offer,true,P0371,REQK0019,Engineering,USERK0004,USERK0010,20260611
A00229,C00434,REQ-1021,2026-07-05 07:48:55,Withdrawn,false,P0074,REQK0021,Finance,USERK0001,USERK0008,20260705
A00230,C00272,REQ-1023,2026-07-11 00:40:20,Screen,true,P0560,REQK0023,People,USERK0001,USERK0009,20260711
A00231,C00320,REQ-1024,2026-05-16 08:09:26,Rejected,false,P0175,REQK0024,Engineering,USERK0001,USERK0005,20260516
A00232,C00267,REQ-1024,2026-05-15 07:55:06,Rejected,false,P0254,REQK0024,Engineering,USERK0001,USERK0005,20260515
A00233,C00242,REQ-1001,2026-05-17 23:02:32,Rejected,false,P0398,REQK0001,Data,USERK0003,USERK0006,20260517
A00234,C00210,REQ-1005,2026-04-08 08:55:39,Hired,false,P0032,REQK0005,Sales,USERK0004,USERK0012,20260408
A00235,C00167,REQ-1016,2026-05-27 03:06:47,Withdrawn,false,P0229,REQK0016,Sales,USERK0002,USERK0012,20260527
A00236,C00436,REQ-1014,2026-05-24 01:56:38,Rejected,false,P0083,REQK0014,People,USERK0004,USERK0009,20260524
A00237,C00303,REQ-1001,2026-06-07 20:25:47,Rejected,false,P0006,REQK0001,Data,USERK0003,USERK0006,20260607
A00238,C00457,REQ-1025,2026-04-04 18:24:04,Withdrawn,false,P0453,REQK0025,People,USERK0002,USERK0009,20260404
A00239,C00174,REQ-1001,2026-05-16 18:04:51,Hired,false,P0390,REQK0001,Data,USERK0003,USERK0006,20260516
A00240,C00568,REQ-1019,2026-05-27 14:18:56,Withdrawn,false,P0440,REQK0019,Engineering,USERK0004,USERK0010,20260527
A00242,C00283,REQ-1021,2026-04-21 12:34:06,Withdrawn,false,P0190,REQK0021,Finance,USERK0001,USERK0008,20260421
A00243,C00393,REQ-1026,2026-05-13 04:20:29,Withdrawn,false,P0530,REQK0026,Sales,USERK0004,USERK0007,20260513
A00244,C00057,REQ-1022,2026-02-10 01:18:17,Withdrawn,false,P0346,REQK0022,Data,USERK0003,USERK0006,20260210
A00245,C00512,REQ-1018,2026-03-31 15:43:04,Hired,false,P0283,REQK0018,Data,USERK0001,USERK0006,20260331
A00246,C00560,REQ-1007,2026-02-18 07:29:42,Hired,false,P0280,REQK0007,People,USERK0003,USERK0009,20260218
A00247,C00449,REQ-1025,2026-01-02 23:30:42,Hired,false,P0165,REQK0025,People,USERK0002,USERK0009,20260102
A00248,C00389,REQ-1023,2026-04-04 02:04:30,Rejected,false,P0381,REQK0023,People,USERK0001,USERK0009,20260404
A00250,C00095,REQ-1004,2026-05-27 20:24:03,Withdrawn,false,P0224,REQK0004,Finance,USERK0002,USERK0008,20260527
A00251,C00376,REQ-1025,2025-12-29 20:13:09,Withdrawn,false,P0354,REQK0025,People,USERK0002,USERK0009,20251229
A00252,C00025,REQ-1022,2026-02-18 11:43:10,Rejected,false,P0482,REQK0022,Data,USERK0003,USERK0006,20260218
A00253,C00093,REQ-1020,2026-06-05 04:18:30,Hired,false,P0150,REQK0020,Engineering,USERK0003,USERK0010,20260605
A00254,C00452,REQ-1011,2025-12-15 13:46:18,Withdrawn,false,P0406,REQK0011,Engineering,USERK0002,USERK0010,20251215
A00255,C00501,REQ-1011,2026-03-15 10:07:09,Rejected,false,P0304,REQK0011,Engineering,USERK0002,USERK0010,20260315
A00256,C00420,REQ-1022,2026-06-19 05:02:59,Withdrawn,false,P0243,REQK0022,Data,USERK0003,USERK0006,20260619
A00257,C00051,REQ-1008,2026-04-24 09:13:00,Rejected,false,P0068,REQK0008,Sales,USERK0002,USERK0012,20260424
A00258,C00185,REQ-1010,2026-04-23 05:02:52,Rejected,false,P0502,REQK0010,Engineering,USERK0003,USERK0005,20260423
A00259,C00256,REQ-1024,2026-04-29 21:14:58,Rejected,false,P0434,REQK0024,Engineering,USERK0001,USERK0005,20260429
A00260,C00556,REQ-1004,2026-06-27 01:22:42,Withdrawn,false,P0504,REQK0004,Finance,USERK0002,USERK0008,20260627
A00261,C00184,REQ-1004,2026-06-28 14:53:53,Rejected,false,P0269,REQK0004,Finance,USERK0002,USERK0008,20260628
A00262,C00131,REQ-1016,2026-04-19 13:05:55,Rejected,false,P0428,REQK0016,Sales,USERK0002,USERK0012,20260419
A00264,C00228,REQ-1022,2025-11-08 15:53:26,Hired,false,P0458,REQK0022,Data,USERK0003,USERK0006,20251108
A00265,C00430,REQ-1001,2026-05-20 16:39:21,Rejected,false,P0550,REQK0001,Data,USERK0003,USERK0006,20260520
A00266,C00028,REQ-1008,2026-04-04 19:39:15,Withdrawn,false,P0211,REQK0008,Sales,USERK0002,USERK0012,20260404
A00267,C00198,REQ-1005,2026-06-07 04:08:49,Rejected,false,P0126,REQK0005,Sales,USERK0004,USERK0012,20260607
A00268,C00264,REQ-1011,2025-12-16 11:51:03,Withdrawn,false,P0414,REQK0011,Engineering,USERK0002,USERK0010,20251216
A00269,C00264,REQ-1022,2026-03-14 12:51:31,Offer,true,P0414,REQK0022,Data,USERK0003,USERK0006,20260314
A00270,C00575,REQ-1006,2026-04-29 05:16:09,Hired,false,P0025,REQK0006,Data,USERK0003,USERK0011,20260429
A00271,C00094,REQ-1022,2026-07-04 15:34:39,Withdrawn,false,P0263,REQK0022,Data,USERK0003,USERK0006,20260704
A00272,C00040,REQ-1015,2026-04-18 20:58:16,Hired,false,P0016,REQK0015,Engineering,USERK0003,USERK0010,20260418
A00273,C00023,REQ-1017,2026-02-04 12:19:00,Withdrawn,false,P0488,REQK0017,Data,USERK0001,USERK0011,20260204
A00274,C00428,REQ-1004,2026-04-21 06:16:10,Hired,false,P0070,REQK0004,Finance,USERK0002,USERK0008,20260421
A00275,C00129,REQ-1008,2026-06-16 04:27:42,Rejected,false,P0438,REQK0008,Sales,USERK0002,USERK0012,20260616
A00276,C00311,REQ-1002,2025-11-14 14:30:54,Offer,false,P0524,REQK0002,Sales,USERK0003,USERK0007,20251114
A00277,C00168,REQ-1021,2026-06-03 12:01:19,Withdrawn,false,P0265,REQK0021,Finance,USERK0001,USERK0008,20260603
A00278,C00021,REQ-1004,2026-06-27 14:09:13,Rejected,false,P0267,REQK0004,Finance,USERK0002,USERK0008,20260627
A00279,C00419,REQ-1026,2026-04-27 20:23:09,Rejected,false,P0431,REQK0026,Sales,USERK0004,USERK0007,20260427
A00280,C00284,REQ-1016,2026-04-27 08:51:51,Withdrawn,false,P0059,REQK0016,Sales,USERK0002,USERK0012,20260427
A00281,C00446,REQ-1024,2026-05-07 21:25:51,Offer,true,P0156,REQK0024,Engineering,USERK0001,USERK0005,20260507
A00282,C00238,REQ-1016,2026-02-01 19:24:42,Offer,true,P0039,REQK0016,Sales,USERK0002,USERK0012,20260201
A00283,C00352,REQ-1012,2026-05-10 10:41:23,Withdrawn,false,P0542,REQK0012,Sales,USERK0002,USERK0012,20260510
A00284,C00419,REQ-1009,2026-06-01 17:14:44,Interview,true,P0431,REQK0009,Finance,USERK0003,USERK0008,20260601
A00285,C00016,REQ-1003,2026-03-17 17:13:43,Withdrawn,false,P0183,REQK0003,Engineering,USERK0001,USERK0005,20260317
A00286,C00499,REQ-1025,2026-06-12 00:49:20,Withdrawn,false,P0459,REQK0025,People,USERK0002,USERK0009,20260612
A00287,C00595,REQ-1018,2026-05-10 15:49:01,Withdrawn,false,P0080,REQK0018,Data,USERK0001,USERK0006,20260510
A00288,C00573,REQ-1015,2026-05-06 05:44:43,Withdrawn,false,P0057,REQK0015,Engineering,USERK0003,USERK0010,20260506
A00289,C00091,REQ-1026,2026-05-08 17:26:33,Withdrawn,false,P0289,REQK0026,Sales,USERK0004,USERK0007,20260508
A00290,C00223,REQ-1021,2026-06-13 15:27:22,Offer,true,P0481,REQK0021,Finance,USERK0001,USERK0008,20260613
A00291,C00532,REQ-1014,2025-11-11 01:06:16,Withdrawn,false,P0543,REQK0014,People,USERK0004,USERK0009,20251111
A00292,C00327,REQ-1018,2026-04-25 18:09:31,Rejected,false,P0082,REQK0018,Data,USERK0001,USERK0006,20260425
A00293,C00022,REQ-1004,2026-05-27 09:03:34,Offer,true,P0026,REQK0004,Finance,USERK0002,USERK0008,20260527
A00294,C00163,REQ-1018,2026-01-19 13:25:49,Screen,false,P0422,REQK0018,Data,USERK0001,USERK0006,20260119
A00295,C00110,REQ-1007,2026-04-20 15:11:29,Hired,false,P0266,REQK0007,People,USERK0003,USERK0009,20260420
A00296,C00568,REQ-1024,2026-06-09 19:51:09,Rejected,false,P0440,REQK0024,Engineering,USERK0001,USERK0005,20260609
A00297,C00022,REQ-1004,2026-04-15 12:36:07,Rejected,false,P0026,REQK0004,Finance,USERK0002,USERK0008,20260415
A00298,C00087,REQ-1013,2026-01-12 18:48:11,Hired,false,P0461,REQK0013,People,USERK0001,USERK0009,20260112
A00299,C00514,REQ-1023,2026-03-31 21:27:30,Rejected,false,P0264,REQK0023,People,USERK0001,USERK0009,20260331
A00300,C00050,REQ-1018,2026-06-16 00:57:50,Rejected,false,P0446,REQK0018,Data,USERK0001,USERK0006,20260616
A00301,C00158,REQ-1023,2026-03-26 16:01:22,Rejected,false,P0448,REQK0023,People,USERK0001,USERK0009,20260326
A00302,C00365,REQ-1019,2026-05-07 12:32:12,Withdrawn,false,P0454,REQK0019,Engineering,USERK0004,USERK0010,20260507
A00303,C00272,REQ-1017,2026-04-27 22:31:59,Withdrawn,false,P0560,REQK0017,Data,USERK0001,USERK0011,20260427
A00304,C00216,REQ-1004,2026-05-07 09:44:23,Withdrawn,false,P0058,REQK0004,Finance,USERK0002,USERK0008,20260507
A00305,C00127,REQ-1012,2026-01-20 00:32:08,Withdrawn,false,P0489,REQK0012,Sales,USERK0002,USERK0012,20260120
A00306,C00558,REQ-1014,2026-05-20 00:03:31,Screen,false,P0205,REQK0014,People,USERK0004,USERK0009,20260520
A00307,C00106,REQ-1010,2026-05-22 00:14:56,Offer,true,P0378,REQK0010,Engineering,USERK0003,USERK0005,20260522
A00308,C00203,REQ-1007,2026-01-15 20:08:45,Offer,false,P0169,REQK0007,People,USERK0003,USERK0009,20260115
A00309,C00166,REQ-1007,2025-11-27 16:48:26,Withdrawn,false,P0526,REQK0007,People,USERK0003,USERK0009,20251127
A00310,C00442,REQ-1023,2026-05-31 16:46:10,Withdrawn,false,P0490,REQK0023,People,USERK0001,USERK0009,20260531
A00311,C00027,REQ-1006,2026-06-11 05:29:16,Withdrawn,false,P0516,REQK0006,Data,USERK0003,USERK0011,20260611
A00312,C00131,REQ-1005,2026-04-19 11:52:39,Rejected,false,P0428,REQK0005,Sales,USERK0004,USERK0012,20260419
A00313,C00165,REQ-1011,2025-11-03 15:57:05,Screen,false,P0388,REQK0011,Engineering,USERK0002,USERK0010,20251103
A00314,C00202,REQ-1016,2026-06-08 12:03:15,Interview,true,P0215,REQK0016,Sales,USERK0002,USERK0012,20260608
A00315,C00367,REQ-1013,2026-01-10 04:54:50,Rejected,false,P0047,REQK0013,People,USERK0001,USERK0009,20260110
A00316,C00075,REQ-1006,2026-06-26 21:28:03,Withdrawn,false,P0376,REQK0006,Data,USERK0003,USERK0011,20260626
A00317,C00517,REQ-1024,2026-05-18 07:20:57,Withdrawn,false,P0024,REQK0024,Engineering,USERK0001,USERK0005,20260518
A00318,C00233,REQ-1022,2026-04-04 04:21:08,Rejected,false,P0119,REQK0022,Data,USERK0003,USERK0006,20260404
A00319,C00465,REQ-1015,2026-02-18 14:17:52,Hired,false,P0198,REQK0015,Engineering,USERK0003,USERK0010,20260218
A00320,C00251,REQ-1001,2026-05-22 01:30:16,Rejected,false,P0465,REQK0001,Data,USERK0003,USERK0006,20260522
A00321,C00352,REQ-1025,2025-11-04 04:09:56,Interview,true,P0542,REQK0025,People,USERK0002,USERK0009,20251104
A00322,C00416,REQ-1019,2026-07-11 14:42:21,Offer,true,P0095,REQK0019,Engineering,USERK0004,USERK0010,20260711
A00323,C00403,REQ-1022,2025-12-01 01:18:06,Withdrawn,false,P0405,REQK0022,Data,USERK0003,USERK0006,20251201
A00324,C00367,REQ-1019,2026-07-07 15:13:53,Withdrawn,false,P0047,REQK0019,Engineering,USERK0004,USERK0010,20260707
A00325,C00583,REQ-1015,2026-05-31 02:28:16,Offer,true,P0272,REQK0015,Engineering,USERK0003,USERK0010,20260531
A00326,C00489,REQ-1025,2025-11-05 15:44:20,Withdrawn,false,P0023,REQK0025,People,USERK0002,USERK0009,20251105
A00327,C00140,REQ-1012,2026-03-01 14:57:26,Offer,true,P0003,REQK0012,Sales,USERK0002,USERK0012,20260301
A00328,C00399,REQ-1026,2026-06-26 09:27:34,Screen,false,P0549,REQK0026,Sales,USERK0004,USERK0007,20260626
A00329,C00277,REQ-1015,2026-07-01 09:48:00,Offer,true,P0187,REQK0015,Engineering,USERK0003,USERK0010,20260701
A00330,C00258,REQ-1002,2026-02-10 13:08:31,Withdrawn,false,P0100,REQK0002,Sales,USERK0003,USERK0007,20260210
A00331,C00140,REQ-1024,2026-06-22 02:18:13,Offer,true,P0003,REQK0024,Engineering,USERK0001,USERK0005,20260622
A00332,C00473,REQ-1012,2025-10-16 14:24:17,Withdrawn,false,P0137,REQK0012,Sales,USERK0002,USERK0012,20251016
A00333,C00307,REQ-1020,2026-06-17 11:37:50,Rejected,false,P0017,REQK0020,Engineering,USERK0003,USERK0010,20260617
A00334,C00106,REQ-1006,2026-04-28 16:39:38,Hired,false,P0378,REQK0006,Data,USERK0003,USERK0011,20260428
A00335,C00144,REQ-1007,2025-10-23 19:07:04,Hired,false,P0426,REQK0007,People,USERK0003,USERK0009,20251023
A00336,C00531,REQ-1004,2026-07-05 21:36:58,Withdrawn,false,P0077,REQK0004,Finance,USERK0002,USERK0008,20260705
A00337,C00300,REQ-1005,2026-04-29 00:17:01,Rejected,false,P0416,REQK0005,Sales,USERK0004,USERK0012,20260429
A00338,C00564,REQ-1006,2026-07-02 21:15:03,Withdrawn,false,P0130,REQK0006,Data,USERK0003,USERK0011,20260702
A00339,C00422,REQ-1023,2026-07-09 07:33:49,Rejected,false,P0363,REQK0023,People,USERK0001,USERK0009,20260709
A00340,C00550,REQ-1010,2026-03-18 18:19:50,Offer,false,P0278,REQK0010,Engineering,USERK0003,USERK0005,20260318
A00341,C00231,REQ-1019,2026-05-18 03:57:24,Rejected,false,P0442,REQK0019,Engineering,USERK0004,USERK0010,20260518
A00342,C00375,REQ-1014,2026-04-19 20:23:48,Withdrawn,false,P0374,REQK0014,People,USERK0004,USERK0009,20260419
A00343,C00389,REQ-1001,2026-05-02 06:00:51,Rejected,false,P0381,REQK0001,Data,USERK0003,USERK0006,20260502
A00344,C00168,REQ-1023,2026-03-11 17:47:08,Interview,true,P0265,REQK0023,People,USERK0001,USERK0009,20260311
A00345,C00118,REQ-1013,2026-03-30 02:56:17,Rejected,false,P0094,REQK0013,People,USERK0001,USERK0009,20260330
A00346,C00491,REQ-1017,2026-04-12 10:37:03,Withdrawn,false,P0473,REQK0017,Data,USERK0001,USERK0011,20260412
A00347,C00010,REQ-1026,2026-06-05 21:57:55,Rejected,false,P0007,REQK0026,Sales,USERK0004,USERK0007,20260605
A00348,C00536,REQ-1003,2026-03-27 12:02:59,Rejected,false,P0109,REQK0003,Engineering,USERK0001,USERK0005,20260327
A00349,C00323,REQ-1004,2026-05-31 08:07:31,Rejected,false,P0557,REQK0004,Finance,USERK0002,USERK0008,20260531
A00350,C00113,REQ-1002,2026-06-08 15:07:21,Rejected,false,P0065,REQK0002,Sales,USERK0003,USERK0007,20260608
A00351,C00148,REQ-1017,2026-03-17 07:16:29,Hired,false,P0276,REQK0017,Data,USERK0001,USERK0011,20260317
A00353,C00396,REQ-1021,2026-05-21 07:34:19,Rejected,false,P0415,REQK0021,Finance,USERK0001,USERK0008,20260521
A00354,C00399,REQ-1023,2026-03-12 20:16:45,Withdrawn,false,P0549,REQK0023,People,USERK0001,USERK0009,20260312
A00355,C00269,REQ-1007,2026-02-17 15:27:08,Rejected,false,P0152,REQK0007,People,USERK0003,USERK0009,20260217
A00356,C00208,REQ-1010,2026-04-28 21:36:17,Withdrawn,false,P0507,REQK0010,Engineering,USERK0003,USERK0005,20260428
A00357,C00575,REQ-1017,2026-05-29 21:11:35,Rejected,false,P0025,REQK0017,Data,USERK0001,USERK0011,20260529
A00358,C00143,REQ-1012,2025-10-12 04:48:26,Hired,false,P0041,REQK0012,Sales,USERK0002,USERK0012,20251012
A00359,C00167,REQ-1006,2026-04-29 13:31:27,Rejected,false,P0229,REQK0006,Data,USERK0003,USERK0011,20260429
A00360,C00159,REQ-1013,2026-02-13 16:36:05,Rejected,false,P0356,REQK0013,People,USERK0001,USERK0009,20260213
A00361,C00565,REQ-1026,2026-07-02 16:05:52,Screen,true,P0364,REQK0026,Sales,USERK0004,USERK0007,20260702
A00362,C00105,REQ-1015,2026-06-09 23:22:35,Withdrawn,false,P0506,REQK0015,Engineering,USERK0003,USERK0010,20260609
A00363,C00351,REQ-1023,2026-03-12 23:18:34,Withdrawn,false,P0455,REQK0023,People,USERK0001,USERK0009,20260312
A00364,C00420,REQ-1010,2026-06-23 13:38:41,Withdrawn,false,P0243,REQK0010,Engineering,USERK0003,USERK0005,20260623
A00365,C00565,REQ-1006,2026-06-13 19:31:01,Withdrawn,false,P0364,REQK0006,Data,USERK0003,USERK0011,20260613
A00366,C00192,REQ-1019,2026-06-30 08:37:13,Withdrawn,false,P0341,REQK0019,Engineering,USERK0004,USERK0010,20260630
A00367,C00478,REQ-1025,2025-12-17 12:14:40,Withdrawn,false,P0011,REQK0025,People,USERK0002,USERK0009,20251217
A00368,C00410,REQ-1018,2026-01-27 20:22:19,Withdrawn,false,P0168,REQK0018,Data,USERK0001,USERK0006,20260127
A00369,C00368,REQ-1003,2026-04-29 03:49:25,Rejected,false,P0527,REQK0003,Engineering,USERK0001,USERK0005,20260429
A00370,C00425,REQ-1015,2026-01-25 19:53:23,Withdrawn,false,P0358,REQK0015,Engineering,USERK0003,USERK0010,20260125
A00371,C00344,REQ-1025,2025-11-09 13:21:13,Rejected,false,P0291,REQK0025,People,USERK0002,USERK0009,20251109
A00372,C00085,REQ-1025,2025-11-23 08:06:57,Rejected,false,P0342,REQK0025,People,USERK0002,USERK0009,20251123
A00373,C00295,REQ-1007,2025-11-23 18:32:50,Rejected,false,P0146,REQK0007,People,USERK0003,USERK0009,20251123
A00374,C00034,REQ-1013,2026-04-04 14:50:43,Withdrawn,false,P0186,REQK0013,People,USERK0001,USERK0009,20260404
A00375,C00587,REQ-1018,2025-12-26 00:53:12,Rejected,false,P0054,REQK0018,Data,USERK0001,USERK0006,20251226
A00376,C00358,REQ-1002,2026-04-01 05:25:31,Withdrawn,false,P0293,REQK0002,Sales,USERK0003,USERK0007,20260401
A00377,C00052,REQ-1006,2026-01-11 15:54:46,Rejected,false,P0088,REQK0006,Data,USERK0003,USERK0011,20260111
A00378,C00391,REQ-1013,2026-03-18 22:53:34,Withdrawn,false,P0385,REQK0013,People,USERK0001,USERK0009,20260318
A00379,C00561,REQ-1025,2025-12-21 22:30:33,Rejected,false,P0149,REQK0025,People,USERK0002,USERK0009,20251221
A00380,C00518,REQ-1020,2026-06-19 13:02:30,Rejected,false,P0375,REQK0020,Engineering,USERK0003,USERK0010,20260619
A00381,C00193,REQ-1017,2026-05-04 03:19:53,Hired,false,P0343,REQK0017,Data,USERK0001,USERK0011,20260504
A00382,C00572,REQ-1018,2026-02-26 05:03:40,Interview,true,P0240,REQK0018,Data,USERK0001,USERK0006,20260226
A00383,C00156,REQ-1004,2026-04-26 06:51:03,Rejected,false,P0268,REQK0004,Finance,USERK0002,USERK0008,20260426
A00384,C00165,REQ-1023,2026-03-05 10:50:51,Rejected,false,P0388,REQK0023,People,USERK0001,USERK0009,20260305
A00385,C00358,REQ-1002,2026-02-08 05:33:50,Rejected,false,P0293,REQK0002,Sales,USERK0003,USERK0007,20260208
A00386,C00577,REQ-1020,2026-06-26 16:20:07,Offer,true,P0050,REQK0020,Engineering,USERK0003,USERK0010,20260626
A00387,C00437,REQ-1014,2026-04-19 18:57:13,Rejected,false,P0541,REQK0014,People,USERK0004,USERK0009,20260419
A00388,C00177,REQ-1026,2026-06-23 05:06:37,Interview,true,P0362,REQK0026,Sales,USERK0004,USERK0007,20260623
A00389,C00004,REQ-1012,2026-06-14 01:36:45,Offer,true,P0437,REQK0012,Sales,USERK0002,USERK0012,20260614
A00390,C00305,REQ-1003,2026-06-05 17:51:04,Offer,true,P0389,REQK0003,Engineering,USERK0001,USERK0005,20260605
A00391,C00474,REQ-1026,2026-04-15 13:28:31,Rejected,false,P0349,REQK0026,Sales,USERK0004,USERK0007,20260415
A00392,C00004,REQ-1023,2026-04-05 05:21:25,Withdrawn,false,P0437,REQK0023,People,USERK0001,USERK0009,20260405
A00393,C00298,REQ-1009,2025-11-19 15:05:27,Rejected,false,P0177,REQK0009,Finance,USERK0003,USERK0008,20251119
A00394,C00483,REQ-1009,2025-11-03 18:51:15,Hired,false,P0292,REQK0009,Finance,USERK0003,USERK0008,20251103
A00395,C00254,REQ-1007,2025-10-10 14:22:40,Interview,false,P0424,REQK0007,People,USERK0003,USERK0009,20251010
A00396,C00278,REQ-1020,2026-05-05 09:42:06,Withdrawn,false,P0179,REQK0020,Engineering,USERK0003,USERK0010,20260505
A00397,C00593,REQ-1006,2026-02-18 09:19:13,Withdrawn,false,P0208,REQK0006,Data,USERK0003,USERK0011,20260218
A00398,C00554,REQ-1014,2026-02-16 22:25:27,Hired,false,P0060,REQK0014,People,USERK0004,USERK0009,20260216
A00399,C00486,REQ-1024,2026-05-30 18:15:20,Withdrawn,false,P0307,REQK0024,Engineering,USERK0001,USERK0005,20260530
A00400,C00339,REQ-1026,2026-04-30 02:46:26,Withdrawn,false,P0037,REQK0026,Sales,USERK0004,USERK0007,20260430
A00401,C00320,REQ-1011,2025-10-04 15:05:37,Withdrawn,false,P0175,REQK0011,Engineering,USERK0002,USERK0010,20251004
A00402,C00163,REQ-1022,2025-10-12 21:02:02,Rejected,false,P0422,REQK0022,Data,USERK0003,USERK0006,20251012
A00403,C00487,REQ-1022,2026-03-25 16:45:17,Rejected,false,P0324,REQK0022,Data,USERK0003,USERK0006,20260325
A00404,C00075,REQ-1001,2026-07-09 20:24:13,Interview,true,P0376,REQK0001,Data,USERK0003,USERK0006,20260709
A00405,C00586,REQ-1020,2026-05-13 17:31:36,Hired,false,P0459,REQK0020,Engineering,USERK0003,USERK0010,20260513
A00406,C00170,REQ-1021,2026-05-08 09:12:17,Rejected,false,P0008,REQK0021,Finance,USERK0001,USERK0008,20260508
A00407,C00464,REQ-1023,2026-05-14 07:53:33,Withdrawn,false,P0091,REQK0023,People,USERK0001,USERK0009,20260514
A00408,C00293,REQ-1007,2026-05-06 15:07:43,Offer,false,P0361,REQK0007,People,USERK0003,USERK0009,20260506
A00409,C00052,REQ-1024,2026-06-10 14:57:37,Rejected,false,P0088,REQK0024,Engineering,USERK0001,USERK0005,20260610
A00410,C00295,REQ-1014,2026-03-27 20:42:22,Hired,false,P0146,REQK0014,People,USERK0004,USERK0009,20260327
A00411,C00238,REQ-1007,2026-01-29 07:30:27,Offer,true,P0039,REQK0007,People,USERK0003,USERK0009,20260129
A00412,C00311,REQ-1014,2026-06-14 15:57:27,Withdrawn,false,P0524,REQK0014,People,USERK0004,USERK0009,20260614
A00413,C00260,REQ-1004,2026-05-26 02:09:30,Withdrawn,false,P0445,REQK0004,Finance,USERK0002,USERK0008,20260526
A00414,C00511,REQ-1001,2026-05-06 03:27:49,Hired,false,P0353,REQK0001,Data,USERK0003,USERK0006,20260506
A00415,C00526,REQ-1003,2026-06-17 10:19:24,Rejected,false,P0072,REQK0003,Engineering,USERK0001,USERK0005,20260617
A00416,C00510,REQ-1008,2026-05-25 11:50:23,Withdrawn,false,P0382,REQK0008,Sales,USERK0002,USERK0012,20260525
A00417,C00342,REQ-1011,2026-03-11 18:13:48,Hired,false,P0131,REQK0011,Engineering,USERK0002,USERK0010,20260311
A00418,C00357,REQ-1023,2026-05-03 20:29:29,Rejected,false,P0216,REQK0023,People,USERK0001,USERK0009,20260503
A00419,C00183,REQ-1017,2025-12-04 19:40:43,Rejected,false,P0214,REQK0017,Data,USERK0001,USERK0011,20251204
A00420,C00474,REQ-1018,2026-02-10 07:51:24,Rejected,false,P0349,REQK0018,Data,USERK0001,USERK0006,20260210
A00421,C00471,REQ-1017,2025-12-27 05:20:35,Rejected,false,P0114,REQK0017,Data,USERK0001,USERK0011,20251227
A00422,C00121,REQ-1001,2026-06-26 04:21:25,Offer,true,P0076,REQK0001,Data,USERK0003,USERK0006,20260626
A00423,C00162,REQ-1007,2026-03-01 16:52:57,Withdrawn,false,P0439,REQK0007,People,USERK0003,USERK0009,20260301
A00424,C00547,REQ-1022,2025-10-17 17:04:23,Withdrawn,false,P0313,REQK0022,Data,USERK0003,USERK0006,20251017
A00425,C00220,REQ-1024,2026-05-09 10:21:04,Withdrawn,false,P0181,REQK0024,Engineering,USERK0001,USERK0005,20260509
A00426,C00455,REQ-1025,2026-04-12 04:53:27,Offer,true,P0295,REQK0025,People,USERK0002,USERK0009,20260412
A00427,C00574,REQ-1004,2026-07-01 07:38:28,Screen,false,P0497,REQK0004,Finance,USERK0002,USERK0008,20260701
A00428,C00575,REQ-1023,2026-05-20 21:10:11,Withdrawn,false,P0025,REQK0023,People,USERK0001,USERK0009,20260520
A00429,C00013,REQ-1014,2026-07-01 07:38:26,Rejected,false,P0510,REQK0014,People,USERK0004,USERK0009,20260701
A00430,C00565,REQ-1007,2026-03-14 20:37:54,Withdrawn,false,P0364,REQK0007,People,USERK0003,USERK0009,20260314
A00431,C00006,REQ-1021,2026-05-01 18:24:46,Withdrawn,false,P0456,REQK0021,Finance,USERK0001,USERK0008,20260501
A00432,C00135,REQ-1016,2026-04-07 14:38:27,Withdrawn,false,P0394,REQK0016,Sales,USERK0002,USERK0012,20260407
A00433,C00088,REQ-1021,2026-05-10 15:24:28,Withdrawn,false,P0163,REQK0021,Finance,USERK0001,USERK0008,20260510
A00434,C00597,REQ-1018,2026-06-26 06:38:25,Screen,true,P0141,REQK0018,Data,USERK0001,USERK0006,20260626
A00435,C00577,REQ-1008,2026-07-11 06:53:20,Screen,true,P0050,REQK0008,Sales,USERK0002,USERK0012,20260711
A00436,C00388,REQ-1022,2025-11-05 22:50:07,Rejected,false,P0427,REQK0022,Data,USERK0003,USERK0006,20251105
A00437,C00404,REQ-1011,2026-01-25 16:42:40,Offer,false,P0212,REQK0011,Engineering,USERK0002,USERK0010,20260125
A00438,C00354,REQ-1022,2025-12-07 23:41:26,Hired,false,P0174,REQK0022,Data,USERK0003,USERK0006,20251207
A00439,C00084,REQ-1026,2026-06-19 23:32:37,Offer,true,P0078,REQK0026,Sales,USERK0004,USERK0007,20260619
A00440,C00440,REQ-1019,2026-06-12 13:34:41,Screen,false,P0057,REQK0019,Engineering,USERK0004,USERK0010,20260612
A00442,C00153,REQ-1007,2026-03-31 14:04:49,Withdrawn,false,P0309,REQK0007,People,USERK0003,USERK0009,20260331
A00443,C00421,REQ-1010,2026-06-30 22:44:52,Rejected,false,P0061,REQK0010,Engineering,USERK0003,USERK0005,20260630
A00444,C00284,REQ-1026,2026-05-26 08:04:12,Withdrawn,false,P0059,REQK0026,Sales,USERK0004,USERK0007,20260526
A00445,C00122,REQ-1017,2026-01-14 10:59:37,Rejected,false,P0334,REQK0017,Data,USERK0001,USERK0011,20260114
A00446,C00074,REQ-1004,2026-06-22 19:57:48,Withdrawn,false,P0310,REQK0004,Finance,USERK0002,USERK0008,20260622
A00447,C00188,REQ-1012,2025-11-19 01:57:12,Withdrawn,false,P0457,REQK0012,Sales,USERK0002,USERK0012,20251119
A00448,C00163,REQ-1025,2026-06-01 22:39:09,Withdrawn,false,P0422,REQK0025,People,USERK0002,USERK0009,20260601
A00449,C00437,REQ-1007,2025-10-17 00:28:29,Withdrawn,false,P0541,REQK0007,People,USERK0003,USERK0009,20251017
A00450,C00149,REQ-1026,2026-04-26 03:38:47,Withdrawn,false,P0274,REQK0026,Sales,USERK0004,USERK0007,20260426
A00451,C00458,REQ-1002,2026-04-07 10:50:38,Hired,false,P0410,REQK0002,Sales,USERK0003,USERK0007,20260407
A00452,C00405,REQ-1017,2026-06-14 01:05:12,Offer,true,P0359,REQK0017,Data,USERK0001,USERK0011,20260614
A00453,C00571,REQ-1024,2026-07-07 21:53:43,Rejected,false,P0293,REQK0024,Engineering,USERK0001,USERK0005,20260707
A00454,C00118,REQ-1006,2026-04-27 10:43:32,Withdrawn,false,P0094,REQK0006,Data,USERK0003,USERK0011,20260427
A00455,C00275,REQ-1006,2026-04-30 21:49:03,Rejected,false,P0360,REQK0006,Data,USERK0003,USERK0011,20260430
A00456,C00248,REQ-1012,2025-11-01 11:47:24,Withdrawn,false,P0045,REQK0012,Sales,USERK0002,USERK0012,20251101
A00457,C00459,REQ-1022,2026-05-11 22:52:14,Hired,false,P0383,REQK0022,Data,USERK0003,USERK0006,20260511
A00458,C00265,REQ-1024,2026-06-22 13:24:39,Interview,false,P0054,REQK0024,Engineering,USERK0001,USERK0005,20260622
A00459,C00079,REQ-1014,2026-01-09 21:41:35,Withdrawn,false,P0319,REQK0014,People,USERK0004,USERK0009,20260109
A00460,C00560,REQ-1025,2025-09-18 15:47:13,Interview,false,P0280,REQK0025,People,USERK0002,USERK0009,20250918
A00461,C00410,REQ-1006,2026-04-27 10:36:18,Withdrawn,false,P0168,REQK0006,Data,USERK0003,USERK0011,20260427
A00462,C00477,REQ-1022,2026-03-14 07:41:00,Offer,true,P0231,REQK0022,Data,USERK0003,USERK0006,20260314
A00463,C00214,REQ-1023,2026-06-05 05:41:10,Withdrawn,false,P0545,REQK0023,People,USERK0001,USERK0009,20260605
A00464,C00371,REQ-1003,2025-12-14 19:44:34,Rejected,false,P0249,REQK0003,Engineering,USERK0001,USERK0005,20251214
A00465,C00308,REQ-1007,2026-05-03 02:14:05,Rejected,false,P0296,REQK0007,People,USERK0003,USERK0009,20260503
A00467,C00074,REQ-1002,2025-11-26 15:43:54,Rejected,false,P0310,REQK0002,Sales,USERK0003,USERK0007,20251126
A00468,C00439,REQ-1003,2025-11-26 12:37:24,Offer,true,P0230,REQK0003,Engineering,USERK0001,USERK0005,20251126
A00469,C00428,REQ-1007,2026-06-27 14:20:51,Rejected,false,P0070,REQK0007,People,USERK0003,USERK0009,20260627
A00470,C00475,REQ-1009,2026-03-30 17:30:17,Rejected,false,P0509,REQK0009,Finance,USERK0003,USERK0008,20260330
A00471,C00473,REQ-1012,2026-04-04 05:35:00,Rejected,false,P0137,REQK0012,Sales,USERK0002,USERK0012,20260404
A00472,C00063,REQ-1002,2026-03-07 05:23:02,Withdrawn,false,P0188,REQK0002,Sales,USERK0003,USERK0007,20260307
A00473,C00197,REQ-1007,2026-04-09 06:51:28,Rejected,false,P0133,REQK0007,People,USERK0003,USERK0009,20260409
A00474,C00341,REQ-1012,2026-04-07 22:43:53,Rejected,false,P0135,REQK0012,Sales,USERK0002,USERK0012,20260407
A00475,C00444,REQ-1010,2026-05-30 09:18:02,Offer,true,P0170,REQK0010,Engineering,USERK0003,USERK0005,20260530
A00476,C00035,REQ-1025,2025-10-01 06:00:11,Rejected,false,P0193,REQK0025,People,USERK0002,USERK0009,20251001
A00477,C00388,REQ-1021,2026-06-18 13:08:29,Withdrawn,false,P0427,REQK0021,Finance,USERK0001,USERK0008,20260618
A00478,C00355,REQ-1007,2025-09-19 06:37:23,Withdrawn,false,P0518,REQK0007,People,USERK0003,USERK0009,20250919
A00479,C00576,REQ-1009,2026-02-23 23:22:18,Withdrawn,false,P0202,REQK0009,Finance,USERK0003,USERK0008,20260223
A00480,C00268,REQ-1016,2026-06-30 06:00:26,Withdrawn,false,P0496,REQK0016,Sales,USERK0002,USERK0012,20260630
A00481,C00093,REQ-1014,2025-12-14 21:01:18,Rejected,false,P0150,REQK0014,People,USERK0004,USERK0009,20251214
A00482,C00114,REQ-1015,2026-01-24 13:00:15,Rejected,false,P0301,REQK0015,Engineering,USERK0003,USERK0010,20260124
A00483,C00446,REQ-1013,2026-02-22 16:09:20,Rejected,false,P0156,REQK0013,People,USERK0001,USERK0009,20260222
A00484,C00482,REQ-1006,2026-05-16 05:50:59,Withdrawn,false,P0143,REQK0006,Data,USERK0003,USERK0011,20260516
A00485,C00199,REQ-1006,2026-04-09 06:35:16,Hired,false,P0138,REQK0006,Data,USERK0003,USERK0011,20260409
A00486,C00127,REQ-1008,2026-05-02 07:41:50,Rejected,false,P0489,REQK0008,Sales,USERK0002,USERK0012,20260502
A00487,C00366,REQ-1003,2025-12-31 14:34:31,Rejected,false,P0234,REQK0003,Engineering,USERK0001,USERK0005,20251231
A00488,C00158,REQ-1009,2026-01-20 21:38:11,Offer,true,P0448,REQK0009,Finance,USERK0003,USERK0008,20260120
A00489,C00557,REQ-1019,2026-06-10 22:03:07,Hired,false,P0027,REQK0019,Engineering,USERK0004,USERK0010,20260610
A00490,C00479,REQ-1024,2026-07-06 14:19:33,Screen,true,P0197,REQK0024,Engineering,USERK0001,USERK0005,20260706
A00491,C00435,REQ-1012,2026-01-08 07:54:25,Withdrawn,false,P0010,REQK0012,Sales,USERK0002,USERK0012,20260108
A00492,C00380,REQ-1021,2026-05-25 19:12:57,Rejected,false,P0521,REQK0021,Finance,USERK0001,USERK0008,20260525
A00493,C00372,REQ-1023,2026-06-12 19:04:14,Offer,true,P0322,REQK0023,People,USERK0001,USERK0009,20260612
A00494,C00284,REQ-1018,2026-04-19 20:36:25,Withdrawn,false,P0059,REQK0018,Data,USERK0001,USERK0006,20260419
A00495,C00160,REQ-1005,2026-06-25 14:17:58,Withdrawn,false,P0019,REQK0005,Sales,USERK0004,USERK0012,20260625
A00496,C00024,REQ-1003,2025-12-29 10:08:42,Withdrawn,false,P0546,REQK0003,Engineering,USERK0001,USERK0005,20251229
A00497,C00222,REQ-1015,2026-05-19 21:57:58,Withdrawn,false,P0227,REQK0015,Engineering,USERK0003,USERK0010,20260519
A00498,C00312,REQ-1016,2026-02-26 23:11:44,Withdrawn,false,P0139,REQK0016,Sales,USERK0002,USERK0012,20260226
A00499,C00004,REQ-1016,2026-05-03 16:37:12,Rejected,false,P0437,REQK0016,Sales,USERK0002,USERK0012,20260503
A00500,C00560,REQ-1024,2026-05-16 22:48:48,Rejected,false,P0280,REQK0024,Engineering,USERK0001,USERK0005,20260516
A00501,C00161,REQ-1008,2026-05-07 22:26:47,Rejected,false,P0104,REQK0008,Sales,USERK0002,USERK0012,20260507
A00502,C00034,REQ-1024,2026-06-15 05:46:41,Rejected,false,P0186,REQK0024,Engineering,USERK0001,USERK0005,20260615
A00503,C00419,REQ-1010,2026-03-31 21:54:56,Withdrawn,false,P0431,REQK0010,Engineering,USERK0003,USERK0005,20260331
A00504,C00067,REQ-1011,2025-12-06 17:05:35,Rejected,false,P0253,REQK0011,Engineering,USERK0002,USERK0010,20251206
A00505,C00123,REQ-1014,2026-05-26 22:16:22,Withdrawn,false,P0355,REQK0014,People,USERK0004,USERK0009,20260526
A00506,C00395,REQ-1023,2026-04-16 23:31:27,Rejected,false,P0252,REQK0023,People,USERK0001,USERK0009,20260416
A00507,C00304,REQ-1024,2026-06-17 02:30:39,Withdrawn,false,P0223,REQK0024,Engineering,USERK0001,USERK0005,20260617
A00508,C00543,REQ-1011,2026-05-11 07:24:48,Withdrawn,false,P0536,REQK0011,Engineering,USERK0002,USERK0010,20260511
A00509,C00319,REQ-1017,2026-04-01 12:21:45,Rejected,false,P0031,REQK0017,Data,USERK0001,USERK0011,20260401
A00510,C00460,REQ-1018,2026-03-02 07:23:46,Withdrawn,false,P0432,REQK0018,Data,USERK0001,USERK0006,20260302
A00511,C00288,REQ-1012,2025-12-09 07:21:38,Hired,false,P0443,REQK0012,Sales,USERK0002,USERK0012,20251209
A00512,C00508,REQ-1023,2026-02-28 22:50:11,Rejected,false,P0529,REQK0023,People,USERK0001,USERK0009,20260228
A00513,C00386,REQ-1004,2026-04-22 09:24:16,Withdrawn,false,P0476,REQK0004,Finance,USERK0002,USERK0008,20260422
A00514,C00168,REQ-1003,2026-06-10 06:27:26,Withdrawn,false,P0265,REQK0003,Engineering,USERK0001,USERK0005,20260610
A00515,C00293,REQ-1013,2026-06-30 18:30:49,Withdrawn,false,P0361,REQK0013,People,USERK0001,USERK0009,20260630
A00516,C00561,REQ-1006,2026-07-02 11:23:29,Rejected,false,P0149,REQK0006,Data,USERK0003,USERK0011,20260702
A00517,C00505,REQ-1007,2025-12-04 21:19:49,Rejected,false,P0537,REQK0007,People,USERK0003,USERK0009,20251204
A00518,C00322,REQ-1013,2026-05-20 07:40:19,Withdrawn,false,P0425,REQK0013,People,USERK0001,USERK0009,20260520
A00519,C00264,REQ-1015,2026-03-31 16:03:11,Withdrawn,false,P0414,REQK0015,Engineering,USERK0003,USERK0010,20260331
A00520,C00128,REQ-1011,2025-10-29 11:55:08,Rejected,false,P0534,REQK0011,Engineering,USERK0002,USERK0010,20251029
A00521,C00026,REQ-1023,2026-03-22 22:29:14,Withdrawn,false,P0302,REQK0023,People,USERK0001,USERK0009,20260322
A00522,C00368,REQ-1011,2026-03-11 01:17:27,Offer,true,P0527,REQK0011,Engineering,USERK0002,USERK0010,20260311
A00523,C00248,REQ-1001,2026-06-22 20:08:20,Offer,true,P0045,REQK0001,Data,USERK0003,USERK0006,20260622
A00524,C00321,REQ-1020,2026-05-15 03:11:55,Withdrawn,false,P0030,REQK0020,Engineering,USERK0003,USERK0010,20260515
A00525,C00279,REQ-1025,2026-04-22 04:52:38,Offer,false,P0167,REQK0025,People,USERK0002,USERK0009,20260422
A00526,C00092,REQ-1012,2026-02-03 04:04:33,Withdrawn,false,P0515,REQK0012,Sales,USERK0002,USERK0012,20260203
A00527,C00465,REQ-1014,2026-06-01 02:55:54,Withdrawn,false,P0198,REQK0014,People,USERK0004,USERK0009,20260601
A00528,C00410,REQ-1017,2026-02-27 03:26:35,Rejected,false,P0168,REQK0017,Data,USERK0001,USERK0011,20260227
A00529,C00306,REQ-1019,2026-05-24 18:55:25,Withdrawn,false,P0185,REQK0019,Engineering,USERK0004,USERK0010,20260524
A00530,C00378,REQ-1010,2026-03-06 06:56:46,Hired,false,P0379,REQK0010,Engineering,USERK0003,USERK0005,20260306
A00531,C00569,REQ-1006,2026-04-26 19:04:54,Rejected,false,P0175,REQK0006,Data,USERK0003,USERK0011,20260426
A00532,C00122,REQ-1012,2025-11-04 02:20:35,Rejected,false,P0334,REQK0012,Sales,USERK0002,USERK0012,20251104
A00533,C00283,REQ-1021,2026-05-03 09:18:48,Rejected,false,P0190,REQK0021,Finance,USERK0001,USERK0008,20260503
A00534,C00121,REQ-1016,2026-03-06 08:02:55,Rejected,false,P0076,REQK0016,Sales,USERK0002,USERK0012,20260306
A00535,C00398,REQ-1012,2026-01-27 14:24:59,Rejected,false,P0402,REQK0012,Sales,USERK0002,USERK0012,20260127
A00536,C00197,REQ-1020,2026-04-03 17:10:20,Rejected,false,P0133,REQK0020,Engineering,USERK0003,USERK0010,20260403
A00537,C00229,REQ-1016,2026-04-17 21:44:25,Hired,false,P0125,REQK0016,Sales,USERK0002,USERK0012,20260417
A00538,C00182,REQ-1025,2026-06-28 13:15:07,Screen,false,P0474,REQK0025,People,USERK0002,USERK0009,20260628
A00539,C00157,REQ-1020,2026-04-27 06:58:11,Withdrawn,false,P0086,REQK0020,Engineering,USERK0003,USERK0010,20260427
A00540,C00048,REQ-1015,2026-04-20 20:15:51,Withdrawn,false,P0052,REQK0015,Engineering,USERK0003,USERK0010,20260420
A00541,C00034,REQ-1014,2026-02-21 00:25:38,Rejected,false,P0186,REQK0014,People,USERK0004,USERK0009,20260221
A00542,C00314,REQ-1017,2026-05-19 00:39:34,Hired,false,P0514,REQK0017,Data,USERK0001,USERK0011,20260519
A00543,C00187,REQ-1007,2026-07-06 11:12:30,Rejected,false,P0207,REQK0007,People,USERK0003,USERK0009,20260706
A00544,C00032,REQ-1003,2026-03-12 05:40:00,Rejected,false,P0306,REQK0003,Engineering,USERK0001,USERK0005,20260312
A00545,C00033,REQ-1007,2025-10-28 02:16:19,Withdrawn,false,P0025,REQK0007,People,USERK0003,USERK0009,20251028
A00546,C00529,REQ-1018,2026-05-31 09:58:55,Withdrawn,false,P0123,REQK0018,Data,USERK0001,USERK0006,20260531
A00547,C00480,REQ-1008,2026-06-14 05:05:28,Offer,true,P0344,REQK0008,Sales,USERK0002,USERK0012,20260614
A00548,C00195,REQ-1008,2026-06-28 09:36:07,Screen,true,P0081,REQK0008,Sales,USERK0002,USERK0012,20260628
A00549,C00558,REQ-1017,2025-12-08 17:12:06,Offer,false,P0205,REQK0017,Data,USERK0001,USERK0011,20251208
A00550,C00394,REQ-1005,2026-06-22 02:28:31,Withdrawn,false,P0112,REQK0005,Sales,USERK0004,USERK0012,20260622
A00551,C00226,REQ-1017,2025-11-26 03:49:46,Rejected,false,P0517,REQK0017,Data,USERK0001,USERK0011,20251126
A00552,C00079,REQ-1024,2026-06-03 11:29:18,Offer,true,P0319,REQK0024,Engineering,USERK0001,USERK0005,20260603
A00553,C00249,REQ-1009,2026-06-21 04:54:59,Offer,true,P0053,REQK0009,Finance,USERK0003,USERK0008,20260621
A00554,C00446,REQ-1011,2025-09-24 16:21:43,Screen,false,P0156,REQK0011,Engineering,USERK0002,USERK0010,20250924
A00555,C00540,REQ-1010,2026-04-15 05:34:09,Withdrawn,false,P0326,REQK0010,Engineering,USERK0003,USERK0005,20260415
A00556,C00531,REQ-1020,2026-04-20 14:18:43,Offer,true,P0077,REQK0020,Engineering,USERK0003,USERK0010,20260420
A00557,C00442,REQ-1018,2026-02-05 17:21:13,Rejected,false,P0490,REQK0018,Data,USERK0001,USERK0006,20260205
A00558,C00350,REQ-1005,2026-03-07 00:17:28,Rejected,false,P0327,REQK0005,Sales,USERK0004,USERK0012,20260307
A00559,C00368,REQ-1011,2026-01-20 23:12:33,Withdrawn,false,P0527,REQK0011,Engineering,USERK0002,USERK0010,20260120
A00560,C00516,REQ-1012,2026-06-07 11:19:24,Offer,true,P0128,REQK0012,Sales,USERK0002,USERK0012,20260607
A00561,C00014,REQ-1025,2026-03-15 20:26:25,Hired,false,P0087,REQK0025,People,USERK0002,USERK0009,20260315
A00562,C00016,REQ-1002,2025-12-18 08:07:58,Withdrawn,false,P0183,REQK0002,Sales,USERK0003,USERK0007,20251218
A00563,C00284,REQ-1023,2026-07-06 08:54:52,Withdrawn,false,P0059,REQK0023,People,USERK0001,USERK0009,20260706
A00564,C00008,REQ-1003,2026-04-20 23:25:35,Withdrawn,false,P0022,REQK0003,Engineering,USERK0001,USERK0005,20260420
A00565,C00044,REQ-1013,2026-04-15 07:11:51,Offer,false,P0248,REQK0013,People,USERK0001,USERK0009,20260415
A00566,C00479,REQ-1011,2025-09-28 17:46:03,Rejected,false,P0197,REQK0011,Engineering,USERK0002,USERK0010,20250928
A00567,C00363,REQ-1016,2026-01-11 18:26:58,Rejected,false,P0433,REQK0016,Sales,USERK0002,USERK0012,20260111
A00568,C00362,REQ-1018,2026-02-26 05:48:55,Withdrawn,false,P0040,REQK0018,Data,USERK0001,USERK0006,20260226
A00569,C00163,REQ-1020,2026-03-11 04:46:08,Hired,false,P0422,REQK0020,Engineering,USERK0003,USERK0010,20260311
A00570,C00067,REQ-1015,2026-03-14 14:16:32,Offer,false,P0253,REQK0015,Engineering,USERK0003,USERK0010,20260314
A00571,C00407,REQ-1003,2026-05-09 13:09:23,Withdrawn,false,P0365,REQK0003,Engineering,USERK0001,USERK0005,20260509
A00572,C00535,REQ-1006,2026-04-19 21:52:46,Rejected,false,P0142,REQK0006,Data,USERK0003,USERK0011,20260419
A00573,C00340,REQ-1008,2026-05-31 11:53:07,Withdrawn,false,P0472,REQK0008,Sales,USERK0002,USERK0012,20260531
A00574,C00289,REQ-1022,2025-11-21 12:05:21,Withdrawn,false,P0440,REQK0022,Data,USERK0003,USERK0006,20251121
A00575,C00601,REQ-1010,2026-04-23 14:53:08,Rejected,false,P0049,REQK0010,Engineering,USERK0003,USERK0005,20260423
A00576,C00086,REQ-1018,2025-12-22 10:59:35,Withdrawn,false,P0090,REQK0018,Data,USERK0001,USERK0006,20251222
A00577,C00386,REQ-1007,2025-10-30 06:39:00,Rejected,false,P0476,REQK0007,People,USERK0003,USERK0009,20251030
A00579,C00167,REQ-1022,2026-03-21 13:40:30,Withdrawn,false,P0229,REQK0022,Data,USERK0003,USERK0006,20260321
A00580,C00591,REQ-1011,2026-02-01 01:53:33,Withdrawn,false,P0002,REQK0011,Engineering,USERK0002,USERK0010,20260201
A00581,C00354,REQ-1006,2026-06-03 11:00:38,Withdrawn,false,P0174,REQK0006,Data,USERK0003,USERK0011,20260603
A00582,C00099,REQ-1004,2026-07-01 22:37:53,Rejected,false,P0066,REQK0004,Finance,USERK0002,USERK0008,20260701
A00583,C00369,REQ-1001,2026-05-27 01:01:03,Withdrawn,false,P0305,REQK0001,Data,USERK0003,USERK0006,20260527
A00584,C00502,REQ-1015,2026-05-20 13:17:48,Rejected,false,P0218,REQK0015,Engineering,USERK0003,USERK0010,20260520
A00585,C00186,REQ-1020,2026-06-01 15:16:27,Hired,false,P0259,REQK0020,Engineering,USERK0003,USERK0010,20260601
A00586,C00343,REQ-1002,2025-11-27 02:32:31,Withdrawn,false,P0173,REQK0002,Sales,USERK0003,USERK0007,20251127
A00587,C00316,REQ-1022,2026-03-24 12:31:41,Rejected,false,P0423,REQK0022,Data,USERK0003,USERK0006,20260324
A00588,C00261,REQ-1024,2026-04-25 15:06:54,Rejected,false,P0151,REQK0024,Engineering,USERK0001,USERK0005,20260425
A00589,C00359,REQ-1011,2025-10-13 10:06:29,Rejected,false,P0069,REQK0011,Engineering,USERK0002,USERK0010,20251013
A00590,C00125,REQ-1001,2026-06-23 23:15:44,Screen,true,P0075,REQK0001,Data,USERK0003,USERK0006,20260623
A00591,C00270,REQ-1008,2026-04-29 19:55:57,Withdrawn,false,P0180,REQK0008,Sales,USERK0002,USERK0012,20260429
A00592,C00209,REQ-1012,2026-02-01 17:28:10,Hired,false,P0009,REQK0012,Sales,USERK0002,USERK0012,20260201
A00593,C00435,REQ-1008,2026-05-23 09:11:00,Withdrawn,false,P0010,REQK0008,Sales,USERK0002,USERK0012,20260523
A00594,C00329,REQ-1019,2026-06-23 16:00:00,Offer,true,P0395,REQK0019,Engineering,USERK0004,USERK0010,20260623
A00595,C00376,REQ-1003,2026-05-05 19:15:58,Withdrawn,false,P0354,REQK0003,Engineering,USERK0001,USERK0005,20260505
A00596,C00326,REQ-1021,2026-04-26 14:12:33,Withdrawn,false,P0401,REQK0021,Finance,USERK0001,USERK0008,20260426
A00597,C00238,REQ-1021,2026-06-12 12:14:29,Withdrawn,false,P0039,REQK0021,Finance,USERK0001,USERK0008,20260612
A00598,C00145,REQ-1022,2026-06-02 18:43:28,Withdrawn,false,P0271,REQK0022,Data,USERK0003,USERK0006,20260602
A00599,C00393,REQ-1012,2025-10-12 16:02:43,Withdrawn,false,P0530,REQK0012,Sales,USERK0002,USERK0012,20251012
A00600,C00305,REQ-1004,2026-06-26 18:26:42,Rejected,false,P0389,REQK0004,Finance,USERK0002,USERK0008,20260626
A00601,C00077,REQ-1020,2026-05-29 13:05:08,Rejected,false,P0103,REQK0020,Engineering,USERK0003,USERK0010,20260529
A00602,C00141,REQ-1003,2026-06-14 07:05:22,Withdrawn,false,P0351,REQK0003,Engineering,USERK0001,USERK0005,20260614
A00603,C00026,REQ-1018,2026-06-01 19:12:02,Withdrawn,false,P0302,REQK0018,Data,USERK0001,USERK0006,20260601
A00604,C00422,REQ-1018,2026-04-21 13:54:10,Withdrawn,false,P0363,REQK0018,Data,USERK0001,USERK0006,20260421
A00605,C00265,REQ-1011,2026-05-03 08:13:34,Rejected,false,P0054,REQK0011,Engineering,USERK0002,USERK0010,20260503
A00606,C00017,REQ-1025,2026-04-07 10:39:36,Withdrawn,false,P0462,REQK0025,People,USERK0002,USERK0009,20260407
A00607,C00434,REQ-1005,2026-04-11 08:36:23,Rejected,false,P0074,REQK0005,Sales,USERK0004,USERK0012,20260411
A00608,C00410,REQ-1017,2026-04-16 13:34:25,Withdrawn,false,P0168,REQK0017,Data,USERK0001,USERK0011,20260416
A00609,C00405,REQ-1008,2026-05-30 07:10:52,Withdrawn,false,P0359,REQK0008,Sales,USERK0002,USERK0012,20260530
A00610,C00427,REQ-1011,2026-04-01 02:50:06,Withdrawn,false,P0487,REQK0011,Engineering,USERK0002,USERK0010,20260401
A00611,C00412,REQ-1007,2026-05-31 18:47:27,Rejected,false,P0413,REQK0007,People,USERK0003,USERK0009,20260531
A00612,C00270,REQ-1003,2025-12-13 22:25:26,Offer,false,P0180,REQK0003,Engineering,USERK0001,USERK0005,20251213
A00613,C00139,REQ-1023,2026-06-29 15:24:13,Rejected,false,P0240,REQK0023,People,USERK0001,USERK0009,20260629
A00614,C00309,REQ-1002,2026-06-08 13:29:57,Rejected,false,P0122,REQK0002,Sales,USERK0003,USERK0007,20260608
A00615,C00401,REQ-1022,2026-01-05 00:29:59,Withdrawn,false,P0429,REQK0022,Data,USERK0003,USERK0006,20260105
A00616,C00130,REQ-1002,2026-03-01 07:50:02,Hired,false,P0055,REQK0002,Sales,USERK0003,USERK0007,20260301
A00617,C00008,REQ-1013,2026-05-02 14:24:17,Withdrawn,false,P0022,REQK0013,People,USERK0001,USERK0009,20260502
A00618,C00502,REQ-1003,2026-04-20 11:45:30,Withdrawn,false,P0218,REQK0003,Engineering,USERK0001,USERK0005,20260420
A00619,C00505,REQ-1011,2025-10-23 15:29:31,Withdrawn,false,P0537,REQK0011,Engineering,USERK0002,USERK0010,20251023
A00620,C00522,REQ-1023,2026-07-04 15:55:01,Withdrawn,false,P0444,REQK0023,People,USERK0001,USERK0009,20260704
A00621,C00580,REQ-1026,2026-05-16 07:24:40,Rejected,false,P0298,REQK0026,Sales,USERK0004,USERK0007,20260516
A00622,C00286,REQ-1023,2026-07-05 20:16:22,Screen,true,P0101,REQK0023,People,USERK0001,USERK0009,20260705
A00623,C00247,REQ-1021,2026-05-02 23:19:05,Hired,false,P0297,REQK0021,Finance,USERK0001,USERK0008,20260502
A00624,C00011,REQ-1007,2025-10-25 00:57:10,Withdrawn,false,P0097,REQK0007,People,USERK0003,USERK0009,20251025
A00625,C00587,REQ-1026,2026-05-02 15:53:18,Hired,false,P0054,REQK0026,Sales,USERK0004,USERK0007,20260502
A00626,C00204,REQ-1024,2026-05-06 01:15:20,Withdrawn,false,P0200,REQK0024,Engineering,USERK0001,USERK0005,20260506
A00627,C00494,REQ-1017,2026-06-10 11:21:41,Withdrawn,false,P0317,REQK0017,Data,USERK0001,USERK0011,20260610
A00628,C00488,REQ-1007,2025-10-25 12:30:07,Withdrawn,false,P0129,REQK0007,People,USERK0003,USERK0009,20251025
A00629,C00326,REQ-1024,2026-06-22 15:26:44,Withdrawn,false,P0401,REQK0024,Engineering,USERK0001,USERK0005,20260622
A00630,C00165,REQ-1009,2025-11-24 12:51:18,Rejected,false,P0388,REQK0009,Finance,USERK0003,USERK0008,20251124
A00631,C00381,REQ-1016,2026-01-31 23:45:55,Withdrawn,false,P0399,REQK0016,Sales,USERK0002,USERK0012,20260131
A00632,C00451,REQ-1019,2026-07-04 23:34:01,Interview,true,P0092,REQK0019,Engineering,USERK0004,USERK0010,20260704
A00633,C00391,REQ-1006,2026-04-18 23:55:28,Rejected,false,P0385,REQK0006,Data,USERK0003,USERK0011,20260418
A00634,C00435,REQ-1008,2026-04-08 08:25:57,Withdrawn,false,P0010,REQK0008,Sales,USERK0002,USERK0012,20260408
A00635,C00308,REQ-1014,2026-06-04 17:57:34,Hired,false,P0296,REQK0014,People,USERK0004,USERK0009,20260604
A00636,C00075,REQ-1009,2026-05-15 21:17:22,Hired,false,P0376,REQK0009,Finance,USERK0003,USERK0008,20260515
A00637,C00261,REQ-1010,2026-04-29 10:39:32,Screen,false,P0151,REQK0010,Engineering,USERK0003,USERK0005,20260429
A00638,C00499,REQ-1005,2026-04-06 06:00:39,Withdrawn,false,P0459,REQK0005,Sales,USERK0004,USERK0012,20260406
A00639,C00289,REQ-1008,2026-05-30 07:28:41,Withdrawn,false,P0440,REQK0008,Sales,USERK0002,USERK0012,20260530
A00640,C00169,REQ-1026,2026-04-28 10:09:26,Interview,true,P0548,REQK0026,Sales,USERK0004,USERK0007,20260428
A00641,C00301,REQ-1007,2026-06-16 16:36:04,Offer,true,P0421,REQK0007,People,USERK0003,USERK0009,20260616
A00642,C00044,REQ-1007,2025-11-04 04:18:04,Rejected,false,P0248,REQK0007,People,USERK0003,USERK0009,20251104
A00643,C00454,REQ-1024,2026-06-23 05:12:36,Interview,true,P0209,REQK0024,Engineering,USERK0001,USERK0005,20260623
A00644,C00215,REQ-1017,2025-12-13 22:38:44,Rejected,false,P0288,REQK0017,Data,USERK0001,USERK0011,20251213
A00645,C00284,REQ-1012,2026-05-20 03:20:53,Hired,false,P0059,REQK0012,Sales,USERK0002,USERK0012,20260520
A00646,C00475,REQ-1019,2026-07-07 11:03:23,Screen,true,P0509,REQK0019,Engineering,USERK0004,USERK0010,20260707
A00647,C00198,REQ-1008,2026-05-28 11:43:38,Rejected,false,P0126,REQK0008,Sales,USERK0002,USERK0012,20260528
A00648,C00361,REQ-1011,2025-11-14 12:24:19,Rejected,false,P0371,REQK0011,Engineering,USERK0002,USERK0010,20251114
A00649,C00540,REQ-1025,2026-04-22 03:16:21,Rejected,false,P0326,REQK0025,People,USERK0002,USERK0009,20260422
A00650,C00318,REQ-1016,2026-01-18 17:58:47,Offer,true,P0033,REQK0016,Sales,USERK0002,USERK0012,20260118
A00651,C00411,REQ-1005,2026-03-13 15:15:10,Withdrawn,false,P0036,REQK0005,Sales,USERK0004,USERK0012,20260313
A00652,C00055,REQ-1018,2026-03-17 23:14:39,Hired,false,P0532,REQK0018,Data,USERK0001,USERK0006,20260317
A00653,C00531,REQ-1016,2026-03-20 07:42:26,Rejected,false,P0077,REQK0016,Sales,USERK0002,USERK0012,20260320
A00654,C00052,REQ-1024,2026-05-14 22:59:56,Screen,false,P0088,REQK0024,Engineering,USERK0001,USERK0005,20260514
A00655,C00465,REQ-1005,2026-05-12 02:31:23,Rejected,false,P0198,REQK0005,Sales,USERK0004,USERK0012,20260512
A00656,C00146,REQ-1005,2026-05-23 00:20:53,Withdrawn,false,P0551,REQK0005,Sales,USERK0004,USERK0012,20260523
A00657,C00521,REQ-1023,2026-04-22 23:11:39,Withdrawn,false,P0250,REQK0023,People,USERK0001,USERK0009,20260422
A00658,C00471,REQ-1008,2026-06-19 01:39:55,Rejected,false,P0114,REQK0008,Sales,USERK0002,USERK0012,20260619
A00659,C00571,REQ-1024,2026-06-12 05:34:00,Offer,true,P0293,REQK0024,Engineering,USERK0001,USERK0005,20260612
A00660,C00286,REQ-1006,2026-03-01 17:56:08,Hired,false,P0101,REQK0006,Data,USERK0003,USERK0011,20260301
A00661,C00132,REQ-1003,2025-12-25 15:12:39,Interview,false,P0013,REQK0003,Engineering,USERK0001,USERK0005,20251225
A00662,C00203,REQ-1020,2026-03-09 20:39:11,Hired,false,P0169,REQK0020,Engineering,USERK0003,USERK0010,20260309
A00663,C00003,REQ-1015,2026-04-03 08:58:08,Offer,true,P0124,REQK0015,Engineering,USERK0003,USERK0010,20260403
A00664,C00580,REQ-1004,2026-04-16 00:34:00,Withdrawn,false,P0298,REQK0004,Finance,USERK0002,USERK0008,20260416
A00665,C00560,REQ-1011,2026-04-10 14:49:48,Rejected,false,P0280,REQK0011,Engineering,USERK0002,USERK0010,20260410
A00666,C00183,REQ-1009,2026-04-02 23:22:39,Rejected,false,P0214,REQK0009,Finance,USERK0003,USERK0008,20260402
A00667,C00157,REQ-1020,2026-07-03 06:51:30,Screen,true,P0086,REQK0020,Engineering,USERK0003,USERK0010,20260703
A00668,C00421,REQ-1020,2026-05-03 02:29:24,Rejected,false,P0061,REQK0020,Engineering,USERK0003,USERK0010,20260503
A00669,C00199,REQ-1008,2026-07-05 17:08:59,Rejected,false,P0138,REQK0008,Sales,USERK0002,USERK0012,20260705
A00670,C00546,REQ-1009,2025-12-24 14:42:21,Rejected,false,P0118,REQK0009,Finance,USERK0003,USERK0008,20251224
A00671,C00330,REQ-1016,2026-07-03 01:45:15,Withdrawn,false,P0073,REQK0016,Sales,USERK0002,USERK0012,20260703
A00672,C00260,REQ-1025,2025-09-12 11:47:55,Offer,true,P0445,REQK0025,People,USERK0002,USERK0009,20250912
A00673,C00243,REQ-1012,2026-04-13 14:30:40,Withdrawn,false,P0554,REQK0012,Sales,USERK0002,USERK0012,20260413
A00674,C00367,REQ-1020,2026-05-15 20:48:34,Rejected,false,P0047,REQK0020,Engineering,USERK0003,USERK0010,20260515
A00675,C00318,REQ-1019,2026-06-11 22:01:41,Rejected,false,P0033,REQK0019,Engineering,USERK0004,USERK0010,20260611
A00676,C00289,REQ-1002,2026-04-05 04:22:25,Rejected,false,P0440,REQK0002,Sales,USERK0003,USERK0007,20260405
A00677,C00066,REQ-1023,2026-05-16 02:59:08,Withdrawn,false,P0370,REQK0023,People,USERK0001,USERK0009,20260516
A00678,C00187,REQ-1001,2026-06-22 11:06:14,Offer,true,P0207,REQK0001,Data,USERK0003,USERK0006,20260622
A00679,C00140,REQ-1021,2026-04-19 00:36:52,Withdrawn,false,P0003,REQK0021,Finance,USERK0001,USERK0008,20260419
A00680,C00132,REQ-1012,2026-01-06 19:29:08,Rejected,false,P0013,REQK0012,Sales,USERK0002,USERK0012,20260106
A00681,C00191,REQ-1014,2026-05-06 04:55:38,Withdrawn,false,P0325,REQK0014,People,USERK0004,USERK0009,20260506
A00682,C00082,REQ-1010,2026-05-11 13:14:09,Offer,true,P0299,REQK0010,Engineering,USERK0003,USERK0005,20260511
A00683,C00558,REQ-1013,2026-03-14 15:30:46,Withdrawn,false,P0205,REQK0013,People,USERK0001,USERK0009,20260314
A00684,C00330,REQ-1010,2026-06-29 11:13:24,Withdrawn,false,P0073,REQK0010,Engineering,USERK0003,USERK0005,20260629
A00685,C00441,REQ-1019,2026-05-21 03:15:08,Hired,false,P0121,REQK0019,Engineering,USERK0004,USERK0010,20260521
A00686,C00229,REQ-1019,2026-06-23 07:19:12,Rejected,false,P0125,REQK0019,Engineering,USERK0004,USERK0010,20260623
A00687,C00193,REQ-1009,2026-01-11 15:56:27,Withdrawn,false,P0343,REQK0009,Finance,USERK0003,USERK0008,20260111
A00688,C00411,REQ-1007,2025-12-12 07:59:08,Rejected,false,P0036,REQK0007,People,USERK0003,USERK0009,20251212
A00689,C00066,REQ-1001,2026-06-26 16:25:47,Withdrawn,false,P0370,REQK0001,Data,USERK0003,USERK0006,20260626
A00690,C00165,REQ-1011,2026-01-06 03:37:30,Withdrawn,false,P0388,REQK0011,Engineering,USERK0002,USERK0010,20260106
A00691,C00178,REQ-1025,2026-05-30 19:47:16,Withdrawn,false,P0080,REQK0025,People,USERK0002,USERK0009,20260530
A00692,C00222,REQ-1017,2026-01-05 11:53:21,Withdrawn,false,P0227,REQK0017,Data,USERK0001,USERK0011,20260105
A00693,C00251,REQ-1005,2026-05-18 16:11:43,Withdrawn,false,P0465,REQK0005,Sales,USERK0004,USERK0012,20260518
A00694,C00509,REQ-1023,2026-05-09 14:52:00,Rejected,false,P0182,REQK0023,People,USERK0001,USERK0009,20260509
A00695,C00099,REQ-1020,2026-03-22 06:22:46,Rejected,false,P0066,REQK0020,Engineering,USERK0003,USERK0010,20260322
A00696,C00057,REQ-1013,2026-03-08 18:14:28,Withdrawn,false,P0346,REQK0013,People,USERK0001,USERK0009,20260308
A00697,C00367,REQ-1013,2026-02-26 03:48:24,Rejected,false,P0047,REQK0013,People,USERK0001,USERK0009,20260226
A00698,C00210,REQ-1026,2026-05-27 02:06:49,Withdrawn,false,P0032,REQK0026,Sales,USERK0004,USERK0007,20260527
A00699,C00540,REQ-1013,2026-04-22 06:28:15,Rejected,false,P0326,REQK0013,People,USERK0001,USERK0009,20260422
A00700,C00012,REQ-1022,2025-11-09 19:27:01,Rejected,false,P0467,REQK0022,Data,USERK0003,USERK0006,20251109
A00701,C00190,REQ-1014,2026-01-18 21:12:36,Withdrawn,false,P0005,REQK0014,People,USERK0004,USERK0009,20260118
A00702,C00473,REQ-1006,2026-01-18 23:03:05,Rejected,false,P0137,REQK0006,Data,USERK0003,USERK0011,20260118
A00703,C00522,REQ-1002,2026-07-03 02:31:33,Withdrawn,false,P0444,REQK0002,Sales,USERK0003,USERK0007,20260703
A00704,C00159,REQ-1022,2026-05-21 05:12:18,Hired,false,P0356,REQK0022,Data,USERK0003,USERK0006,20260521
A00705,C00289,REQ-1013,2026-02-12 19:32:19,Withdrawn,false,P0440,REQK0013,People,USERK0001,USERK0009,20260212
A00706,C00228,REQ-1007,2026-01-24 11:00:37,Withdrawn,false,P0458,REQK0007,People,USERK0003,USERK0009,20260124
A00707,C00007,REQ-1016,2026-05-22 17:57:44,Rejected,false,P0337,REQK0016,Sales,USERK0002,USERK0012,20260522
A00708,C00441,REQ-1016,2026-01-06 05:19:13,Rejected,false,P0121,REQK0016,Sales,USERK0002,USERK0012,20260106
A00709,C00550,REQ-1024,2026-04-27 06:22:37,Withdrawn,false,P0278,REQK0024,Engineering,USERK0001,USERK0005,20260427
A00710,C00022,REQ-1020,2026-04-13 21:30:50,Rejected,false,P0026,REQK0020,Engineering,USERK0003,USERK0010,20260413
A00711,C00148,REQ-1009,2025-11-19 17:30:56,Withdrawn,false,P0276,REQK0009,Finance,USERK0003,USERK0008,20251119
A00712,C00225,REQ-1016,2026-05-22 08:05:20,Withdrawn,false,P0085,REQK0016,Sales,USERK0002,USERK0012,20260522
A00713,C00117,REQ-1001,2026-05-06 02:02:13,Rejected,false,P0352,REQK0001,Data,USERK0003,USERK0006,20260506
A00714,C00196,REQ-1013,2026-06-21 20:00:48,Rejected,false,P0257,REQK0013,People,USERK0001,USERK0009,20260621
A00715,C00459,REQ-1023,2026-05-14 00:29:24,Withdrawn,false,P0383,REQK0023,People,USERK0001,USERK0009,20260514
A00716,C00036,REQ-1014,2025-11-07 17:05:36,Rejected,false,P0290,REQK0014,People,USERK0004,USERK0009,20251107
A00717,C00422,REQ-1002,2026-03-25 16:34:15,Hired,false,P0363,REQK0002,Sales,USERK0003,USERK0007,20260325
A00718,C00315,REQ-1010,2026-04-27 07:56:38,Rejected,false,P0332,REQK0010,Engineering,USERK0003,USERK0005,20260427
A00720,C00559,REQ-1009,2026-06-17 21:06:32,Offer,true,P0316,REQK0009,Finance,USERK0003,USERK0008,20260617
A00721,C00542,REQ-1024,2026-05-20 23:54:45,Offer,true,P0219,REQK0024,Engineering,USERK0001,USERK0005,20260520
A00722,C00378,REQ-1020,2026-06-19 02:27:05,Offer,true,P0379,REQK0020,Engineering,USERK0003,USERK0010,20260619
A00723,C00360,REQ-1012,2025-12-27 02:15:32,Rejected,false,P0498,REQK0012,Sales,USERK0002,USERK0012,20251227
A00724,C00002,REQ-1008,2026-06-30 22:55:23,Withdrawn,false,P0213,REQK0008,Sales,USERK0002,USERK0012,20260630
A00725,C00350,REQ-1021,2026-06-30 23:13:26,Withdrawn,false,P0327,REQK0021,Finance,USERK0001,USERK0008,20260630
A00726,C00428,REQ-1017,2026-01-05 04:04:38,Withdrawn,false,P0070,REQK0017,Data,USERK0001,USERK0011,20260105
A00727,C00069,REQ-1018,2026-05-24 06:24:13,Offer,false,P0239,REQK0018,Data,USERK0001,USERK0006,20260524
A00728,C00037,REQ-1024,2026-05-03 19:00:39,Hired,false,P0158,REQK0024,Engineering,USERK0001,USERK0005,20260503
A00729,C00501,REQ-1009,2026-03-04 14:44:37,Withdrawn,false,P0304,REQK0009,Finance,USERK0003,USERK0008,20260304
A00730,C00283,REQ-1023,2026-05-10 06:17:18,Hired,false,P0190,REQK0023,People,USERK0001,USERK0009,20260510
A00731,C00551,REQ-1008,2026-06-20 03:45:13,Withdrawn,false,P0149,REQK0008,Sales,USERK0002,USERK0012,20260620
A00732,C00199,REQ-1015,2026-04-11 01:44:58,Withdrawn,false,P0138,REQK0015,Engineering,USERK0003,USERK0010,20260411
A00733,C00489,REQ-1007,2026-06-28 03:20:36,Rejected,false,P0023,REQK0007,People,USERK0003,USERK0009,20260628
A00734,C00242,REQ-1019,2026-05-28 00:34:08,Hired,false,P0398,REQK0019,Engineering,USERK0004,USERK0010,20260528
A00735,C00109,REQ-1023,2026-03-30 06:30:14,Rejected,false,P0159,REQK0023,People,USERK0001,USERK0009,20260330
A00736,C00260,REQ-1012,2026-03-16 19:10:18,Withdrawn,false,P0445,REQK0012,Sales,USERK0002,USERK0012,20260316
A00737,C00499,REQ-1006,2026-04-09 07:07:23,Withdrawn,false,P0459,REQK0006,Data,USERK0003,USERK0011,20260409
A00738,C00268,REQ-1014,2026-04-05 17:13:43,Withdrawn,false,P0496,REQK0014,People,USERK0004,USERK0009,20260405
A00739,C00598,REQ-1008,2026-04-18 18:11:10,Withdrawn,false,P0071,REQK0008,Sales,USERK0002,USERK0012,20260418
A00740,C00430,REQ-1001,2026-07-07 22:50:38,Withdrawn,false,P0550,REQK0001,Data,USERK0003,USERK0006,20260707
A00741,C00093,REQ-1013,2026-01-13 15:54:01,Withdrawn,false,P0150,REQK0013,People,USERK0001,USERK0009,20260113
A00742,C00384,REQ-1006,2026-03-07 12:35:56,Withdrawn,false,P0412,REQK0006,Data,USERK0003,USERK0011,20260307
A00743,C00134,REQ-1010,2026-06-06 00:00:58,Withdrawn,false,P0028,REQK0010,Engineering,USERK0003,USERK0005,20260606
A00744,C00410,REQ-1024,2026-04-28 00:58:47,Rejected,false,P0168,REQK0024,Engineering,USERK0001,USERK0005,20260428
A00745,C00446,REQ-1018,2025-12-20 04:50:56,Withdrawn,false,P0156,REQK0018,Data,USERK0001,USERK0006,20251220
A00746,C00576,REQ-1026,2026-06-15 07:59:32,Withdrawn,false,P0202,REQK0026,Sales,USERK0004,USERK0007,20260615
A00747,C00235,REQ-1007,2025-11-30 17:37:25,Withdrawn,false,P0391,REQK0007,People,USERK0003,USERK0009,20251130
A00748,C00058,REQ-1004,2026-06-03 02:29:01,Withdrawn,false,P0067,REQK0004,Finance,USERK0002,USERK0008,20260603
A00749,C00048,REQ-1025,2026-03-21 10:16:16,Hired,false,P0052,REQK0025,People,USERK0002,USERK0009,20260321
A00750,C00245,REQ-1017,2026-04-05 16:28:20,Rejected,false,P0161,REQK0017,Data,USERK0001,USERK0011,20260405
A00751,C00110,REQ-1024,2026-05-03 00:38:27,Withdrawn,false,P0266,REQK0024,Engineering,USERK0001,USERK0005,20260503
A00752,C00223,REQ-1011,2025-09-27 13:46:16,Withdrawn,false,P0481,REQK0011,Engineering,USERK0002,USERK0010,20250927
A00753,C00577,REQ-1026,2026-06-01 12:17:24,Offer,true,P0050,REQK0026,Sales,USERK0004,USERK0007,20260601
A00754,C00369,REQ-1016,2026-06-23 19:06:50,Interview,true,P0305,REQK0016,Sales,USERK0002,USERK0012,20260623
A00755,C00093,REQ-1019,2026-06-06 17:42:36,Rejected,false,P0150,REQK0019,Engineering,USERK0004,USERK0010,20260606
A00756,C00258,REQ-1011,2025-11-07 17:34:40,Hired,false,P0100,REQK0011,Engineering,USERK0002,USERK0010,20251107
A00757,C00224,REQ-1017,2026-04-20 23:47:13,Rejected,false,P0270,REQK0017,Data,USERK0001,USERK0011,20260420
A00758,C00599,REQ-1013,2026-03-08 04:21:47,Offer,true,P0330,REQK0013,People,USERK0001,USERK0009,20260308
A00759,C00336,REQ-1020,2026-06-06 00:20:20,Withdrawn,false,P0540,REQK0020,Engineering,USERK0003,USERK0010,20260606
A00760,C00452,REQ-1016,2026-02-19 04:59:35,Hired,false,P0406,REQK0016,Sales,USERK0002,USERK0012,20260219
A00761,C00078,REQ-1018,2026-05-27 06:51:47,Withdrawn,false,P0251,REQK0018,Data,USERK0001,USERK0006,20260527
A00762,C00249,REQ-1014,2026-04-28 00:59:38,Withdrawn,false,P0053,REQK0014,People,USERK0004,USERK0009,20260428
A00763,C00065,REQ-1025,2026-05-25 18:10:29,Rejected,false,P0079,REQK0025,People,USERK0002,USERK0009,20260525
A00764,C00175,REQ-1020,2026-03-30 15:03:11,Rejected,false,P0544,REQK0020,Engineering,USERK0003,USERK0010,20260330
A00765,C00334,REQ-1015,2026-05-04 15:54:50,Rejected,false,P0256,REQK0015,Engineering,USERK0003,USERK0010,20260504
A00766,C00210,REQ-1004,2026-05-14 07:39:43,Withdrawn,false,P0032,REQK0004,Finance,USERK0002,USERK0008,20260514
A00767,C00260,REQ-1008,2026-07-04 23:02:11,Withdrawn,false,P0445,REQK0008,Sales,USERK0002,USERK0012,20260704
A00768,C00537,REQ-1020,2026-03-25 22:45:02,Withdrawn,false,P0485,REQK0020,Engineering,USERK0003,USERK0010,20260325
A00769,C00554,REQ-1013,2026-04-04 11:11:06,Withdrawn,false,P0060,REQK0013,People,USERK0001,USERK0009,20260404
A00770,C00049,REQ-1025,2025-09-22 16:53:16,Withdrawn,false,P0246,REQK0025,People,USERK0002,USERK0009,20250922
A00771,C00049,REQ-1019,2026-06-05 21:40:11,Rejected,false,P0246,REQK0019,Engineering,USERK0004,USERK0010,20260605
A00772,C00296,REQ-1002,2026-01-04 12:20:05,Rejected,false,P0232,REQK0002,Sales,USERK0003,USERK0007,20260104
A00773,C00527,REQ-1004,2026-05-21 04:30:55,Withdrawn,false,P0335,REQK0004,Finance,USERK0002,USERK0008,20260521
A00774,C00183,REQ-1006,2026-06-12 11:53:01,Rejected,false,P0214,REQK0006,Data,USERK0003,USERK0011,20260612
A00775,C00016,REQ-1007,2025-12-01 16:13:23,Withdrawn,false,P0183,REQK0007,People,USERK0003,USERK0009,20251201
A00776,C00499,REQ-1007,2025-12-15 09:14:51,Hired,false,P0459,REQK0007,People,USERK0003,USERK0009,20251215
A00777,C00495,REQ-1018,2026-03-24 11:09:00,Offer,true,P0194,REQK0018,Data,USERK0001,USERK0006,20260324
A00778,C00418,REQ-1004,2026-06-05 05:56:31,Rejected,false,P0436,REQK0004,Finance,USERK0002,USERK0008,20260605
A00779,C00278,REQ-1003,2025-12-14 19:23:10,Hired,false,P0179,REQK0003,Engineering,USERK0001,USERK0005,20251214
A00780,C00593,REQ-1018,2026-05-13 01:35:25,Withdrawn,false,P0208,REQK0018,Data,USERK0001,USERK0006,20260513
A00781,C00361,REQ-1015,2026-04-13 02:45:38,Hired,false,P0371,REQK0015,Engineering,USERK0003,USERK0010,20260413
A00782,C00189,REQ-1019,2026-07-06 23:41:30,Screen,true,P0328,REQK0019,Engineering,USERK0004,USERK0010,20260706
A00783,C00223,REQ-1014,2026-01-17 10:01:24,Withdrawn,false,P0481,REQK0014,People,USERK0004,USERK0009,20260117
A00784,C00187,REQ-1010,2026-07-10 21:21:18,Rejected,false,P0207,REQK0010,Engineering,USERK0003,USERK0005,20260710
A00785,C00510,REQ-1013,2026-06-23 07:34:36,Screen,true,P0382,REQK0013,People,USERK0001,USERK0009,20260623
A00786,C00135,REQ-1006,2026-06-30 02:49:20,Withdrawn,false,P0394,REQK0006,Data,USERK0003,USERK0011,20260630
A00787,C00227,REQ-1019,2026-05-16 13:01:21,Offer,false,P0435,REQK0019,Engineering,USERK0004,USERK0010,20260516
A00788,C00554,REQ-1004,2026-06-28 17:59:24,Rejected,false,P0060,REQK0004,Finance,USERK0002,USERK0008,20260628
A00789,C00514,REQ-1004,2026-07-04 08:33:30,Screen,true,P0264,REQK0004,Finance,USERK0002,USERK0008,20260704
A00790,C00307,REQ-1005,2026-02-28 20:44:21,Withdrawn,false,P0017,REQK0005,Sales,USERK0004,USERK0012,20260228
A00791,C00050,REQ-1022,2025-10-17 02:26:29,Screen,false,P0446,REQK0022,Data,USERK0003,USERK0006,20251017
A00792,C00320,REQ-1012,2025-11-08 20:26:39,Withdrawn,false,P0175,REQK0012,Sales,USERK0002,USERK0012,20251108
A00793,C00305,REQ-1025,2025-11-21 04:28:32,Hired,false,P0389,REQK0025,People,USERK0002,USERK0009,20251121
A00794,C00077,REQ-1024,2026-06-26 17:04:01,Interview,true,P0103,REQK0024,Engineering,USERK0001,USERK0005,20260626
A00795,C00538,REQ-1024,2026-06-17 07:34:35,Withdrawn,false,P0160,REQK0024,Engineering,USERK0001,USERK0005,20260617
A00796,C00334,REQ-1025,2026-03-17 20:46:57,Withdrawn,false,P0256,REQK0025,People,USERK0002,USERK0009,20260317
A00797,C00358,REQ-1025,2026-06-03 00:41:53,Withdrawn,false,P0293,REQK0025,People,USERK0002,USERK0009,20260603
A00798,C00165,REQ-1012,2026-01-03 23:18:14,Rejected,false,P0388,REQK0012,Sales,USERK0002,USERK0012,20260103
A00799,C00186,REQ-1014,2026-02-15 05:16:56,Withdrawn,false,P0259,REQK0014,People,USERK0004,USERK0009,20260215
A00800,C00456,REQ-1023,2026-03-31 00:35:19,Offer,false,P0111,REQK0023,People,USERK0001,USERK0009,20260331
A00801,C00526,REQ-1002,2025-10-27 16:07:43,Hired,false,P0072,REQK0002,Sales,USERK0003,USERK0007,20251027
A00802,C00524,REQ-1007,2026-05-19 06:20:34,Screen,false,P0369,REQK0007,People,USERK0003,USERK0009,20260519
A00803,C00140,REQ-1010,2026-05-21 04:56:48,Offer,true,P0003,REQK0010,Engineering,USERK0003,USERK0005,20260521
A00804,C00020,REQ-1001,2026-05-28 19:58:10,Offer,false,P0320,REQK0001,Data,USERK0003,USERK0006,20260528
A00805,C00577,REQ-1006,2026-07-02 21:11:18,Withdrawn,false,P0050,REQK0006,Data,USERK0003,USERK0011,20260702
A00806,C00312,REQ-1024,2026-06-12 09:18:30,Offer,true,P0139,REQK0024,Engineering,USERK0001,USERK0005,20260612
A00807,C00456,REQ-1018,2026-04-12 04:31:53,Rejected,false,P0111,REQK0018,Data,USERK0001,USERK0006,20260412
A00808,C00011,REQ-1024,2026-04-24 09:42:09,Rejected,false,P0097,REQK0024,Engineering,USERK0001,USERK0005,20260424
A00809,C00233,REQ-1004,2026-05-18 04:00:57,Withdrawn,false,P0119,REQK0004,Finance,USERK0002,USERK0008,20260518
A00810,C00511,REQ-1008,2026-04-14 22:38:34,Offer,true,P0353,REQK0008,Sales,USERK0002,USERK0012,20260414
A00811,C00055,REQ-1023,2026-03-24 03:31:18,Withdrawn,false,P0532,REQK0023,People,USERK0001,USERK0009,20260324
A00812,C00433,REQ-1004,2026-07-10 00:51:55,Screen,true,P0449,REQK0004,Finance,USERK0002,USERK0008,20260710
A00813,C00466,REQ-1002,2025-12-18 20:35:32,Withdrawn,false,P0450,REQK0002,Sales,USERK0003,USERK0007,20251218
A00814,C00291,REQ-1023,2026-06-03 12:06:19,Withdrawn,false,P0396,REQK0023,People,USERK0001,USERK0009,20260603
A00815,C00055,REQ-1002,2026-04-28 17:32:46,Withdrawn,false,P0532,REQK0002,Sales,USERK0003,USERK0007,20260428
A00816,C00320,REQ-1020,2026-04-20 01:14:19,Rejected,false,P0175,REQK0020,Engineering,USERK0003,USERK0010,20260420
A00817,C00217,REQ-1011,2026-06-29 22:31:34,Withdrawn,false,P0062,REQK0011,Engineering,USERK0002,USERK0010,20260629
A00818,C00108,REQ-1019,2026-05-02 14:01:36,Withdrawn,false,P0204,REQK0019,Engineering,USERK0004,USERK0010,20260502
A00819,C00398,REQ-1008,2026-07-04 09:09:28,Screen,true,P0402,REQK0008,Sales,USERK0002,USERK0012,20260704
A00820,C00563,REQ-1008,2026-04-07 01:28:38,Rejected,false,P0084,REQK0008,Sales,USERK0002,USERK0012,20260407
A00821,C00570,REQ-1011,2025-12-11 12:16:48,Withdrawn,false,P0308,REQK0011,Engineering,USERK0002,USERK0010,20251211
A00822,C00177,REQ-1012,2026-02-01 23:42:23,Withdrawn,false,P0362,REQK0012,Sales,USERK0002,USERK0012,20260201
A00823,C00240,REQ-1001,2026-05-04 23:37:28,Withdrawn,false,P0286,REQK0001,Data,USERK0003,USERK0006,20260504
A00824,C00334,REQ-1015,2026-04-07 15:15:43,Withdrawn,false,P0256,REQK0015,Engineering,USERK0003,USERK0010,20260407
A00825,C00339,REQ-1023,2026-05-17 09:22:50,Withdrawn,false,P0037,REQK0023,People,USERK0001,USERK0009,20260517
A00826,C00554,REQ-1001,2026-05-18 23:43:39,Hired,false,P0060,REQK0001,Data,USERK0003,USERK0006,20260518
A00827,C00205,REQ-1007,2026-06-29 23:45:35,Withdrawn,false,P0348,REQK0007,People,USERK0003,USERK0009,20260629
A00828,C00518,REQ-1010,2026-06-28 04:41:02,Rejected,false,P0375,REQK0010,Engineering,USERK0003,USERK0005,20260628
A00829,C00483,REQ-1023,2026-03-03 06:54:08,Hired,false,P0292,REQK0023,People,USERK0001,USERK0009,20260303
A00830,C00444,REQ-1005,2026-03-12 03:17:58,Hired,false,P0170,REQK0005,Sales,USERK0004,USERK0012,20260312
A00831,C00004,REQ-1021,2026-06-21 10:29:52,Withdrawn,false,P0437,REQK0021,Finance,USERK0001,USERK0008,20260621
A00832,C00020,REQ-1013,2026-05-20 14:37:26,Rejected,false,P0320,REQK0013,People,USERK0001,USERK0009,20260520
A00833,C00349,REQ-1004,2026-05-17 08:02:47,Rejected,false,P0368,REQK0004,Finance,USERK0002,USERK0008,20260517
A00834,C00464,REQ-1007,2025-12-08 09:34:19,Rejected,false,P0091,REQK0007,People,USERK0003,USERK0009,20251208
A00835,C00564,REQ-1008,2026-04-25 23:07:17,Withdrawn,false,P0130,REQK0008,Sales,USERK0002,USERK0012,20260425
A00836,C00423,REQ-1005,2026-03-19 19:26:50,Withdrawn,false,P0281,REQK0005,Sales,USERK0004,USERK0012,20260319
A00837,C00489,REQ-1020,2026-07-01 16:33:47,Interview,true,P0023,REQK0020,Engineering,USERK0003,USERK0010,20260701
A00838,C00002,REQ-1024,2026-05-02 13:39:32,Hired,false,P0213,REQK0024,Engineering,USERK0001,USERK0005,20260502
A00839,C00570,REQ-1004,2026-06-26 20:47:47,Withdrawn,false,P0308,REQK0004,Finance,USERK0002,USERK0008,20260626
A00840,C00017,REQ-1007,2026-05-02 13:18:30,Withdrawn,false,P0462,REQK0007,People,USERK0003,USERK0009,20260502
A00841,C00031,REQ-1026,2026-06-08 01:59:57,Offer,true,P0238,REQK0026,Sales,USERK0004,USERK0007,20260608
A00842,C00067,REQ-1023,2026-06-15 07:26:05,Rejected,false,P0253,REQK0023,People,USERK0001,USERK0009,20260615
A00843,C00400,REQ-1009,2025-12-11 21:38:02,Screen,false,P0157,REQK0009,Finance,USERK0003,USERK0008,20251211
A00844,C00582,REQ-1012,2025-11-05 17:45:46,Hired,false,P0295,REQK0012,Sales,USERK0002,USERK0012,20251105
A00845,C00189,REQ-1001,2026-05-08 10:57:56,Withdrawn,false,P0328,REQK0001,Data,USERK0003,USERK0006,20260508
A00846,C00126,REQ-1008,2026-05-13 05:39:41,Withdrawn,false,P0208,REQK0008,Sales,USERK0002,USERK0012,20260513
A00847,C00001,REQ-1005,2026-05-31 21:48:42,Rejected,false,P0470,REQK0005,Sales,USERK0004,USERK0012,20260531
A00848,C00569,REQ-1011,2026-06-29 18:51:19,Rejected,false,P0175,REQK0011,Engineering,USERK0002,USERK0010,20260629
A00849,C00413,REQ-1024,2026-06-08 22:24:21,Offer,true,P0226,REQK0024,Engineering,USERK0001,USERK0005,20260608
A00850,C00070,REQ-1017,2026-06-05 22:16:17,Rejected,false,P0120,REQK0017,Data,USERK0001,USERK0011,20260605
A00851,C00323,REQ-1025,2026-03-01 04:58:47,Offer,true,P0557,REQK0025,People,USERK0002,USERK0009,20260301
A00852,C00021,REQ-1005,2026-03-29 00:50:54,Screen,false,P0267,REQK0005,Sales,USERK0004,USERK0012,20260329
A00853,C00572,REQ-1012,2025-10-30 22:16:31,Withdrawn,false,P0240,REQK0012,Sales,USERK0002,USERK0012,20251030
A00854,C00078,REQ-1008,2026-05-13 03:31:59,Withdrawn,false,P0251,REQK0008,Sales,USERK0002,USERK0012,20260513
A00855,C00030,REQ-1006,2026-02-06 00:31:09,Rejected,false,P0392,REQK0006,Data,USERK0003,USERK0011,20260206
A00856,C00158,REQ-1007,2026-05-12 11:06:06,Withdrawn,false,P0448,REQK0007,People,USERK0003,USERK0009,20260512
A00857,C00469,REQ-1026,2026-06-26 18:56:22,Offer,true,P0508,REQK0026,Sales,USERK0004,USERK0007,20260626
A00858,C00039,REQ-1018,2026-05-28 12:33:06,Interview,true,P0228,REQK0018,Data,USERK0001,USERK0006,20260528
A00859,C00548,REQ-1001,2026-06-11 14:28:47,Withdrawn,false,P0241,REQK0001,Data,USERK0003,USERK0006,20260611
A00860,C00074,REQ-1021,2026-06-18 10:49:52,Withdrawn,false,P0310,REQK0021,Finance,USERK0001,USERK0008,20260618
A00861,C00400,REQ-1003,2026-07-10 08:15:01,Rejected,false,P0157,REQK0003,Engineering,USERK0001,USERK0005,20260710
A00862,C00314,REQ-1002,2025-11-01 05:21:17,Rejected,false,P0514,REQK0002,Sales,USERK0003,USERK0007,20251101
A00863,C00143,REQ-1024,2026-07-08 20:14:07,Rejected,false,P0041,REQK0024,Engineering,USERK0001,USERK0005,20260708
A00864,C00062,REQ-1011,2025-10-20 20:33:50,Rejected,false,P0018,REQK0011,Engineering,USERK0002,USERK0010,20251020
A00865,C00314,REQ-1022,2025-12-08 04:33:06,Rejected,false,P0514,REQK0022,Data,USERK0003,USERK0006,20251208
A00866,C00456,REQ-1020,2026-06-03 19:14:43,Rejected,false,P0111,REQK0020,Engineering,USERK0003,USERK0010,20260603
A00867,C00214,REQ-1003,2026-03-24 02:27:17,Withdrawn,false,P0545,REQK0003,Engineering,USERK0001,USERK0005,20260324
A00868,C00318,REQ-1020,2026-05-17 16:41:40,Offer,true,P0033,REQK0020,Engineering,USERK0003,USERK0010,20260517
A00869,C00253,REQ-1014,2025-10-11 15:19:26,Withdrawn,false,P0001,REQK0014,People,USERK0004,USERK0009,20251011
A00870,C00183,REQ-1018,2026-04-25 04:32:38,Hired,false,P0214,REQK0018,Data,USERK0001,USERK0006,20260425
A00871,C00265,REQ-1003,2025-10-29 07:09:02,Rejected,false,P0054,REQK0003,Engineering,USERK0001,USERK0005,20251029
A00872,C00482,REQ-1001,2026-06-07 15:11:15,Rejected,false,P0143,REQK0001,Data,USERK0003,USERK0006,20260607
A00873,C00392,REQ-1019,2026-05-20 07:37:14,Rejected,false,P0056,REQK0019,Engineering,USERK0004,USERK0010,20260520
A00874,C00140,REQ-1026,2026-04-26 02:21:05,Withdrawn,false,P0003,REQK0026,Sales,USERK0004,USERK0007,20260426
A00875,C00598,REQ-1015,2026-04-16 03:34:34,Hired,false,P0071,REQK0015,Engineering,USERK0003,USERK0010,20260416
A00876,C00353,REQ-1011,2026-03-25 00:09:20,Withdrawn,false,P0555,REQK0011,Engineering,USERK0002,USERK0010,20260325
A00877,C00445,REQ-1020,2026-03-29 10:06:52,Withdrawn,false,P0141,REQK0020,Engineering,USERK0003,USERK0010,20260329
A00878,C00191,REQ-1026,2026-05-12 06:14:11,Rejected,false,P0325,REQK0026,Sales,USERK0004,USERK0007,20260512
A00879,C00096,REQ-1008,2026-05-01 05:30:15,Rejected,false,P0300,REQK0008,Sales,USERK0002,USERK0012,20260501
A00880,C00506,REQ-1001,2026-05-08 16:44:38,Withdrawn,false,P0134,REQK0001,Data,USERK0003,USERK0006,20260508
A00881,C00399,REQ-1024,2026-04-29 08:28:39,Withdrawn,false,P0549,REQK0024,Engineering,USERK0001,USERK0005,20260429
A00882,C00459,REQ-1010,2026-03-05 19:41:39,Withdrawn,false,P0383,REQK0010,Engineering,USERK0003,USERK0005,20260305
A00883,C00601,REQ-1003,2025-10-28 01:49:52,Withdrawn,false,P0049,REQK0003,Engineering,USERK0001,USERK0005,20251028
A00884,C00302,REQ-1023,2026-03-26 17:18:33,Withdrawn,false,P0172,REQK0023,People,USERK0001,USERK0009,20260326
A00885,C00096,REQ-1018,2026-07-01 06:00:53,Screen,true,P0300,REQK0018,Data,USERK0001,USERK0006,20260701
A00886,C00021,REQ-1015,2026-03-11 06:53:11,Withdrawn,false,P0267,REQK0015,Engineering,USERK0003,USERK0010,20260311
A00887,C00414,REQ-1021,2026-06-19 21:45:56,Interview,false,P0386,REQK0021,Finance,USERK0001,USERK0008,20260619
A00888,C00010,REQ-1019,2026-05-12 23:41:41,Withdrawn,false,P0007,REQK0019,Engineering,USERK0004,USERK0010,20260512
A00889,C00110,REQ-1006,2026-02-05 08:35:47,Rejected,false,P0266,REQK0006,Data,USERK0003,USERK0011,20260205
A00890,C00230,REQ-1020,2026-06-24 20:05:20,Withdrawn,false,P0500,REQK0020,Engineering,USERK0003,USERK0010,20260624
A00891,C00428,REQ-1010,2026-05-05 10:51:23,Rejected,false,P0070,REQK0010,Engineering,USERK0003,USERK0005,20260505
A00892,C00280,REQ-1020,2026-07-03 11:29:35,Withdrawn,false,P0222,REQK0020,Engineering,USERK0003,USERK0010,20260703
A00893,C00464,REQ-1013,2026-05-12 17:33:29,Hired,false,P0091,REQK0013,People,USERK0001,USERK0009,20260512
A00894,C00569,REQ-1008,2026-04-27 23:53:39,Hired,false,P0175,REQK0008,Sales,USERK0002,USERK0012,20260427
A00895,C00574,REQ-1018,2026-04-28 08:56:59,Hired,false,P0497,REQK0018,Data,USERK0001,USERK0006,20260428
A00896,C00128,REQ-1025,2025-12-16 03:34:24,Rejected,false,P0534,REQK0025,People,USERK0002,USERK0009,20251216
A00897,C00462,REQ-1026,2026-05-12 20:52:45,Offer,false,P0127,REQK0026,Sales,USERK0004,USERK0007,20260512
A00898,C00219,REQ-1008,2026-07-02 21:47:33,Screen,true,P0191,REQK0008,Sales,USERK0002,USERK0012,20260702
A00899,C00564,REQ-1015,2026-03-26 02:56:05,Withdrawn,false,P0130,REQK0015,Engineering,USERK0003,USERK0010,20260326
A00900,C00145,REQ-1016,2026-03-05 02:37:26,Rejected,false,P0271,REQK0016,Sales,USERK0002,USERK0012,20260305
A00901,C00399,REQ-1011,2025-09-25 05:54:51,Withdrawn,false,P0549,REQK0011,Engineering,USERK0002,USERK0010,20250925
A00902,C00518,REQ-1016,2026-07-03 02:43:18,Interview,true,P0375,REQK0016,Sales,USERK0002,USERK0012,20260703
A00903,C00481,REQ-1020,2026-03-10 08:53:38,Rejected,false,P0512,REQK0020,Engineering,USERK0003,USERK0010,20260310
A00904,C00390,REQ-1020,2026-04-11 18:46:01,Withdrawn,false,P0538,REQK0020,Engineering,USERK0003,USERK0010,20260411
A00905,C00341,REQ-1007,2025-12-20 13:12:35,Rejected,false,P0135,REQK0007,People,USERK0003,USERK0009,20251220
A00906,C00148,REQ-1019,2026-07-06 19:14:21,Interview,true,P0276,REQK0019,Engineering,USERK0004,USERK0010,20260706
A00907,C00504,REQ-1005,2026-06-05 23:43:55,Rejected,false,P0255,REQK0005,Sales,USERK0004,USERK0012,20260605
A00908,C00372,REQ-1020,2026-06-04 08:51:08,Rejected,false,P0322,REQK0020,Engineering,USERK0003,USERK0010,20260604
A00909,C00266,REQ-1022,2026-02-28 06:21:48,Interview,false,P0048,REQK0022,Data,USERK0003,USERK0006,20260228
A00910,C00230,REQ-1020,2026-06-08 00:16:37,Rejected,false,P0500,REQK0020,Engineering,USERK0003,USERK0010,20260608
A00911,C00599,REQ-1005,2026-03-06 09:10:10,Withdrawn,false,P0330,REQK0005,Sales,USERK0004,USERK0012,20260306
A00912,C00406,REQ-1026,2026-06-30 16:24:42,Rejected,false,P0132,REQK0026,Sales,USERK0004,USERK0007,20260630
A00913,C00321,REQ-1006,2026-04-15 05:59:25,Rejected,false,P0030,REQK0006,Data,USERK0003,USERK0011,20260415
A00914,C00572,REQ-1020,2026-06-07 23:37:53,Withdrawn,false,P0240,REQK0020,Engineering,USERK0003,USERK0010,20260607
A00915,C00138,REQ-1005,2026-06-14 07:05:00,Rejected,false,P0523,REQK0005,Sales,USERK0004,USERK0012,20260614
A00916,C00518,REQ-1019,2026-07-07 09:52:56,Interview,true,P0375,REQK0019,Engineering,USERK0004,USERK0010,20260707
A00917,C00160,REQ-1021,2026-06-08 19:48:57,Offer,true,P0019,REQK0021,Finance,USERK0001,USERK0008,20260608
A00918,C00291,REQ-1001,2026-06-20 18:28:46,Withdrawn,false,P0396,REQK0001,Data,USERK0003,USERK0006,20260620
A00919,C00280,REQ-1026,2026-04-29 09:22:43,Withdrawn,false,P0222,REQK0026,Sales,USERK0004,USERK0007,20260429
A00920,C00347,REQ-1005,2026-05-30 11:40:12,Withdrawn,false,P0479,REQK0005,Sales,USERK0004,USERK0012,20260530
A00921,C00202,REQ-1015,2026-06-02 20:00:45,Withdrawn,false,P0215,REQK0015,Engineering,USERK0003,USERK0010,20260602
A00922,C00321,REQ-1023,2026-03-16 08:43:11,Rejected,false,P0030,REQK0023,People,USERK0001,USERK0009,20260316
A00923,C00202,REQ-1007,2025-10-19 16:37:37,Rejected,false,P0215,REQK0007,People,USERK0003,USERK0009,20251019
A00924,C00302,REQ-1009,2026-04-26 03:27:25,Withdrawn,false,P0172,REQK0009,Finance,USERK0003,USERK0008,20260426
A00925,C00197,REQ-1019,2026-06-12 16:38:36,Interview,false,P0133,REQK0019,Engineering,USERK0004,USERK0010,20260612
A00926,C00598,REQ-1014,2026-06-25 21:16:10,Withdrawn,false,P0071,REQK0014,People,USERK0004,USERK0009,20260625
A00927,C00232,REQ-1008,2026-06-22 15:38:09,Rejected,false,P0184,REQK0008,Sales,USERK0002,USERK0012,20260622
A00928,C00464,REQ-1011,2026-05-29 01:25:09,Rejected,false,P0091,REQK0011,Engineering,USERK0002,USERK0010,20260529
A00930,C00224,REQ-1001,2026-06-24 16:40:59,Rejected,false,P0270,REQK0001,Data,USERK0003,USERK0006,20260624
A00931,C00143,REQ-1019,2026-06-15 11:06:21,Rejected,false,P0041,REQK0019,Engineering,USERK0004,USERK0010,20260615
A00932,C00436,REQ-1008,2026-04-14 14:25:05,Hired,false,P0083,REQK0008,Sales,USERK0002,USERK0012,20260414
A00933,C00245,REQ-1001,2026-05-30 18:34:26,Withdrawn,false,P0161,REQK0001,Data,USERK0003,USERK0006,20260530
A00934,C00357,REQ-1012,2026-06-09 21:56:31,Offer,true,P0216,REQK0012,Sales,USERK0002,USERK0012,20260609
A00935,C00131,REQ-1010,2026-05-26 02:35:44,Offer,true,P0428,REQK0010,Engineering,USERK0003,USERK0005,20260526
A00936,C00457,REQ-1005,2026-04-16 00:32:13,Withdrawn,false,P0453,REQK0005,Sales,USERK0004,USERK0012,20260416
A00937,C00539,REQ-1007,2026-05-30 19:06:49,Hired,false,P0400,REQK0007,People,USERK0003,USERK0009,20260530
A00938,C00519,REQ-1025,2026-03-01 00:49:26,Withdrawn,false,P0176,REQK0025,People,USERK0002,USERK0009,20260301
A00939,C00110,REQ-1004,2026-05-26 13:05:22,Rejected,false,P0266,REQK0004,Finance,USERK0002,USERK0008,20260526
A00940,C00019,REQ-1004,2026-05-21 02:08:09,Withdrawn,false,P0275,REQK0004,Finance,USERK0002,USERK0008,20260521
A00941,C00393,REQ-1001,2026-06-06 01:39:00,Offer,true,P0530,REQK0001,Data,USERK0003,USERK0006,20260606
A00942,C00382,REQ-1010,2026-07-08 00:35:14,Rejected,false,P0491,REQK0010,Engineering,USERK0003,USERK0005,20260708
A00943,C00411,REQ-1022,2026-05-22 00:34:43,Withdrawn,false,P0036,REQK0022,Data,USERK0003,USERK0006,20260522
A00944,C00387,REQ-1011,2026-03-14 21:12:52,Rejected,false,P0493,REQK0011,Engineering,USERK0002,USERK0010,20260314
A00945,C00380,REQ-1019,2026-06-11 08:02:53,Offer,true,P0521,REQK0019,Engineering,USERK0004,USERK0010,20260611
A00946,C00497,REQ-1023,2026-06-18 06:30:33,Rejected,false,P0367,REQK0023,People,USERK0001,USERK0009,20260618
A00947,C00362,REQ-1023,2026-05-09 16:13:38,Withdrawn,false,P0040,REQK0023,People,USERK0001,USERK0009,20260509
A00948,C00216,REQ-1019,2026-04-26 01:37:25,Withdrawn,false,P0058,REQK0019,Engineering,USERK0004,USERK0010,20260426
A00949,C00118,REQ-1007,2026-02-26 07:33:29,Withdrawn,false,P0094,REQK0007,People,USERK0003,USERK0009,20260226
A00950,C00179,REQ-1018,2026-06-25 03:06:47,Withdrawn,false,P0261,REQK0018,Data,USERK0001,USERK0006,20260625
A00951,C00178,REQ-1021,2026-05-07 17:45:44,Hired,false,P0080,REQK0021,Finance,USERK0001,USERK0008,20260507
A00952,C00368,REQ-1026,2026-06-05 20:16:14,Withdrawn,false,P0527,REQK0026,Sales,USERK0004,USERK0007,20260605
A00953,C00123,REQ-1025,2026-06-13 08:30:48,Withdrawn,false,P0355,REQK0025,People,USERK0002,USERK0009,20260613
A00954,C00538,REQ-1025,2026-04-23 02:38:24,Hired,false,P0160,REQK0025,People,USERK0002,USERK0009,20260423
A00955,C00168,REQ-1005,2026-07-11 08:20:57,Screen,true,P0265,REQK0005,Sales,USERK0004,USERK0012,20260711
A00956,C00026,REQ-1012,2026-05-06 09:51:36,Withdrawn,false,P0302,REQK0012,Sales,USERK0002,USERK0012,20260506
A00957,C00041,REQ-1024,2026-04-17 19:25:59,Rejected,false,P0147,REQK0024,Engineering,USERK0001,USERK0005,20260417
A00958,C00022,REQ-1012,2026-04-20 10:41:57,Screen,false,P0026,REQK0012,Sales,USERK0002,USERK0012,20260420
A00959,C00058,REQ-1001,2026-05-20 08:35:09,Rejected,false,P0067,REQK0001,Data,USERK0003,USERK0006,20260520
A00960,C00014,REQ-1026,2026-05-13 15:29:42,Screen,false,P0087,REQK0026,Sales,USERK0004,USERK0007,20260513
A00961,C00412,REQ-1002,2026-02-17 07:35:37,Interview,false,P0413,REQK0002,Sales,USERK0003,USERK0007,20260217
A00962,C00362,REQ-1011,2026-05-20 05:36:18,Hired,false,P0040,REQK0011,Engineering,USERK0002,USERK0010,20260520
A00963,C00276,REQ-1008,2026-04-10 07:57:49,Rejected,false,P0195,REQK0008,Sales,USERK0002,USERK0012,20260410
A00965,C00478,REQ-1017,2025-11-20 14:18:15,Rejected,false,P0011,REQK0017,Data,USERK0001,USERK0011,20251120
A00966,C00206,REQ-1002,2025-12-26 19:51:24,Withdrawn,false,P0153,REQK0002,Sales,USERK0003,USERK0007,20251226
A00967,C00268,REQ-1015,2026-02-11 02:05:01,Withdrawn,false,P0496,REQK0015,Engineering,USERK0003,USERK0010,20260211
A00968,C00340,REQ-1010,2026-06-04 02:59:29,Withdrawn,false,P0472,REQK0010,Engineering,USERK0003,USERK0005,20260604
A00969,C00414,REQ-1005,2026-04-16 18:10:04,Withdrawn,false,P0386,REQK0005,Sales,USERK0004,USERK0012,20260416
A00970,C00083,REQ-1017,2026-03-17 09:43:04,Withdrawn,false,P0373,REQK0017,Data,USERK0001,USERK0011,20260317
A00971,C00122,REQ-1010,2026-06-12 16:01:50,Rejected,false,P0334,REQK0010,Engineering,USERK0003,USERK0005,20260612
A00972,C00066,REQ-1007,2026-06-05 21:34:10,Withdrawn,false,P0370,REQK0007,People,USERK0003,USERK0009,20260605
A00973,C00232,REQ-1018,2026-03-20 01:07:35,Rejected,false,P0184,REQK0018,Data,USERK0001,USERK0006,20260320
A00974,C00210,REQ-1001,2026-06-08 00:11:04,Offer,true,P0032,REQK0001,Data,USERK0003,USERK0006,20260608
A00975,C00491,REQ-1011,2026-05-07 15:38:52,Hired,false,P0473,REQK0011,Engineering,USERK0002,USERK0010,20260507
A00976,C00482,REQ-1020,2026-05-22 05:12:02,Withdrawn,false,P0143,REQK0020,Engineering,USERK0003,USERK0010,20260522
A00977,C00463,REQ-1020,2026-03-30 08:34:45,Rejected,false,P0258,REQK0020,Engineering,USERK0003,USERK0010,20260330
A00978,C00227,REQ-1001,2026-06-30 14:26:11,Withdrawn,false,P0435,REQK0001,Data,USERK0003,USERK0006,20260630
A00979,C00257,REQ-1016,2026-05-14 00:44:45,Offer,true,P0408,REQK0016,Sales,USERK0002,USERK0012,20260514
A00980,C00279,REQ-1010,2026-06-14 02:16:01,Rejected,false,P0167,REQK0010,Engineering,USERK0003,USERK0005,20260614
A00981,C00169,REQ-1021,2026-06-07 19:32:01,Rejected,false,P0548,REQK0021,Finance,USERK0001,USERK0008,20260607
A00982,C00552,REQ-1011,2026-02-10 14:10:09,Rejected,false,P0411,REQK0011,Engineering,USERK0002,USERK0010,20260210
A00983,C00110,REQ-1008,2026-05-05 14:23:23,Offer,true,P0266,REQK0008,Sales,USERK0002,USERK0012,20260505
A00984,C00242,REQ-1006,2026-06-28 09:16:40,Rejected,false,P0398,REQK0006,Data,USERK0003,USERK0011,20260628
A00985,C00493,REQ-1020,2026-04-11 05:38:26,Hired,false,P0419,REQK0020,Engineering,USERK0003,USERK0010,20260411
A00986,C00472,REQ-1011,2026-07-03 01:49:28,Interview,true,P0519,REQK0011,Engineering,USERK0002,USERK0010,20260703
A00987,C00173,REQ-1003,2026-05-06 10:07:31,Rejected,false,P0339,REQK0003,Engineering,USERK0001,USERK0005,20260506
A00988,C00055,REQ-1019,2026-06-19 14:09:25,Offer,true,P0532,REQK0019,Engineering,USERK0004,USERK0010,20260619
A00989,C00448,REQ-1004,2026-05-18 14:31:01,Offer,true,P0539,REQK0004,Finance,USERK0002,USERK0008,20260518
A00990,C00407,REQ-1025,2026-02-19 23:20:34,Rejected,false,P0365,REQK0025,People,USERK0002,USERK0009,20260219
A00991,C00229,REQ-1017,2026-02-13 04:32:40,Withdrawn,false,P0125,REQK0017,Data,USERK0001,USERK0011,20260213
A00992,C00004,REQ-1017,2026-01-11 15:54:53,Withdrawn,false,P0437,REQK0017,Data,USERK0001,USERK0011,20260111
A00993,C00533,REQ-1025,2025-12-31 19:25:55,Offer,true,P0403,REQK0025,People,USERK0002,USERK0009,20251231
A00994,C00390,REQ-1003,2025-12-01 10:46:10,Hired,false,P0538,REQK0003,Engineering,USERK0001,USERK0005,20251201
A00995,C00471,REQ-1006,2026-01-15 04:16:57,Withdrawn,false,P0114,REQK0006,Data,USERK0003,USERK0011,20260115
A00996,C00539,REQ-1014,2025-11-14 19:53:50,Rejected,false,P0400,REQK0014,People,USERK0004,USERK0009,20251114
A00998,C00519,REQ-1003,2026-06-15 19:46:07,Rejected,false,P0176,REQK0003,Engineering,USERK0001,USERK0005,20260615
A00999,C00415,REQ-1023,2026-05-27 17:49:25,Rejected,false,P0329,REQK0023,People,USERK0001,USERK0009,20260527
A01000,C00582,REQ-1020,2026-05-12 20:06:28,Rejected,false,P0295,REQK0020,Engineering,USERK0003,USERK0010,20260512
A01001,C00049,REQ-1015,2026-05-22 01:55:22,Withdrawn,false,P0246,REQK0015,Engineering,USERK0003,USERK0010,20260522
A01002,C00218,REQ-1001,2026-06-26 00:06:07,Withdrawn,false,P0136,REQK0001,Data,USERK0003,USERK0006,20260626
A01003,C00574,REQ-1014,2026-05-28 11:51:31,Withdrawn,false,P0497,REQK0014,People,USERK0004,USERK0009,20260528
A01004,C00288,REQ-1024,2026-05-27 18:34:26,Withdrawn,false,P0443,REQK0024,Engineering,USERK0001,USERK0005,20260527
A01005,C00104,REQ-1012,2026-02-04 04:21:37,Screen,false,P0513,REQK0012,Sales,USERK0002,USERK0012,20260204
A01006,C00572,REQ-1019,2026-06-28 20:36:32,Screen,false,P0240,REQK0019,Engineering,USERK0004,USERK0010,20260628
A01007,C00191,REQ-1012,2026-05-16 17:17:30,Rejected,false,P0325,REQK0012,Sales,USERK0002,USERK0012,20260516
A01008,C00411,REQ-1008,2026-05-07 03:14:24,Offer,true,P0036,REQK0008,Sales,USERK0002,USERK0012,20260507
A01009,C00109,REQ-1017,2026-05-10 06:26:46,Hired,false,P0159,REQK0017,Data,USERK0001,USERK0011,20260510
A01010,C00121,REQ-1025,2026-06-04 01:13:20,Withdrawn,false,P0076,REQK0025,People,USERK0002,USERK0009,20260604
A01011,C00107,REQ-1015,2026-01-31 07:30:45,Withdrawn,false,P0262,REQK0015,Engineering,USERK0003,USERK0010,20260131
A01012,C00414,REQ-1002,2025-10-24 00:50:40,Offer,true,P0386,REQK0002,Sales,USERK0003,USERK0007,20251024
A01013,C00002,REQ-1009,2026-02-25 12:35:59,Offer,true,P0213,REQK0009,Finance,USERK0003,USERK0008,20260225
A01014,C00116,REQ-1001,2026-05-01 16:00:30,Rejected,false,P0144,REQK0001,Data,USERK0003,USERK0006,20260501
A01015,C00281,REQ-1006,2026-01-20 08:02:30,Withdrawn,false,P0202,REQK0006,Data,USERK0003,USERK0011,20260120
A01016,C00264,REQ-1016,2026-06-26 10:19:49,Offer,true,P0414,REQK0016,Sales,USERK0002,USERK0012,20260626
A01017,C00330,REQ-1023,2026-07-09 07:50:51,Screen,true,P0073,REQK0023,People,USERK0001,USERK0009,20260709
A01018,C00346,REQ-1019,2026-05-25 02:35:36,Withdrawn,false,P0350,REQK0019,Engineering,USERK0004,USERK0010,20260525
A01019,C00145,REQ-1026,2026-05-19 02:04:54,Offer,true,P0271,REQK0026,Sales,USERK0004,USERK0007,20260519
A01020,C00567,REQ-1001,2026-05-02 05:57:59,Withdrawn,false,P0166,REQK0001,Data,USERK0003,USERK0006,20260502
A01021,C00581,REQ-1009,2025-12-03 20:15:06,Screen,false,P0032,REQK0009,Finance,USERK0003,USERK0008,20251203
A01022,C00392,REQ-1013,2026-03-13 23:29:51,Withdrawn,false,P0056,REQK0013,People,USERK0001,USERK0009,20260313
A01023,C00349,REQ-1013,2026-04-29 04:59:41,Withdrawn,false,P0368,REQK0013,People,USERK0001,USERK0009,20260429
A01024,C00397,REQ-1005,2026-06-16 01:02:24,Withdrawn,false,P0162,REQK0005,Sales,USERK0004,USERK0012,20260616
A01025,C00409,REQ-1008,2026-04-28 19:14:19,Withdrawn,false,P0522,REQK0008,Sales,USERK0002,USERK0012,20260428
A01026,C00032,REQ-1018,2026-03-23 05:54:38,Rejected,false,P0306,REQK0018,Data,USERK0001,USERK0006,20260323
A01027,C00522,REQ-1016,2026-01-16 01:59:23,Withdrawn,false,P0444,REQK0016,Sales,USERK0002,USERK0012,20260116
A01028,C00571,REQ-1018,2026-03-17 15:16:36,Withdrawn,false,P0293,REQK0018,Data,USERK0001,USERK0006,20260317
A01029,C00518,REQ-1016,2026-02-27 08:21:43,Withdrawn,false,P0375,REQK0016,Sales,USERK0002,USERK0012,20260227
A01030,C00327,REQ-1001,2026-05-26 13:22:59,Rejected,false,P0082,REQK0001,Data,USERK0003,USERK0006,20260526
A01031,C00283,REQ-1009,2025-11-07 03:35:08,Offer,true,P0190,REQK0009,Finance,USERK0003,USERK0008,20251107
A01032,C00303,REQ-1014,2025-11-03 02:25:56,Withdrawn,false,P0006,REQK0014,People,USERK0004,USERK0009,20251103
A01033,C00077,REQ-1022,2026-01-20 16:19:24,Offer,false,P0103,REQK0022,Data,USERK0003,USERK0006,20260120
A01034,C00102,REQ-1025,2026-03-13 08:31:29,Withdrawn,false,P0145,REQK0025,People,USERK0002,USERK0009,20260313
A01035,C00034,REQ-1002,2026-03-18 22:16:17,Rejected,false,P0186,REQK0002,Sales,USERK0003,USERK0007,20260318
A01036,C00543,REQ-1008,2026-06-01 18:20:55,Offer,true,P0536,REQK0008,Sales,USERK0002,USERK0012,20260601
A01037,C00115,REQ-1004,2026-06-16 04:31:33,Withdrawn,false,P0166,REQK0004,Finance,USERK0002,USERK0008,20260616
A01038,C00255,REQ-1021,2026-06-03 05:48:38,Withdrawn,false,P0115,REQK0021,Finance,USERK0001,USERK0008,20260603
A01039,C00402,REQ-1013,2026-02-25 18:31:55,Rejected,false,P0046,REQK0013,People,USERK0001,USERK0009,20260225
A01040,C00044,REQ-1023,2026-05-14 21:28:27,Withdrawn,false,P0248,REQK0023,People,USERK0001,USERK0009,20260514
A01041,C00188,REQ-1010,2026-03-06 20:13:48,Withdrawn,false,P0457,REQK0010,Engineering,USERK0003,USERK0005,20260306
A01042,C00302,REQ-1016,2026-01-12 11:49:27,Rejected,false,P0172,REQK0016,Sales,USERK0002,USERK0012,20260112
A01043,C00217,REQ-1013,2026-05-12 07:49:34,Hired,false,P0062,REQK0013,People,USERK0001,USERK0009,20260512
A01044,C00030,REQ-1005,2026-05-16 06:42:27,Withdrawn,false,P0392,REQK0005,Sales,USERK0004,USERK0012,20260516
A01045,C00338,REQ-1017,2025-11-18 12:42:39,Rejected,false,P0063,REQK0017,Data,USERK0001,USERK0011,20251118
A01046,C00389,REQ-1005,2026-06-20 06:08:14,Withdrawn,false,P0381,REQK0005,Sales,USERK0004,USERK0012,20260620
A01047,C00411,REQ-1009,2026-01-23 15:57:42,Rejected,false,P0036,REQK0009,Finance,USERK0003,USERK0008,20260123
A01048,C00017,REQ-1010,2026-06-22 23:14:43,Rejected,false,P0462,REQK0010,Engineering,USERK0003,USERK0005,20260622
A01049,C00168,REQ-1021,2026-07-06 04:54:17,Rejected,false,P0265,REQK0021,Finance,USERK0001,USERK0008,20260706
A01050,C00496,REQ-1001,2026-04-30 17:14:23,Rejected,false,P0116,REQK0001,Data,USERK0003,USERK0006,20260430
A01051,C00531,REQ-1004,2026-05-04 03:50:04,Withdrawn,false,P0077,REQK0004,Finance,USERK0002,USERK0008,20260504
A01052,C00178,REQ-1017,2026-01-06 06:47:46,Rejected,false,P0080,REQK0017,Data,USERK0001,USERK0011,20260106
A01053,C00136,REQ-1026,2026-06-20 13:03:03,Rejected,false,P0099,REQK0026,Sales,USERK0004,USERK0007,20260620
A01054,C00445,REQ-1015,2026-02-15 21:12:39,Withdrawn,false,P0141,REQK0015,Engineering,USERK0003,USERK0010,20260215
A01055,C00216,REQ-1020,2026-05-07 18:12:51,Withdrawn,false,P0058,REQK0020,Engineering,USERK0003,USERK0010,20260507
A01056,C00596,REQ-1026,2026-06-17 12:20:53,Offer,true,P0351,REQK0026,Sales,USERK0004,USERK0007,20260617
A01057,C00175,REQ-1009,2026-01-31 01:17:55,Rejected,false,P0544,REQK0009,Finance,USERK0003,USERK0008,20260131
A01058,C00322,REQ-1011,2025-12-15 23:27:38,Rejected,false,P0425,REQK0011,Engineering,USERK0002,USERK0010,20251215
A01059,C00440,REQ-1025,2026-02-15 14:50:11,Withdrawn,false,P0057,REQK0025,People,USERK0002,USERK0009,20260215
A01060,C00030,REQ-1002,2025-11-15 11:31:33,Rejected,false,P0392,REQK0002,Sales,USERK0003,USERK0007,20251115
A01061,C00554,REQ-1025,2026-02-08 23:02:19,Offer,false,P0060,REQK0025,People,USERK0002,USERK0009,20260208
A01062,C00145,REQ-1011,2026-06-23 16:22:10,Withdrawn,false,P0271,REQK0011,Engineering,USERK0002,USERK0010,20260623
A01063,C00482,REQ-1009,2026-05-12 08:18:17,Withdrawn,false,P0143,REQK0009,Finance,USERK0003,USERK0008,20260512
A01064,C00304,REQ-1013,2026-01-28 16:53:58,Withdrawn,false,P0223,REQK0013,People,USERK0001,USERK0009,20260128
A01065,C00598,REQ-1009,2025-12-26 16:36:56,Offer,false,P0071,REQK0009,Finance,USERK0003,USERK0008,20251226
A01066,C00544,REQ-1016,2026-04-02 02:38:27,Withdrawn,false,P0012,REQK0016,Sales,USERK0002,USERK0012,20260402
A01067,C00341,REQ-1016,2026-04-28 13:09:39,Hired,false,P0135,REQK0016,Sales,USERK0002,USERK0012,20260428
A01068,C00423,REQ-1015,2026-06-14 18:48:08,Withdrawn,false,P0281,REQK0015,Engineering,USERK0003,USERK0010,20260614
A01069,C00434,REQ-1022,2026-04-07 18:47:06,Withdrawn,false,P0074,REQK0022,Data,USERK0003,USERK0006,20260407
A01070,C00425,REQ-1023,2026-05-18 02:00:09,Withdrawn,false,P0358,REQK0023,People,USERK0001,USERK0009,20260518
A01071,C00457,REQ-1017,2026-03-01 05:53:19,Withdrawn,false,P0453,REQK0017,Data,USERK0001,USERK0011,20260301
A01072,C00151,REQ-1015,2026-05-30 14:09:13,Withdrawn,false,P0492,REQK0015,Engineering,USERK0003,USERK0010,20260530
A01073,C00488,REQ-1004,2026-06-07 22:24:43,Rejected,false,P0129,REQK0004,Finance,USERK0002,USERK0008,20260607
A01074,C00371,REQ-1007,2026-02-23 04:27:29,Withdrawn,false,P0249,REQK0007,People,USERK0003,USERK0009,20260223
A01075,C00375,REQ-1003,2026-06-20 06:36:47,Withdrawn,false,P0374,REQK0003,Engineering,USERK0001,USERK0005,20260620
A01076,C00309,REQ-1007,2026-06-23 11:26:48,Interview,true,P0122,REQK0007,People,USERK0003,USERK0009,20260623
A01077,C00089,REQ-1020,2026-03-08 14:04:42,Screen,false,P0154,REQK0020,Engineering,USERK0003,USERK0010,20260308
A01078,C00018,REQ-1024,2026-06-18 10:32:36,Rejected,false,P0034,REQK0024,Engineering,USERK0001,USERK0005,20260618
A01079,C00298,REQ-1014,2026-02-19 19:34:35,Withdrawn,false,P0177,REQK0014,People,USERK0004,USERK0009,20260219
A01080,C00435,REQ-1003,2025-10-29 09:21:25,Withdrawn,false,P0010,REQK0003,Engineering,USERK0001,USERK0005,20251029
A01081,C00123,REQ-1022,2025-11-20 13:48:08,Withdrawn,false,P0355,REQK0022,Data,USERK0003,USERK0006,20251120
A01082,C00268,REQ-1019,2026-06-04 11:31:12,Offer,true,P0496,REQK0019,Engineering,USERK0004,USERK0010,20260604
A01083,C00544,REQ-1009,2025-12-14 04:45:52,Rejected,false,P0012,REQK0009,Finance,USERK0003,USERK0008,20251214
A01084,C00551,REQ-1022,2025-10-22 00:52:12,Rejected,false,P0149,REQK0022,Data,USERK0003,USERK0006,20251022
A01085,C00093,REQ-1008,2026-05-29 09:39:42,Withdrawn,false,P0150,REQK0008,Sales,USERK0002,USERK0012,20260529
A01086,C00343,REQ-1021,2026-07-11 00:52:40,Withdrawn,false,P0173,REQK0021,Finance,USERK0001,USERK0008,20260711
A01088,C00472,REQ-1003,2026-05-31 21:54:50,Hired,false,P0519,REQK0003,Engineering,USERK0001,USERK0005,20260531
A01089,C00563,REQ-1008,2026-06-11 01:30:43,Offer,true,P0084,REQK0008,Sales,USERK0002,USERK0012,20260611
A01091,C00357,REQ-1025,2026-06-10 15:16:39,Withdrawn,false,P0216,REQK0025,People,USERK0002,USERK0009,20260610
A01092,C00062,REQ-1018,2025-12-25 04:05:13,Rejected,false,P0018,REQK0018,Data,USERK0001,USERK0006,20251225
A01093,C00488,REQ-1019,2026-05-20 12:32:19,Withdrawn,false,P0129,REQK0019,Engineering,USERK0004,USERK0010,20260520
A01094,C00328,REQ-1013,2026-05-10 15:35:04,Rejected,false,P0494,REQK0013,People,USERK0001,USERK0009,20260510
A01095,C00437,REQ-1009,2025-12-22 11:30:35,Hired,false,P0541,REQK0009,Finance,USERK0003,USERK0008,20251222
A01096,C00052,REQ-1001,2026-07-05 16:27:12,Withdrawn,false,P0088,REQK0001,Data,USERK0003,USERK0006,20260705
A01097,C00570,REQ-1018,2026-05-24 05:46:45,Hired,false,P0308,REQK0018,Data,USERK0001,USERK0006,20260524
A01098,C00289,REQ-1023,2026-06-06 03:51:57,Rejected,false,P0440,REQK0023,People,USERK0001,USERK0009,20260606
A01099,C00217,REQ-1001,2026-07-08 10:41:17,Interview,true,P0062,REQK0001,Data,USERK0003,USERK0006,20260708
A01100,C00032,REQ-1003,2025-11-09 21:10:09,Rejected,false,P0306,REQK0003,Engineering,USERK0001,USERK0005,20251109
A01101,C00466,REQ-1004,2026-04-26 02:37:39,Withdrawn,false,P0450,REQK0004,Finance,USERK0002,USERK0008,20260426
A01102,C00208,REQ-1025,2026-02-25 03:38:28,Screen,false,P0507,REQK0025,People,USERK0002,USERK0009,20260225
A01103,C00431,REQ-1019,2026-06-07 01:21:16,Rejected,false,P0089,REQK0019,Engineering,USERK0004,USERK0010,20260607
A01104,C00203,REQ-1004,2026-05-16 22:01:25,Hired,false,P0169,REQK0004,Finance,USERK0002,USERK0008,20260516
A01105,C00018,REQ-1002,2026-06-03 02:12:18,Rejected,false,P0034,REQK0002,Sales,USERK0003,USERK0007,20260603
A01106,C00327,REQ-1022,2025-12-27 10:12:54,Rejected,false,P0082,REQK0022,Data,USERK0003,USERK0006,20251227
A01107,C00593,REQ-1012,2025-10-12 01:17:54,Withdrawn,false,P0208,REQK0012,Sales,USERK0002,USERK0012,20251012
A01108,C00048,REQ-1006,2026-02-01 12:07:43,Withdrawn,false,P0052,REQK0006,Data,USERK0003,USERK0011,20260201
A01109,C00572,REQ-1022,2025-12-17 02:19:01,Rejected,false,P0240,REQK0022,Data,USERK0003,USERK0006,20251217
A01110,C00085,REQ-1021,2026-06-07 19:17:57,Withdrawn,false,P0342,REQK0021,Finance,USERK0001,USERK0008,20260607
A01111,C00192,REQ-1011,2026-01-09 13:59:40,Rejected,false,P0341,REQK0011,Engineering,USERK0002,USERK0010,20260109
A01112,C00293,REQ-1021,2026-05-07 23:45:04,Hired,false,P0361,REQK0021,Finance,USERK0001,USERK0008,20260507
A01113,C00113,REQ-1004,2026-06-28 02:54:13,Rejected,false,P0065,REQK0004,Finance,USERK0002,USERK0008,20260628
A01114,C00591,REQ-1004,2026-07-02 15:24:06,Rejected,false,P0002,REQK0004,Finance,USERK0002,USERK0008,20260702
A01115,C00483,REQ-1014,2026-03-12 14:47:29,Withdrawn,false,P0292,REQK0014,People,USERK0004,USERK0009,20260312
A01116,C00164,REQ-1021,2026-05-06 11:21:06,Withdrawn,false,P0501,REQK0021,Finance,USERK0001,USERK0008,20260506
A01117,C00569,REQ-1020,2026-06-25 06:15:59,Rejected,false,P0175,REQK0020,Engineering,USERK0003,USERK0010,20260625
A01118,C00462,REQ-1006,2026-03-25 11:54:01,Screen,false,P0127,REQK0006,Data,USERK0003,USERK0011,20260325
A01119,C00267,REQ-1012,2026-03-23 10:19:54,Rejected,false,P0254,REQK0012,Sales,USERK0002,USERK0012,20260323
A01120,C00571,REQ-1010,2026-06-25 09:30:17,Interview,true,P0293,REQK0010,Engineering,USERK0003,USERK0005,20260625
A01121,C00224,REQ-1019,2026-06-20 19:59:43,Rejected,false,P0270,REQK0019,Engineering,USERK0004,USERK0010,20260620
A01122,C00447,REQ-1020,2026-04-21 10:26:41,Withdrawn,false,P0533,REQK0020,Engineering,USERK0003,USERK0010,20260421
A01123,C00446,REQ-1024,2026-05-29 17:14:41,Offer,true,P0156,REQK0024,Engineering,USERK0001,USERK0005,20260529
A01124,C00576,REQ-1014,2026-02-26 21:23:08,Withdrawn,false,P0202,REQK0014,People,USERK0004,USERK0009,20260226
A01125,C00490,REQ-1022,2026-02-04 01:08:56,Rejected,false,P0108,REQK0022,Data,USERK0003,USERK0006,20260204
A01126,C00510,REQ-1012,2026-03-20 19:05:01,Rejected,false,P0382,REQK0012,Sales,USERK0002,USERK0012,20260320
A01127,C00247,REQ-1022,2026-04-18 20:10:42,Withdrawn,false,P0297,REQK0022,Data,USERK0003,USERK0006,20260418
A01128,C00350,REQ-1021,2026-06-06 01:16:48,Offer,true,P0327,REQK0021,Finance,USERK0001,USERK0008,20260606
A01129,C00266,REQ-1014,2025-12-06 20:30:53,Rejected,false,P0048,REQK0014,People,USERK0004,USERK0009,20251206
A01130,C00538,REQ-1005,2026-06-28 00:25:34,Withdrawn,false,P0160,REQK0005,Sales,USERK0004,USERK0012,20260628
A01131,C00523,REQ-1007,2026-06-25 15:13:29,Offer,true,P0196,REQK0007,People,USERK0003,USERK0009,20260625
A01132,C00446,REQ-1011,2026-06-16 00:53:54,Withdrawn,false,P0156,REQK0011,Engineering,USERK0002,USERK0010,20260616
A01133,C00513,REQ-1008,2026-04-08 07:05:30,Rejected,false,P0285,REQK0008,Sales,USERK0002,USERK0012,20260408
A01134,C00460,REQ-1017,2026-02-02 11:50:19,Hired,false,P0432,REQK0017,Data,USERK0001,USERK0011,20260202
A01135,C00293,REQ-1008,2026-06-17 04:00:30,Offer,true,P0361,REQK0008,Sales,USERK0002,USERK0012,20260617
A01136,C00526,REQ-1007,2026-02-09 08:38:25,Withdrawn,false,P0072,REQK0007,People,USERK0003,USERK0009,20260209
A01137,C00264,REQ-1016,2026-05-18 07:15:04,Offer,false,P0414,REQK0016,Sales,USERK0002,USERK0012,20260518
A01138,C00169,REQ-1010,2026-04-04 04:32:30,Rejected,false,P0548,REQK0010,Engineering,USERK0003,USERK0005,20260404
A01139,C00060,REQ-1014,2025-12-28 14:22:16,Rejected,false,P0203,REQK0014,People,USERK0004,USERK0009,20251228
A01140,C00095,REQ-1017,2026-04-15 08:30:58,Rejected,false,P0224,REQK0017,Data,USERK0001,USERK0011,20260415
A01141,C00084,REQ-1022,2026-07-07 15:14:30,Withdrawn,false,P0078,REQK0022,Data,USERK0003,USERK0006,20260707
A01142,C00174,REQ-1004,2026-07-02 03:52:02,Screen,true,P0390,REQK0004,Finance,USERK0002,USERK0008,20260702
A01143,C00505,REQ-1012,2026-05-26 14:27:18,Withdrawn,false,P0537,REQK0012,Sales,USERK0002,USERK0012,20260526
A01144,C00384,REQ-1004,2026-06-19 18:59:11,Withdrawn,false,P0412,REQK0004,Finance,USERK0002,USERK0008,20260619
A01145,C00489,REQ-1016,2026-05-24 07:20:13,Rejected,false,P0023,REQK0016,Sales,USERK0002,USERK0012,20260524
A01146,C00018,REQ-1019,2026-06-10 10:43:32,Withdrawn,false,P0034,REQK0019,Engineering,USERK0004,USERK0010,20260610
A01147,C00310,REQ-1005,2026-07-09 00:25:38,Rejected,false,P0035,REQK0005,Sales,USERK0004,USERK0012,20260709
A01148,C00063,REQ-1005,2026-06-26 08:23:50,Withdrawn,false,P0188,REQK0005,Sales,USERK0004,USERK0012,20260626
A01149,C00297,REQ-1016,2026-05-12 09:03:04,Hired,false,P0273,REQK0016,Sales,USERK0002,USERK0012,20260512
A01150,C00157,REQ-1016,2026-01-07 04:04:21,Rejected,false,P0086,REQK0016,Sales,USERK0002,USERK0012,20260107
A01151,C00498,REQ-1019,2026-05-15 13:01:17,Withdrawn,false,P0113,REQK0019,Engineering,USERK0004,USERK0010,20260515
A01152,C00157,REQ-1002,2026-04-05 00:38:09,Withdrawn,false,P0086,REQK0002,Sales,USERK0003,USERK0007,20260405
A01153,C00284,REQ-1024,2026-04-25 08:23:22,Withdrawn,false,P0059,REQK0024,Engineering,USERK0001,USERK0005,20260425
A01154,C00344,REQ-1017,2025-12-06 14:38:51,Rejected,false,P0291,REQK0017,Data,USERK0001,USERK0011,20251206
A01155,C00432,REQ-1012,2026-02-18 21:20:38,Withdrawn,false,P0372,REQK0012,Sales,USERK0002,USERK0012,20260218
A01156,C00344,REQ-1021,2026-05-08 14:51:36,Withdrawn,false,P0291,REQK0021,Finance,USERK0001,USERK0008,20260508
A01157,C00190,REQ-1009,2025-11-07 15:24:04,Withdrawn,false,P0005,REQK0009,Finance,USERK0003,USERK0008,20251107
A01158,C00226,REQ-1019,2026-05-15 06:37:25,Hired,false,P0517,REQK0019,Engineering,USERK0004,USERK0010,20260515
A01159,C00397,REQ-1008,2026-05-29 01:58:00,Hired,false,P0162,REQK0008,Sales,USERK0002,USERK0012,20260529
A01160,C00578,REQ-1014,2025-11-23 03:15:07,Withdrawn,false,P0029,REQK0014,People,USERK0004,USERK0009,20251123
A01161,C00246,REQ-1022,2026-02-19 17:12:19,Rejected,false,P0486,REQK0022,Data,USERK0003,USERK0006,20260219
A01162,C00229,REQ-1011,2026-03-20 22:42:54,Withdrawn,false,P0125,REQK0011,Engineering,USERK0002,USERK0010,20260320
A01163,C00266,REQ-1009,2026-05-12 17:40:26,Withdrawn,false,P0048,REQK0009,Finance,USERK0003,USERK0008,20260512
A01164,C00566,REQ-1001,2026-07-03 08:40:44,Rejected,false,P0367,REQK0001,Data,USERK0003,USERK0006,20260703
A01165,C00216,REQ-1017,2026-01-13 23:19:46,Withdrawn,false,P0058,REQK0017,Data,USERK0001,USERK0011,20260113
A01166,C00303,REQ-1001,2026-06-10 11:00:57,Withdrawn,false,P0006,REQK0001,Data,USERK0003,USERK0006,20260610
A01167,C00470,REQ-1006,2026-04-02 06:56:57,Rejected,false,P0107,REQK0006,Data,USERK0003,USERK0011,20260402
A01168,C00104,REQ-1002,2026-04-28 14:33:45,Rejected,false,P0513,REQK0002,Sales,USERK0003,USERK0007,20260428
A01169,C00173,REQ-1018,2026-02-18 17:48:40,Rejected,false,P0339,REQK0018,Data,USERK0001,USERK0006,20260218
A01170,C00461,REQ-1001,2026-05-31 20:07:13,Withdrawn,false,P0298,REQK0001,Data,USERK0003,USERK0006,20260531
A01171,C00512,REQ-1025,2026-05-01 19:27:24,Hired,false,P0283,REQK0025,People,USERK0002,USERK0009,20260501
A01172,C00135,REQ-1008,2026-04-04 21:30:03,Interview,false,P0394,REQK0008,Sales,USERK0002,USERK0012,20260404
A01173,C00519,REQ-1024,2026-05-18 23:04:03,Withdrawn,false,P0176,REQK0024,Engineering,USERK0001,USERK0005,20260518
A01174,C00275,REQ-1025,2026-01-19 20:24:16,Rejected,false,P0360,REQK0025,People,USERK0002,USERK0009,20260119
A01175,C00378,REQ-1012,2025-11-06 02:24:59,Withdrawn,false,P0379,REQK0012,Sales,USERK0002,USERK0012,20251106
A01176,C00061,REQ-1010,2026-05-14 16:34:35,Hired,false,P0552,REQK0010,Engineering,USERK0003,USERK0005,20260514
A01177,C00454,REQ-1010,2026-04-13 18:46:03,Hired,false,P0209,REQK0010,Engineering,USERK0003,USERK0005,20260413
A01178,C00327,REQ-1018,2026-06-15 15:35:38,Withdrawn,false,P0082,REQK0018,Data,USERK0001,USERK0006,20260615
A01179,C00275,REQ-1010,2026-03-04 08:38:27,Rejected,false,P0360,REQK0010,Engineering,USERK0003,USERK0005,20260304
A01180,C00323,REQ-1015,2026-06-22 12:33:42,Rejected,false,P0557,REQK0015,Engineering,USERK0003,USERK0010,20260622
A01181,C00429,REQ-1024,2026-05-14 21:12:00,Hired,false,P0347,REQK0024,Engineering,USERK0001,USERK0005,20260514
A01182,C00354,REQ-1017,2025-12-02 14:21:42,Offer,false,P0174,REQK0017,Data,USERK0001,USERK0011,20251202
A01183,C00403,REQ-1011,2026-06-25 16:21:05,Rejected,false,P0405,REQK0011,Engineering,USERK0002,USERK0010,20260625
A01184,C00210,REQ-1015,2026-03-26 12:56:49,Withdrawn,false,P0032,REQK0015,Engineering,USERK0003,USERK0010,20260326
A01185,C00200,REQ-1006,2026-04-24 07:35:54,Withdrawn,false,P0064,REQK0006,Data,USERK0003,USERK0011,20260424
A01186,C00104,REQ-1002,2026-05-09 02:00:51,Rejected,false,P0513,REQK0002,Sales,USERK0003,USERK0007,20260509
A01187,C00176,REQ-1023,2026-04-15 07:08:06,Rejected,false,P0418,REQK0023,People,USERK0001,USERK0009,20260415
A01188,C00036,REQ-1004,2026-05-07 19:25:26,Rejected,false,P0290,REQK0004,Finance,USERK0002,USERK0008,20260507
A01189,C00179,REQ-1012,2026-01-16 01:54:45,Rejected,false,P0261,REQK0012,Sales,USERK0002,USERK0012,20260116
A01190,C00174,REQ-1015,2026-04-26 22:21:22,Interview,false,P0390,REQK0015,Engineering,USERK0003,USERK0010,20260426
A01191,C00159,REQ-1014,2025-12-06 14:41:45,Rejected,false,P0356,REQK0014,People,USERK0004,USERK0009,20251206
A01192,C00061,REQ-1021,2026-06-11 07:48:46,Withdrawn,false,P0552,REQK0021,Finance,USERK0001,USERK0008,20260611
A01193,C00527,REQ-1023,2026-03-12 00:33:44,Rejected,false,P0335,REQK0023,People,USERK0001,USERK0009,20260312
A01194,C00284,REQ-1010,2026-03-06 03:40:32,Withdrawn,false,P0059,REQK0010,Engineering,USERK0003,USERK0005,20260306
A01195,C00007,REQ-1005,2026-06-09 07:43:38,Offer,true,P0337,REQK0005,Sales,USERK0004,USERK0012,20260609
A01196,C00070,REQ-1002,2026-01-10 10:15:34,Offer,true,P0120,REQK0002,Sales,USERK0003,USERK0007,20260110
A01198,C00453,REQ-1026,2026-05-26 13:37:04,Interview,false,P0336,REQK0026,Sales,USERK0004,USERK0007,20260526
A01199,C00079,REQ-1017,2026-02-11 09:32:10,Withdrawn,false,P0319,REQK0017,Data,USERK0001,USERK0011,20260211
A01200,C00184,REQ-1016,2026-01-09 23:29:41,Rejected,false,P0269,REQK0016,Sales,USERK0002,USERK0012,20260109
A01201,C00205,REQ-1021,2026-05-28 04:03:30,Rejected,false,P0348,REQK0021,Finance,USERK0001,USERK0008,20260528
A01202,C00183,REQ-1015,2026-07-08 09:14:08,Screen,true,P0214,REQK0015,Engineering,USERK0003,USERK0010,20260708
A01203,C00111,REQ-1003,2026-06-13 13:04:31,Interview,true,P0338,REQK0003,Engineering,USERK0001,USERK0005,20260613
A01204,C00504,REQ-1022,2026-02-04 05:24:07,Offer,true,P0255,REQK0022,Data,USERK0003,USERK0006,20260204
A01205,C00151,REQ-1017,2026-04-27 11:06:53,Withdrawn,false,P0492,REQK0017,Data,USERK0001,USERK0011,20260427
A01206,C00205,REQ-1017,2026-05-28 02:31:08,Rejected,false,P0348,REQK0017,Data,USERK0001,USERK0011,20260528
A01207,C00225,REQ-1003,2026-01-24 03:02:44,Hired,false,P0085,REQK0003,Engineering,USERK0001,USERK0005,20260124
A01208,C00373,REQ-1018,2026-02-26 21:57:36,Rejected,false,P0217,REQK0018,Data,USERK0001,USERK0006,20260226
A01209,C00250,REQ-1013,2026-06-27 06:16:57,Rejected,false,P0148,REQK0013,People,USERK0001,USERK0009,20260627
A01210,C00003,REQ-1003,2026-02-08 10:28:03,Rejected,false,P0124,REQK0003,Engineering,USERK0001,USERK0005,20260208
A01211,C00575,REQ-1006,2026-04-30 06:03:22,Hired,false,P0025,REQK0006,Data,USERK0003,USERK0011,20260430
A01212,C00061,REQ-1022,2026-05-24 20:47:01,Rejected,false,P0552,REQK0022,Data,USERK0003,USERK0006,20260524
A01213,C00375,REQ-1001,2026-06-30 04:14:04,Rejected,false,P0374,REQK0001,Data,USERK0003,USERK0006,20260630
A01214,C00315,REQ-1003,2026-06-30 15:32:58,Interview,true,P0332,REQK0003,Engineering,USERK0001,USERK0005,20260630
A01215,C00528,REQ-1001,2026-06-02 15:32:24,Hired,false,P0242,REQK0001,Data,USERK0003,USERK0006,20260602
A01216,C00165,REQ-1019,2026-05-18 18:09:07,Withdrawn,false,P0388,REQK0019,Engineering,USERK0004,USERK0010,20260518
A01217,C00250,REQ-1010,2026-05-21 00:37:37,Offer,true,P0148,REQK0010,Engineering,USERK0003,USERK0005,20260521
A01218,C00253,REQ-1002,2026-06-18 23:17:07,Withdrawn,false,P0001,REQK0002,Sales,USERK0003,USERK0007,20260618
A01219,C00031,REQ-1017,2025-11-21 12:12:41,Offer,true,P0238,REQK0017,Data,USERK0001,USERK0011,20251121
A01220,C00555,REQ-1016,2026-01-01 09:14:43,Withdrawn,false,P0377,REQK0016,Sales,USERK0002,USERK0012,20260101
A01221,C00191,REQ-1006,2026-01-01 14:54:29,Rejected,false,P0325,REQK0006,Data,USERK0003,USERK0011,20260101
A01222,C00579,REQ-1010,2026-03-04 14:36:16,Hired,false,P0064,REQK0010,Engineering,USERK0003,USERK0005,20260304
A01223,C00347,REQ-1022,2026-05-24 23:38:37,Withdrawn,false,P0479,REQK0022,Data,USERK0003,USERK0006,20260524
A01224,C00407,REQ-1020,2026-05-23 02:39:08,Withdrawn,false,P0365,REQK0020,Engineering,USERK0003,USERK0010,20260523
A01225,C00319,REQ-1024,2026-05-07 16:23:33,Withdrawn,false,P0031,REQK0024,Engineering,USERK0001,USERK0005,20260507
A01226,C00127,REQ-1011,2025-12-26 15:49:37,Withdrawn,false,P0489,REQK0011,Engineering,USERK0002,USERK0010,20251226
A01227,C00265,REQ-1020,2026-03-17 09:57:57,Rejected,false,P0054,REQK0020,Engineering,USERK0003,USERK0010,20260317
A01228,C00541,REQ-1019,2026-05-08 18:01:12,Withdrawn,false,P0021,REQK0019,Engineering,USERK0004,USERK0010,20260508
A01229,C00479,REQ-1025,2026-01-09 09:41:36,Withdrawn,false,P0197,REQK0025,People,USERK0002,USERK0009,20260109
A01230,C00272,REQ-1001,2026-05-18 11:42:06,Withdrawn,false,P0560,REQK0001,Data,USERK0003,USERK0006,20260518
A01231,C00463,REQ-1013,2026-01-22 08:36:24,Offer,false,P0258,REQK0013,People,USERK0001,USERK0009,20260122
A01232,C00324,REQ-1023,2026-06-09 11:50:56,Withdrawn,false,P0430,REQK0023,People,USERK0001,USERK0009,20260609
A01233,C00092,REQ-1022,2026-01-29 14:37:57,Rejected,false,P0515,REQK0022,Data,USERK0003,USERK0006,20260129
A01234,C00254,REQ-1007,2026-06-08 09:09:10,Rejected,false,P0424,REQK0007,People,USERK0003,USERK0009,20260608
A01235,C00412,REQ-1018,2026-05-01 21:49:12,Withdrawn,false,P0413,REQK0018,Data,USERK0001,USERK0006,20260501
A01236,C00192,REQ-1004,2026-07-11 02:50:43,Screen,true,P0341,REQK0004,Finance,USERK0002,USERK0008,20260711
A01237,C00349,REQ-1013,2026-03-13 23:53:04,Hired,false,P0368,REQK0013,People,USERK0001,USERK0009,20260313
A01238,C00595,REQ-1008,2026-04-26 23:42:15,Rejected,false,P0080,REQK0008,Sales,USERK0002,USERK0012,20260426
A01239,C00244,REQ-1021,2026-07-07 05:56:22,Rejected,false,P0236,REQK0021,Finance,USERK0001,USERK0008,20260707
A01240,C00475,REQ-1014,2026-06-16 15:12:43,Offer,true,P0509,REQK0014,People,USERK0004,USERK0009,20260616
A01241,C00166,REQ-1009,2026-04-04 05:21:32,Withdrawn,false,P0526,REQK0009,Finance,USERK0003,USERK0008,20260404
A01242,C00581,REQ-1010,2026-05-10 23:10:31,Rejected,false,P0032,REQK0010,Engineering,USERK0003,USERK0005,20260510
A01243,C00596,REQ-1007,2026-05-06 00:08:19,Withdrawn,false,P0351,REQK0007,People,USERK0003,USERK0009,20260506
A01244,C00264,REQ-1019,2026-06-29 12:38:27,Withdrawn,false,P0414,REQK0019,Engineering,USERK0004,USERK0010,20260629
A01245,C00573,REQ-1021,2026-05-15 05:53:52,Rejected,false,P0057,REQK0021,Finance,USERK0001,USERK0008,20260515
A01246,C00573,REQ-1026,2026-05-24 05:34:16,Rejected,false,P0057,REQK0026,Sales,USERK0004,USERK0007,20260524
A01247,C00580,REQ-1017,2026-05-27 14:27:10,Rejected,false,P0298,REQK0017,Data,USERK0001,USERK0011,20260527
A01248,C00079,REQ-1007,2026-02-08 14:06:25,Withdrawn,false,P0319,REQK0007,People,USERK0003,USERK0009,20260208
A01249,C00251,REQ-1004,2026-04-14 04:45:14,Offer,true,P0465,REQK0004,Finance,USERK0002,USERK0008,20260414
A01250,C00032,REQ-1016,2026-01-05 14:26:08,Withdrawn,false,P0306,REQK0016,Sales,USERK0002,USERK0012,20260105
A01251,C00522,REQ-1003,2026-06-28 17:03:05,Withdrawn,false,P0444,REQK0003,Engineering,USERK0001,USERK0005,20260628
A01252,C00188,REQ-1004,2026-04-17 15:31:51,Rejected,false,P0457,REQK0004,Finance,USERK0002,USERK0008,20260417
A01253,C00469,REQ-1020,2026-04-11 06:42:42,Withdrawn,false,P0508,REQK0020,Engineering,USERK0003,USERK0010,20260411
A01254,C00200,REQ-1023,2026-04-22 06:49:24,Rejected,false,P0064,REQK0023,People,USERK0001,USERK0009,20260422
A01255,C00397,REQ-1014,2026-05-30 17:02:28,Withdrawn,false,P0162,REQK0014,People,USERK0004,USERK0009,20260530
A01256,C00099,REQ-1014,2026-03-16 19:29:06,Offer,false,P0066,REQK0014,People,USERK0004,USERK0009,20260316
A01257,C00100,REQ-1007,2025-10-11 16:23:48,Rejected,false,P0357,REQK0007,People,USERK0003,USERK0009,20251011
A01258,C00527,REQ-1025,2026-04-08 02:35:51,Withdrawn,false,P0335,REQK0025,People,USERK0002,USERK0009,20260408
A01259,C00015,REQ-1026,2026-05-23 16:49:35,Rejected,false,P0321,REQK0026,Sales,USERK0004,USERK0007,20260523
A01260,C00031,REQ-1019,2026-06-09 20:18:25,Rejected,false,P0238,REQK0019,Engineering,USERK0004,USERK0010,20260609
A01261,C00497,REQ-1025,2026-04-10 18:57:45,Withdrawn,false,P0367,REQK0025,People,USERK0002,USERK0009,20260410
A01262,C00584,REQ-1011,2026-03-15 01:49:43,Withdrawn,false,P0282,REQK0011,Engineering,USERK0002,USERK0010,20260315
A01263,C00279,REQ-1026,2026-06-28 15:36:14,Offer,true,P0167,REQK0026,Sales,USERK0004,USERK0007,20260628
A01264,C00205,REQ-1026,2026-05-12 12:03:32,Hired,false,P0348,REQK0026,Sales,USERK0004,USERK0007,20260512
A01265,C00431,REQ-1012,2026-03-21 02:36:39,Withdrawn,false,P0089,REQK0012,Sales,USERK0002,USERK0012,20260321
A01266,C00503,REQ-1003,2026-04-27 13:42:17,Hired,false,P0210,REQK0003,Engineering,USERK0001,USERK0005,20260427
A01267,C00011,REQ-1014,2025-12-09 14:41:38,Rejected,false,P0097,REQK0014,People,USERK0004,USERK0009,20251209
A01268,C00370,REQ-1023,2026-06-28 05:05:56,Rejected,false,P0220,REQK0023,People,USERK0001,USERK0009,20260628
A01269,C00407,REQ-1015,2026-06-21 18:57:42,Withdrawn,false,P0365,REQK0015,Engineering,USERK0003,USERK0010,20260621
A01270,C00405,REQ-1019,2026-05-15 06:10:53,Offer,true,P0359,REQK0019,Engineering,USERK0004,USERK0010,20260515
A01271,C00226,REQ-1018,2026-02-09 10:18:31,Rejected,false,P0517,REQK0018,Data,USERK0001,USERK0006,20260209
A01272,C00071,REQ-1026,2026-06-15 07:29:42,Offer,true,P0330,REQK0026,Sales,USERK0004,USERK0007,20260615
A01273,C00002,REQ-1011,2026-05-16 21:01:03,Withdrawn,false,P0213,REQK0011,Engineering,USERK0002,USERK0010,20260516
A01274,C00387,REQ-1011,2025-11-25 08:04:45,Rejected,false,P0493,REQK0011,Engineering,USERK0002,USERK0010,20251125
A01275,C00353,REQ-1026,2026-05-10 03:57:01,Rejected,false,P0555,REQK0026,Sales,USERK0004,USERK0007,20260510
A01276,C00174,REQ-1021,2026-05-04 07:32:56,Offer,true,P0390,REQK0021,Finance,USERK0001,USERK0008,20260504
A01277,C00173,REQ-1017,2026-07-06 08:33:46,Interview,false,P0339,REQK0017,Data,USERK0001,USERK0011,20260706
A01278,C00358,REQ-1019,2026-07-09 15:59:13,Screen,true,P0293,REQK0019,Engineering,USERK0004,USERK0010,20260709
A01279,C00095,REQ-1015,2026-06-18 05:40:05,Withdrawn,false,P0224,REQK0015,Engineering,USERK0003,USERK0010,20260618
A01280,C00339,REQ-1007,2025-12-04 01:10:23,Hired,false,P0037,REQK0007,People,USERK0003,USERK0009,20251204
A01281,C00465,REQ-1017,2026-03-18 01:03:02,Rejected,false,P0198,REQK0017,Data,USERK0001,USERK0011,20260318
A01282,C00462,REQ-1001,2026-06-13 22:01:46,Interview,true,P0127,REQK0001,Data,USERK0003,USERK0006,20260613
A01283,C00061,REQ-1019,2026-05-05 04:43:06,Withdrawn,false,P0552,REQK0019,Engineering,USERK0004,USERK0010,20260505
A01284,C00159,REQ-1006,2026-06-22 03:21:20,Offer,true,P0356,REQK0006,Data,USERK0003,USERK0011,20260622
A01285,C00391,REQ-1022,2026-06-28 08:59:48,Rejected,false,P0385,REQK0022,Data,USERK0003,USERK0006,20260628
A01286,C00486,REQ-1005,2026-07-07 19:08:23,Screen,true,P0307,REQK0005,Sales,USERK0004,USERK0012,20260707
A01287,C00482,REQ-1001,2026-07-02 01:35:08,Rejected,false,P0143,REQK0001,Data,USERK0003,USERK0006,20260702
A01288,C00592,REQ-1021,2026-05-23 07:40:32,Withdrawn,false,P0026,REQK0021,Finance,USERK0001,USERK0008,20260523
A01289,C00240,REQ-1020,2026-03-14 03:40:08,Withdrawn,false,P0286,REQK0020,Engineering,USERK0003,USERK0010,20260314
A01290,C00434,REQ-1026,2026-05-13 03:08:09,Hired,false,P0074,REQK0026,Sales,USERK0004,USERK0007,20260513
A01291,C00015,REQ-1004,2026-04-10 16:21:32,Withdrawn,false,P0321,REQK0004,Finance,USERK0002,USERK0008,20260410
A01292,C00261,REQ-1003,2026-02-21 21:19:21,Withdrawn,false,P0151,REQK0003,Engineering,USERK0001,USERK0005,20260221
A01293,C00146,REQ-1008,2026-04-16 07:09:19,Rejected,false,P0551,REQK0008,Sales,USERK0002,USERK0012,20260416
A01294,C00166,REQ-1013,2026-06-29 06:47:21,Withdrawn,false,P0526,REQK0013,People,USERK0001,USERK0009,20260629
A01295,C00447,REQ-1016,2026-03-08 22:04:04,Rejected,false,P0533,REQK0016,Sales,USERK0002,USERK0012,20260308
A01296,C00554,REQ-1004,2026-05-22 03:38:37,Offer,true,P0060,REQK0004,Finance,USERK0002,USERK0008,20260522
A01297,C00004,REQ-1023,2026-06-28 13:17:11,Withdrawn,false,P0437,REQK0023,People,USERK0001,USERK0009,20260628
A01298,C00580,REQ-1023,2026-06-05 19:12:42,Rejected,false,P0298,REQK0023,People,USERK0001,USERK0009,20260605
A01299,C00099,REQ-1022,2025-11-28 15:24:04,Hired,false,P0066,REQK0022,Data,USERK0003,USERK0006,20251128
A01301,C00391,REQ-1013,2026-04-03 22:21:36,Screen,false,P0385,REQK0013,People,USERK0001,USERK0009,20260403
A01302,C00144,REQ-1005,2026-04-11 10:46:43,Hired,false,P0426,REQK0005,Sales,USERK0004,USERK0012,20260411
A01303,C00368,REQ-1017,2026-01-30 12:31:00,Offer,false,P0527,REQK0017,Data,USERK0001,USERK0011,20260130
A01304,C00262,REQ-1010,2026-03-30 10:55:40,Rejected,false,P0452,REQK0010,Engineering,USERK0003,USERK0005,20260330
A01305,C00025,REQ-1021,2026-04-21 12:31:05,Withdrawn,false,P0482,REQK0021,Finance,USERK0001,USERK0008,20260421
A01306,C00243,REQ-1020,2026-05-28 06:17:10,Rejected,false,P0554,REQK0020,Engineering,USERK0003,USERK0010,20260528
A01307,C00548,REQ-1009,2026-02-20 04:19:31,Withdrawn,false,P0241,REQK0009,Finance,USERK0003,USERK0008,20260220
A01308,C00489,REQ-1006,2026-02-14 08:09:08,Withdrawn,false,P0023,REQK0006,Data,USERK0003,USERK0011,20260214
A01309,C00300,REQ-1016,2026-04-18 17:58:43,Rejected,false,P0416,REQK0016,Sales,USERK0002,USERK0012,20260418
A01310,C00274,REQ-1011,2025-10-02 13:54:46,Withdrawn,false,P0409,REQK0011,Engineering,USERK0002,USERK0010,20251002
A01311,C00185,REQ-1010,2026-05-07 21:27:57,Withdrawn,false,P0502,REQK0010,Engineering,USERK0003,USERK0005,20260507
A01312,C00297,REQ-1016,2026-03-31 05:50:33,Rejected,false,P0273,REQK0016,Sales,USERK0002,USERK0012,20260331
A01313,C00106,REQ-1012,2025-10-31 01:50:42,Screen,false,P0378,REQK0012,Sales,USERK0002,USERK0012,20251031
A01314,C00124,REQ-1009,2026-07-04 17:52:05,Screen,true,P0130,REQK0009,Finance,USERK0003,USERK0008,20260704
A01315,C00033,REQ-1018,2026-05-19 01:10:02,Rejected,false,P0025,REQK0018,Data,USERK0001,USERK0006,20260519
A01316,C00463,REQ-1020,2026-04-20 15:10:29,Withdrawn,false,P0258,REQK0020,Engineering,USERK0003,USERK0010,20260420
A01317,C00456,REQ-1022,2026-02-24 22:08:37,Offer,true,P0111,REQK0022,Data,USERK0003,USERK0006,20260224
A01318,C00259,REQ-1015,2026-06-14 02:29:31,Withdrawn,false,P0002,REQK0015,Engineering,USERK0003,USERK0010,20260614
A01319,C00480,REQ-1006,2026-05-22 02:20:44,Rejected,false,P0344,REQK0006,Data,USERK0003,USERK0011,20260522
A01320,C00472,REQ-1012,2025-11-12 14:09:58,Screen,false,P0519,REQK0012,Sales,USERK0002,USERK0012,20251112
A01321,C00091,REQ-1006,2025-12-31 20:32:56,Hired,false,P0289,REQK0006,Data,USERK0003,USERK0011,20251231
A01322,C00403,REQ-1018,2026-07-03 04:12:37,Withdrawn,false,P0405,REQK0018,Data,USERK0001,USERK0006,20260703
A01323,C00121,REQ-1014,2026-06-26 14:39:35,Withdrawn,false,P0076,REQK0014,People,USERK0004,USERK0009,20260626
A01324,C00022,REQ-1023,2026-06-14 12:41:54,Withdrawn,false,P0026,REQK0023,People,USERK0001,USERK0009,20260614
A01325,C00488,REQ-1017,2025-12-15 05:14:47,Withdrawn,false,P0129,REQK0017,Data,USERK0001,USERK0011,20251215
A01326,C00179,REQ-1007,2026-03-23 20:02:15,Withdrawn,false,P0261,REQK0007,People,USERK0003,USERK0009,20260323
A01327,C00466,REQ-1025,2026-06-30 12:46:14,Rejected,false,P0450,REQK0025,People,USERK0002,USERK0009,20260630
A01328,C00368,REQ-1024,2026-05-04 12:00:00,Withdrawn,false,P0527,REQK0024,Engineering,USERK0001,USERK0005,20260504
A01329,C00139,REQ-1006,2026-01-27 08:37:57,Withdrawn,false,P0240,REQK0006,Data,USERK0003,USERK0011,20260127
A01330,C00592,REQ-1001,2026-06-18 19:13:00,Rejected,false,P0026,REQK0001,Data,USERK0003,USERK0006,20260618
A01331,C00053,REQ-1006,2026-04-22 14:49:50,Hired,false,P0466,REQK0006,Data,USERK0003,USERK0011,20260422
A01332,C00256,REQ-1009,2026-02-02 14:05:44,Rejected,false,P0434,REQK0009,Finance,USERK0003,USERK0008,20260202
A01333,C00493,REQ-1016,2026-02-20 20:28:58,Offer,true,P0419,REQK0016,Sales,USERK0002,USERK0012,20260220
A01334,C00062,REQ-1016,2026-01-22 10:20:18,Withdrawn,false,P0018,REQK0016,Sales,USERK0002,USERK0012,20260122
A01335,C00170,REQ-1004,2026-04-11 04:09:59,Rejected,false,P0008,REQK0004,Finance,USERK0002,USERK0008,20260411
A01336,C00446,REQ-1023,2026-05-22 11:29:42,Offer,true,P0156,REQK0023,People,USERK0001,USERK0009,20260522
A01337,C00562,REQ-1002,2026-04-06 22:45:55,Rejected,false,P0179,REQK0002,Sales,USERK0003,USERK0007,20260406
A01338,C00168,REQ-1024,2026-07-04 22:31:36,Rejected,false,P0265,REQK0024,Engineering,USERK0001,USERK0005,20260704
A01339,C00063,REQ-1014,2025-10-14 07:53:09,Withdrawn,false,P0188,REQK0014,People,USERK0004,USERK0009,20251014
A01340,C00413,REQ-1004,2026-07-03 23:02:52,Rejected,false,P0226,REQK0004,Finance,USERK0002,USERK0008,20260703
A01341,C00369,REQ-1011,2025-10-15 04:47:27,Withdrawn,false,P0305,REQK0011,Engineering,USERK0002,USERK0010,20251015
A01342,C00337,REQ-1002,2026-05-07 12:04:32,Hired,false,P0483,REQK0002,Sales,USERK0003,USERK0007,20260507
A01343,C00063,REQ-1025,2026-05-18 16:08:14,Offer,true,P0188,REQK0025,People,USERK0002,USERK0009,20260518
A01344,C00397,REQ-1007,2025-09-14 19:40:53,Rejected,false,P0162,REQK0007,People,USERK0003,USERK0009,20250914
A01345,C00106,REQ-1011,2025-09-24 03:51:19,Withdrawn,false,P0378,REQK0011,Engineering,USERK0002,USERK0010,20250924
A01346,C00081,REQ-1019,2026-07-01 10:43:03,Screen,true,P0451,REQK0019,Engineering,USERK0004,USERK0010,20260701
A01347,C00222,REQ-1020,2026-06-04 06:48:18,Withdrawn,false,P0227,REQK0020,Engineering,USERK0003,USERK0010,20260604
A01348,C00364,REQ-1024,2026-07-02 13:07:14,Rejected,false,P0277,REQK0024,Engineering,USERK0001,USERK0005,20260702
A01349,C00208,REQ-1008,2026-06-05 09:15:56,Offer,true,P0507,REQK0008,Sales,USERK0002,USERK0012,20260605
A01350,C00413,REQ-1001,2026-06-21 23:39:27,Withdrawn,false,P0226,REQK0001,Data,USERK0003,USERK0006,20260621
A01351,C00186,REQ-1012,2025-12-03 19:57:04,Withdrawn,false,P0259,REQK0012,Sales,USERK0002,USERK0012,20251203
A01352,C00489,REQ-1010,2026-04-11 11:00:45,Withdrawn,false,P0023,REQK0010,Engineering,USERK0003,USERK0005,20260411
A01353,C00448,REQ-1015,2026-01-29 02:47:27,Withdrawn,false,P0539,REQK0015,Engineering,USERK0003,USERK0010,20260129
A01354,C00414,REQ-1022,2026-02-20 10:03:06,Rejected,false,P0386,REQK0022,Data,USERK0003,USERK0006,20260220
A01355,C00566,REQ-1025,2025-10-21 00:45:50,Rejected,false,P0367,REQK0025,People,USERK0002,USERK0009,20251021
A01356,C00054,REQ-1021,2026-06-05 06:35:17,Offer,true,P0199,REQK0021,Finance,USERK0001,USERK0008,20260605
A01357,C00526,REQ-1026,2026-06-20 03:50:38,Interview,true,P0072,REQK0026,Sales,USERK0004,USERK0007,20260620
A01358,C00271,REQ-1004,2026-05-06 20:20:31,Rejected,false,P0235,REQK0004,Finance,USERK0002,USERK0008,20260506
A01359,C00321,REQ-1015,2026-04-22 06:56:16,Screen,false,P0030,REQK0015,Engineering,USERK0003,USERK0010,20260422
A01360,C00392,REQ-1015,2026-04-15 15:12:35,Withdrawn,false,P0056,REQK0015,Engineering,USERK0003,USERK0010,20260415
A01361,C00307,REQ-1026,2026-05-18 16:12:52,Hired,false,P0017,REQK0026,Sales,USERK0004,USERK0007,20260518
A01362,C00360,REQ-1022,2026-05-29 03:06:27,Rejected,false,P0498,REQK0022,Data,USERK0003,USERK0006,20260529
A01363,C00368,REQ-1021,2026-06-12 14:10:04,Rejected,false,P0527,REQK0021,Finance,USERK0001,USERK0008,20260612
A01364,C00549,REQ-1002,2025-11-11 22:02:41,Rejected,false,P0004,REQK0002,Sales,USERK0003,USERK0007,20251111
A01365,C00205,REQ-1026,2026-06-16 03:29:03,Rejected,false,P0348,REQK0026,Sales,USERK0004,USERK0007,20260616
A01366,C00597,REQ-1015,2026-06-09 14:49:00,Withdrawn,false,P0141,REQK0015,Engineering,USERK0003,USERK0010,20260609
A01367,C00601,REQ-1024,2026-07-08 20:59:34,Screen,true,P0049,REQK0024,Engineering,USERK0001,USERK0005,20260708
A01368,C00148,REQ-1023,2026-07-01 00:26:43,Withdrawn,false,P0276,REQK0023,People,USERK0001,USERK0009,20260701
A01369,C00018,REQ-1007,2025-09-30 19:16:05,Rejected,false,P0034,REQK0007,People,USERK0003,USERK0009,20250930
A01370,C00189,REQ-1022,2026-03-13 18:33:59,Rejected,false,P0328,REQK0022,Data,USERK0003,USERK0006,20260313
A01371,C00593,REQ-1008,2026-04-07 18:34:11,Screen,false,P0208,REQK0008,Sales,USERK0002,USERK0012,20260407
A01372,C00134,REQ-1006,2026-02-11 22:26:52,Rejected,false,P0028,REQK0006,Data,USERK0003,USERK0011,20260211
A01373,C00273,REQ-1017,2026-02-03 15:32:22,Withdrawn,false,P0505,REQK0017,Data,USERK0001,USERK0011,20260203
A01374,C00181,REQ-1005,2026-04-28 21:34:54,Withdrawn,false,P0477,REQK0005,Sales,USERK0004,USERK0012,20260428
A01375,C00419,REQ-1015,2026-01-29 07:33:50,Rejected,false,P0431,REQK0015,Engineering,USERK0003,USERK0010,20260129
A01376,C00254,REQ-1011,2026-06-26 21:04:05,Screen,false,P0424,REQK0011,Engineering,USERK0002,USERK0010,20260626
A01377,C00457,REQ-1004,2026-04-21 14:07:24,Withdrawn,false,P0453,REQK0004,Finance,USERK0002,USERK0008,20260421
A01378,C00502,REQ-1001,2026-06-03 23:19:18,Withdrawn,false,P0218,REQK0001,Data,USERK0003,USERK0006,20260603
A01379,C00183,REQ-1012,2026-03-20 13:16:01,Screen,false,P0214,REQK0012,Sales,USERK0002,USERK0012,20260320
A01380,C00412,REQ-1002,2026-06-10 21:30:10,Hired,false,P0413,REQK0002,Sales,USERK0003,USERK0007,20260610
A01381,C00459,REQ-1006,2026-03-17 09:33:45,Withdrawn,false,P0383,REQK0006,Data,USERK0003,USERK0011,20260317
A01382,C00207,REQ-1004,2026-05-06 07:19:31,Rejected,false,P0558,REQK0004,Finance,USERK0002,USERK0008,20260506
A01383,C00347,REQ-1002,2025-11-28 13:41:18,Rejected,false,P0479,REQK0002,Sales,USERK0003,USERK0007,20251128
A01384,C00567,REQ-1005,2026-03-25 23:12:50,Withdrawn,false,P0166,REQK0005,Sales,USERK0004,USERK0012,20260325
A01385,C00395,REQ-1013,2026-02-13 03:59:44,Rejected,false,P0252,REQK0013,People,USERK0001,USERK0009,20260213
A01386,C00187,REQ-1025,2025-12-24 23:51:58,Withdrawn,false,P0207,REQK0025,People,USERK0002,USERK0009,20251224
A01387,C00169,REQ-1003,2026-04-18 21:32:13,Hired,false,P0548,REQK0003,Engineering,USERK0001,USERK0005,20260418
A01388,C00058,REQ-1006,2026-01-09 05:00:53,Withdrawn,false,P0067,REQK0006,Data,USERK0003,USERK0011,20260109
A01389,C00495,REQ-1013,2026-05-13 13:25:13,Rejected,false,P0194,REQK0013,People,USERK0001,USERK0009,20260513
A01390,C00303,REQ-1012,2025-10-03 22:35:07,Screen,false,P0006,REQK0012,Sales,USERK0002,USERK0012,20251003
A01391,C00395,REQ-1019,2026-05-30 17:40:40,Withdrawn,false,P0252,REQK0019,Engineering,USERK0004,USERK0010,20260530
A01392,C00100,REQ-1011,2026-01-20 01:44:51,Withdrawn,false,P0357,REQK0011,Engineering,USERK0002,USERK0010,20260120
A01394,C00153,REQ-1006,2026-05-14 06:10:54,Hired,false,P0309,REQK0006,Data,USERK0003,USERK0011,20260514
A01395,C00146,REQ-1010,2026-05-10 19:44:11,Withdrawn,false,P0551,REQK0010,Engineering,USERK0003,USERK0005,20260510
A01396,C00257,REQ-1017,2026-07-03 02:09:51,Withdrawn,false,P0408,REQK0017,Data,USERK0001,USERK0011,20260703
A01397,C00025,REQ-1002,2026-05-25 03:14:42,Rejected,false,P0482,REQK0002,Sales,USERK0003,USERK0007,20260525
A01399,C00517,REQ-1006,2026-04-28 09:37:58,Withdrawn,false,P0024,REQK0006,Data,USERK0003,USERK0011,20260428
A01400,C00452,REQ-1023,2026-05-13 09:17:57,Withdrawn,false,P0406,REQK0023,People,USERK0001,USERK0009,20260513
A01401,C00548,REQ-1023,2026-06-15 08:31:57,Withdrawn,false,P0241,REQK0023,People,USERK0001,USERK0009,20260615
A01402,C00346,REQ-1002,2026-01-03 18:07:30,Hired,false,P0350,REQK0002,Sales,USERK0003,USERK0007,20260103
A01403,C00194,REQ-1013,2026-05-16 22:09:27,Screen,false,P0051,REQK0013,People,USERK0001,USERK0009,20260516
A01404,C00020,REQ-1011,2025-10-10 02:18:10,Rejected,false,P0320,REQK0011,Engineering,USERK0002,USERK0010,20251010
A01405,C00109,REQ-1007,2025-09-13 22:59:12,Hired,false,P0159,REQK0007,People,USERK0003,USERK0009,20250913
A01406,C00138,REQ-1012,2026-03-01 08:19:00,Hired,false,P0523,REQK0012,Sales,USERK0002,USERK0012,20260301
A01407,C00084,REQ-1021,2026-04-21 21:14:27,Rejected,false,P0078,REQK0021,Finance,USERK0001,USERK0008,20260421
A01408,C00295,REQ-1024,2026-06-16 13:26:50,Withdrawn,false,P0146,REQK0024,Engineering,USERK0001,USERK0005,20260616
A01409,C00184,REQ-1013,2026-07-10 23:39:51,Withdrawn,false,P0269,REQK0013,People,USERK0001,USERK0009,20260710
A01410,C00580,REQ-1017,2026-01-06 14:14:17,Rejected,false,P0298,REQK0017,Data,USERK0001,USERK0011,20260106
A01411,C00305,REQ-1012,2026-02-06 04:50:26,Rejected,false,P0389,REQK0012,Sales,USERK0002,USERK0012,20260206
A01412,C00417,REQ-1004,2026-05-06 12:57:20,Rejected,false,P0340,REQK0004,Finance,USERK0002,USERK0008,20260506
A01413,C00077,REQ-1010,2026-03-30 16:44:31,Hired,false,P0103,REQK0010,Engineering,USERK0003,USERK0005,20260330
A01414,C00548,REQ-1021,2026-06-22 13:58:05,Withdrawn,false,P0241,REQK0021,Finance,USERK0001,USERK0008,20260622
A01415,C00027,REQ-1014,2026-05-03 02:30:13,Rejected,false,P0516,REQK0014,People,USERK0004,USERK0009,20260503
A01416,C00031,REQ-1016,2026-03-05 05:43:48,Withdrawn,false,P0238,REQK0016,Sales,USERK0002,USERK0012,20260305
A01417,C00376,REQ-1023,2026-05-31 07:38:18,Withdrawn,false,P0354,REQK0023,People,USERK0001,USERK0009,20260531
A01418,C00367,REQ-1011,2026-04-12 04:07:11,Withdrawn,false,P0047,REQK0011,Engineering,USERK0002,USERK0010,20260412
A01419,C00250,REQ-1001,2026-06-15 17:51:40,Withdrawn,false,P0148,REQK0001,Data,USERK0003,USERK0006,20260615
A01420,C00346,REQ-1009,2026-01-20 05:25:56,Withdrawn,false,P0350,REQK0009,Finance,USERK0003,USERK0008,20260120
A01421,C00201,REQ-1009,2026-03-13 03:45:21,Withdrawn,false,P0084,REQK0009,Finance,USERK0003,USERK0008,20260313
A01422,C00578,REQ-1006,2026-05-30 10:42:09,Withdrawn,false,P0029,REQK0006,Data,USERK0003,USERK0011,20260530
A01423,C00326,REQ-1021,2026-06-27 12:34:39,Withdrawn,false,P0401,REQK0021,Finance,USERK0001,USERK0008,20260627
A01424,C00094,REQ-1002,2026-02-05 12:17:53,Withdrawn,false,P0263,REQK0002,Sales,USERK0003,USERK0007,20260205
A01425,C00010,REQ-1004,2026-06-15 20:24:00,Rejected,false,P0007,REQK0004,Finance,USERK0002,USERK0008,20260615
A01426,C00595,REQ-1004,2026-06-09 02:31:48,Screen,false,P0080,REQK0004,Finance,USERK0002,USERK0008,20260609
A01427,C00502,REQ-1007,2025-12-17 18:04:34,Withdrawn,false,P0218,REQK0007,People,USERK0003,USERK0009,20251217
A01428,C00345,REQ-1001,2026-05-22 15:06:13,Withdrawn,false,P0171,REQK0001,Data,USERK0003,USERK0006,20260522
A01429,C00339,REQ-1013,2026-01-15 11:48:33,Rejected,false,P0037,REQK0013,People,USERK0001,USERK0009,20260115
A01430,C00304,REQ-1016,2026-01-24 09:41:26,Withdrawn,false,P0223,REQK0016,Sales,USERK0002,USERK0012,20260124
A01431,C00328,REQ-1006,2026-05-14 22:05:32,Withdrawn,false,P0494,REQK0006,Data,USERK0003,USERK0011,20260514
A01432,C00244,REQ-1022,2026-03-20 22:32:03,Rejected,false,P0236,REQK0022,Data,USERK0003,USERK0006,20260320
A01433,C00070,REQ-1018,2026-05-31 15:26:27,Offer,true,P0120,REQK0018,Data,USERK0001,USERK0006,20260531
A01434,C00571,REQ-1004,2026-06-09 11:23:17,Rejected,false,P0293,REQK0004,Finance,USERK0002,USERK0008,20260609
A01435,C00497,REQ-1012,2026-01-03 22:05:41,Hired,false,P0367,REQK0012,Sales,USERK0002,USERK0012,20260103
A01436,C00156,REQ-1008,2026-04-24 03:28:44,Offer,false,P0268,REQK0008,Sales,USERK0002,USERK0012,20260424
A01437,C00289,REQ-1012,2025-10-18 08:31:42,Hired,false,P0440,REQK0012,Sales,USERK0002,USERK0012,20251018
A01438,C00547,REQ-1019,2026-07-10 02:50:35,Rejected,false,P0313,REQK0019,Engineering,USERK0004,USERK0010,20260710
A01439,C00130,REQ-1024,2026-05-27 04:24:55,Withdrawn,false,P0055,REQK0024,Engineering,USERK0001,USERK0005,20260527
A01440,C00464,REQ-1011,2025-10-21 07:56:16,Hired,false,P0091,REQK0011,Engineering,USERK0002,USERK0010,20251021
A01441,C00301,REQ-1001,2026-06-02 04:25:04,Screen,false,P0421,REQK0001,Data,USERK0003,USERK0006,20260602
A01442,C00502,REQ-1002,2026-06-27 14:18:52,Interview,true,P0218,REQK0002,Sales,USERK0003,USERK0007,20260627
A01443,C00218,REQ-1021,2026-06-10 19:39:38,Withdrawn,false,P0136,REQK0021,Finance,USERK0001,USERK0008,20260610
A01444,C00420,REQ-1026,2026-06-02 17:33:18,Rejected,false,P0243,REQK0026,Sales,USERK0004,USERK0007,20260602
A01445,C00322,REQ-1004,2026-06-28 01:54:21,Withdrawn,false,P0425,REQK0004,Finance,USERK0002,USERK0008,20260628
A01446,C00445,REQ-1025,2026-02-05 05:50:08,Withdrawn,false,P0141,REQK0025,People,USERK0002,USERK0009,20260205
A01447,C00538,REQ-1025,2025-10-22 14:43:51,Withdrawn,false,P0160,REQK0025,People,USERK0002,USERK0009,20251022
A01448,C00288,REQ-1010,2026-04-07 13:11:33,Withdrawn,false,P0443,REQK0010,Engineering,USERK0003,USERK0005,20260407
A01449,C00535,REQ-1007,2026-04-30 23:41:03,Offer,false,P0142,REQK0007,People,USERK0003,USERK0009,20260430
A01450,C00159,REQ-1013,2026-03-21 05:06:15,Rejected,false,P0356,REQK0013,People,USERK0001,USERK0009,20260321
