interview_id,application_id,scheduled_at,interviewer_id,type,outcome,score,person_id,req_id,requisition_key,interviewer_user_key,scheduled_date_key
I01192,A01336,2026-06-20 07:29:42,U010,Culture,pass,3,P0156,REQ-1023,REQK0023,USERK0010,20260620
I01057,A01186,2026-06-18 01:00:51,U005,System design,pass,5,P0513,REQ-1002,REQK0002,USERK0005,20260618
I00525,A00594,2026-07-21 09:00:00,U011,Panel,pass,3,P0395,REQ-1019,REQK0019,USERK0011,20260721
I00500,A00572,2026-05-17 21:52:46,U009,Culture,no_show,4,P0142,REQ-1006,REQK0006,USERK0009,20260517
I00608,A00672,2025-10-21 01:47:55,U002,System design,fail,3,P0445,REQ-1025,REQK0025,USERK0002,20251021
I00271,A00319,2026-02-27 22:17:52,U012,Technical,no_show,4,P0198,REQ-1015,REQK0015,USERK0012,20260227
I00451,A00522,2026-03-27 09:17:27,U009,Screen call,pass,3,P0527,REQ-1011,REQK0011,USERK0009,20260327
I01013,A01123,2026-07-07 13:14:41,U011,Culture,fail,2,P0156,REQ-1024,REQK0024,USERK0011,20260707
I00688,A00766,2026-05-29 10:39:43,U005,Screen call,pass,4,P0032,REQ-1004,REQK0004,USERK0005,20260529
I01189,A01334,2026-02-22 22:20:18,U004,System design,fail,3,P0018,REQ-1016,REQK0016,USERK0004,20260222
I00589,A00658,2026-07-24 16:39:55,U010,System design,no_show,2,P0114,REQ-1008,REQK0008,USERK0010,20260724
I00040,A00055,2026-05-06 05:58:20,U008,Technical,pending,2,P0327,REQ-1023,REQK0023,USERK0008,20260506
I00483,A00557,2026-03-03 07:21:13,U008,Technical,fail,4,P0490,REQ-1018,REQK0018,USERK0008,20260303
I00732,A00810,2026-04-27 08:38:34,U001,Technical,fail,5,P0353,REQ-1008,REQK0008,USERK0001,20260427
I00305,A00362,2026-07-15 08:22:35,U003,Screen call,fail,2,P0506,REQ-1015,REQK0015,USERK0003,20260715
I00953,A01067,2026-05-10 03:09:39,U004,Screen call,fail,2,P0135,REQ-1016,REQK0016,USERK0004,20260510
I01074,A01201,2026-06-29 05:03:30,U002,System design,pass,4,P0348,REQ-1021,REQK0021,USERK0002,20260629
I00547,A00617,2026-05-15 21:24:17,U009,Screen call,pass,4,P0022,REQ-1013,REQK0013,USERK0009,20260515
I00374,A00422,2026-07-17 13:21:25,U012,Screen call,no_show,4,P0076,REQ-1001,REQK0001,USERK0012,20260717
I00987,A01101,2026-05-28 08:37:39,U005,Screen call,fail,2,P0450,REQ-1004,REQK0004,USERK0005,20260528
I00978,A01095,2026-01-18 18:30:35,U003,Technical,no_show,3,P0541,REQ-1009,REQK0009,USERK0003,20260118
I00218,A00266,2026-04-29 07:39:15,U009,Culture,pending,5,P0211,REQ-1008,REQK0008,USERK0009,20260429
I00287,A00340,2026-04-08 17:19:50,U005,Panel,no_show,3,P0278,REQ-1010,REQK0010,USERK0005,20260408
I00141,A00177,2026-06-30 23:36:44,U002,System design,pass,4,P0063,REQ-1007,REQK0007,USERK0002,20260630
I00365,A00411,2026-03-02 02:30:27,U007,Technical,no_show,,P0039,REQ-1007,REQK0007,USERK0007,20260302
I00926,A01028,2026-04-21 20:16:36,U008,Panel,fail,2,P0293,REQ-1018,REQK0018,USERK0008,20260421
I00772,A00855,2026-03-08 23:31:09,U009,Technical,pass,4,P0392,REQ-1006,REQK0006,USERK0009,20260308
I00964,A01079,2026-03-09 05:34:35,U001,Culture,pass,2,P0177,REQ-1014,REQK0014,USERK0001,20260309
I00063,A00073,2026-02-25 23:10:20,U001,Screen call,pass,5,P0415,REQ-1015,REQK0015,USERK0001,20260225
I00696,A00777,2026-04-24 21:09:00,U001,Screen call,pending,3,P0194,REQ-1018,REQK0018,USERK0001,20260424
I01089,A01209,2026-07-10 01:16:57,U007,Culture,pass,,P0148,REQ-1013,REQK0013,USERK0007,20260710
I00587,A00652,2026-04-22 13:14:39,U005,Technical,fail,4,P0532,REQ-1018,REQK0018,USERK0005,20260422
I00633,A00716,2025-11-21 16:05:36,U002,Technical,pending,4,P0290,REQ-1014,REQK0014,USERK0002,20251121
I00443,A00514,2026-06-22 16:27:26,U003,Screen call,pass,2,P0265,REQ-1003,REQK0003,USERK0003,20260622
I01146,A01270,2026-06-14 11:10:53,U003,Panel,pass,5,P0359,REQ-1019,REQK0019,USERK0003,20260614
I00226,A00274,2026-05-17 17:16:10,U008,Screen call,pending,3,P0070,REQ-1004,REQK0004,USERK0008,20260517
I00361,A00410,2026-04-15 09:42:22,U009,Screen call,fail,4,P0146,REQ-1014,REQK0014,USERK0009,20260415
I00002,A00009,2026-02-11 08:03:53,U001,Culture,pending,2,P0152,REQ-1018,REQK0018,USERK0001,20260211
I00128,A00159,2026-06-20 17:41:45,U005,Culture,fail,3,P0352,REQ-1006,REQK0006,USERK0005,20260620
I00984,A01099,2026-08-01 10:41:17,U011,Culture,pending,2,P0062,REQ-1001,REQK0001,USERK0011,20260801
I00918,A01015,2026-02-18 05:02:30,U001,Technical,pending,3,P0202,REQ-1006,REQK0006,USERK0001,20260218
I00911,A01012,2025-11-05 23:50:40,U003,Technical,pending,5,P0386,REQ-1002,REQK0002,USERK0003,20251105
I00562,A00633,2026-05-20 22:55:28,U011,Culture,pending,4,P0385,REQ-1006,REQK0006,USERK0011,20260520
I00416,A00474,2026-04-26 21:43:53,U002,System design,no_show,2,P0135,REQ-1012,REQK0012,USERK0002,20260426
I01207,A01354,2026-03-18 17:03:06,U009,Panel,fail,,P0386,REQ-1022,REQK0022,USERK0009,20260318
I01090,A01209,2026-07-13 01:16:57,U004,Panel,pending,5,P0148,REQ-1013,REQK0013,USERK0004,20260713
I00116,A00144,2026-07-04 10:17:51,U004,Technical,pass,3,P0347,REQ-1008,REQK0008,USERK0004,20260704
I01256,A01431,2026-06-10 10:05:32,U009,Panel,pending,3,P0494,REQ-1006,REQK0006,USERK0009,20260610
I00154,A00195,2026-05-09 16:03:44,U010,Screen call,fail,3,P0500,REQ-1026,REQK0026,USERK0010,20260509
I00147,A00187,2026-06-16 13:38:26,U004,System design,pass,5,P0136,REQ-1012,REQK0012,USERK0004,20260616
I01066,A01195,2026-07-12 01:43:38,U005,System design,pending,5,P0337,REQ-1005,REQK0005,USERK0005,20260712
I00946,A01056,2026-07-18 06:20:53,U002,System design,pending,3,P0351,REQ-1026,REQK0026,USERK0002,20260718
I00564,A00635,2026-06-29 19:57:34,U001,Screen call,no_show,3,P0296,REQ-1014,REQK0014,USERK0001,20260629
I00316,A00376,2026-04-16 07:25:31,U007,System design,pass,4,P0293,REQ-1002,REQK0002,USERK0007,20260416
I00136,A00170,2026-04-29 03:14:49,U002,Screen call,pending,5,P0349,REQ-1022,REQK0022,USERK0002,20260429
I00550,A00618,2026-05-08 20:45:30,U002,System design,pending,5,P0218,REQ-1003,REQK0003,USERK0002,20260508
I00948,A01060,2025-12-18 19:31:33,U005,Screen call,fail,4,P0392,REQ-1002,REQK0002,USERK0005,20251218
I00009,A00017,2026-05-07 15:40:26,U001,Culture,pass,2,P0150,REQ-1026,REQK0026,USERK0001,20260507
I00384,A00436,2025-12-04 22:50:07,U008,Screen call,no_show,4,P0427,REQ-1022,REQK0022,USERK0008,20251204
I00638,A00720,2026-07-03 06:06:32,U011,Culture,fail,2,P0316,REQ-1009,REQK0009,USERK0011,20260703
I00138,A00170,2026-05-05 03:14:49,U009,Screen call,pending,3,P0349,REQ-1022,REQK0022,USERK0009,20260505
I00149,A00187,2026-06-22 13:38:26,U005,Culture,fail,3,P0136,REQ-1012,REQK0012,USERK0005,20260622
I00381,A00428,2026-06-04 08:10:11,U010,Panel,pass,2,P0025,REQ-1023,REQK0023,USERK0010,20260604
I00966,A01082,2026-07-13 21:31:12,U002,System design,pass,,P0496,REQ-1019,REQK0019,USERK0002,20260713
I00355,A00408,2026-06-11 23:07:43,U010,Culture,pass,2,P0361,REQ-1007,REQK0007,USERK0010,20260611
I00380,A00428,2026-06-01 08:10:11,U009,Culture,pass,5,P0025,REQ-1023,REQK0023,USERK0009,20260601
I00974,A01089,2026-07-17 21:30:43,U009,Technical,no_show,5,P0084,REQ-1008,REQK0008,USERK0009,20260717
I00750,A00832,2026-06-15 01:37:26,U010,Screen call,fail,3,P0320,REQ-1013,REQK0013,USERK0010,20260615
I00687,A00766,2026-05-26 10:39:43,U007,Technical,pending,3,P0032,REQ-1004,REQK0004,USERK0007,20260526
I00362,A00410,2026-04-18 09:42:22,U006,Culture,pass,5,P0146,REQ-1014,REQK0014,USERK0006,20260418
I01092,A01210,2026-03-24 21:28:03,U004,Screen call,pending,5,P0124,REQ-1003,REQK0003,USERK0004,20260324
I00159,A00199,2025-12-10 20:54:57,U011,Technical,no_show,3,P0020,REQ-1012,REQK0012,USERK0011,20251210
I00262,A00308,2026-02-18 17:08:45,U011,Screen call,no_show,3,P0169,REQ-1007,REQK0007,USERK0011,20260218
I00956,A01070,2026-06-24 18:00:09,U011,Screen call,no_show,3,P0358,REQ-1023,REQK0023,USERK0011,20260624
I00735,A00815,2026-06-06 09:32:46,U006,Panel,fail,,P0532,REQ-1002,REQK0002,USERK0006,20260606
I00739,A00821,2025-12-29 10:16:48,U012,Screen call,fail,3,P0308,REQ-1011,REQK0011,USERK0012,20251229
I01273,A01449,2026-06-11 06:41:03,U005,Panel,no_show,,P0142,REQ-1007,REQK0007,USERK0005,20260611
I01262,A01436,2026-05-25 09:28:44,U006,Panel,pass,3,P0268,REQ-1008,REQK0008,USERK0006,20260525
I00668,A00754,2026-07-28 00:06:50,U008,Panel,pass,4,P0305,REQ-1016,REQK0016,USERK0008,20260728
I00990,A01104,2026-06-12 21:01:25,U004,System design,no_show,5,P0169,REQ-1004,REQK0004,USERK0004,20260612
I00273,A00321,2025-11-20 16:09:56,U012,Technical,pass,2,P0542,REQ-1025,REQK0025,USERK0012,20251120
I00478,A00553,2026-07-06 12:54:59,U011,Screen call,pass,3,P0053,REQ-1009,REQK0009,USERK0011,20260706
I00897,A00993,2026-01-19 18:25:55,U004,Culture,pending,4,P0403,REQ-1025,REQK0025,USERK0004,20260119
I00854,A00948,2026-05-26 20:37:25,U001,Technical,fail,4,P0058,REQ-1019,REQK0019,USERK0001,20260526
I00662,A00747,2025-12-14 19:37:25,U002,Culture,pending,4,P0391,REQ-1007,REQK0007,USERK0002,20251214
I00447,A00516,2026-07-29 10:23:29,U009,Technical,fail,,P0149,REQ-1006,REQK0006,USERK0009,20260729
I00892,A00988,2026-07-03 01:09:25,U007,Technical,pending,4,P0532,REQ-1019,REQK0019,USERK0007,20260703
I00563,A00635,2026-06-26 19:57:34,U003,Screen call,no_show,3,P0296,REQ-1014,REQK0014,USERK0003,20260626
I00230,A00275,2026-06-28 04:27:42,U011,Panel,pass,3,P0438,REQ-1008,REQK0008,USERK0011,20260628
I00747,A00830,2026-04-02 09:17:58,U005,Technical,no_show,5,P0170,REQ-1005,REQK0005,USERK0005,20260402
I00575,A00645,2026-06-02 16:20:53,U004,Culture,pass,5,P0059,REQ-1012,REQK0012,USERK0004,20260602
I00818,A00906,2026-07-26 06:14:21,U010,Technical,no_show,4,P0276,REQ-1019,REQK0019,USERK0010,20260726
I00162,A00200,2026-07-20 13:59:32,U006,System design,pending,5,P0351,REQ-1003,REQK0003,USERK0006,20260720
I01199,A01342,2026-06-15 17:04:32,U002,Panel,pass,3,P0483,REQ-1002,REQK0002,USERK0002,20260615
I00906,A01004,2026-06-23 12:34:26,U008,System design,no_show,5,P0443,REQ-1024,REQK0024,USERK0008,20260623
I00844,A00934,2026-07-15 15:56:31,U001,Culture,pass,,P0216,REQ-1012,REQK0012,USERK0001,20260715
I00536,A00604,2026-05-31 07:54:10,U011,Panel,pass,5,P0363,REQ-1018,REQK0018,USERK0011,20260531
I00279,A00329,2026-07-20 20:48:00,U002,Screen call,fail,4,P0187,REQ-1015,REQK0015,USERK0002,20260720
I00220,A00269,2026-04-04 03:51:31,U009,System design,pass,4,P0414,REQ-1022,REQK0022,USERK0009,20260404
I00515,A00590,2026-07-17 19:15:44,U006,Screen call,no_show,2,P0075,REQ-1001,REQK0001,USERK0006,20260717
I00912,A01012,2025-11-08 23:50:40,U012,Culture,fail,3,P0386,REQ-1002,REQK0002,USERK0012,20251108
I00314,A00373,2025-12-21 13:32:50,U011,Panel,pass,3,P0146,REQ-1007,REQK0007,USERK0011,20251221
I00492,A00565,2026-05-15 16:11:51,U009,Screen call,pass,3,P0248,REQ-1013,REQK0013,USERK0009,20260515
I00486,A00558,2026-04-02 17:17:28,U011,Panel,no_show,3,P0327,REQ-1005,REQK0005,USERK0011,20260402
I01141,A01265,2026-04-09 17:36:39,U003,Screen call,pass,2,P0089,REQ-1012,REQK0012,USERK0003,20260409
I00125,A00154,2026-06-30 17:56:35,U007,System design,pending,5,P0452,REQ-1021,REQK0021,USERK0007,20260630
I00418,A00474,2026-05-02 21:43:53,U003,Technical,pending,,P0135,REQ-1012,REQK0012,USERK0003,20260502
I00715,A00798,2026-02-08 16:18:14,U010,Screen call,pass,3,P0388,REQ-1012,REQK0012,USERK0010,20260208
I01045,A01171,2026-05-14 21:27:24,U002,Culture,pending,,P0283,REQ-1025,REQK0025,USERK0002,20260514
I00819,A00906,2026-07-29 06:14:21,U010,System design,fail,4,P0276,REQ-1019,REQK0019,USERK0010,20260729
I00018,A00026,2026-06-14 00:49:44,U010,Panel,no_show,3,P0496,REQ-1009,REQK0009,USERK0010,20260614
I01004,A01116,2026-05-27 22:21:06,U006,Culture,pass,2,P0501,REQ-1021,REQK0021,USERK0006,20260527
I01122,A01240,2026-07-12 19:12:43,U001,Culture,fail,5,P0509,REQ-1014,REQK0014,USERK0001,20260712
I00209,A00253,2026-06-20 16:18:30,U006,Technical,no_show,4,P0150,REQ-1020,REQK0020,USERK0006,20260620
I00685,A00765,2026-06-02 21:54:50,U004,System design,pass,3,P0256,REQ-1015,REQK0015,USERK0004,20260602
I00606,A00672,2025-10-15 01:47:55,U005,Culture,pass,5,P0445,REQ-1025,REQK0025,USERK0005,20251015
I00596,A00661,2026-01-14 03:12:39,U007,Technical,fail,2,P0013,REQ-1003,REQK0003,USERK0007,20260114
I01009,A01120,2026-07-27 21:30:17,U007,Culture,pending,4,P0293,REQ-1010,REQK0010,USERK0007,20260727
I00617,A00682,2026-06-27 15:14:09,U005,Panel,fail,3,P0299,REQ-1010,REQK0010,USERK0005,20260627
I00667,A00753,2026-06-30 03:17:24,U007,System design,pass,,P0050,REQ-1026,REQK0026,USERK0007,20260630
I00472,A00547,2026-07-12 23:05:28,U003,System design,no_show,3,P0344,REQ-1008,REQK0008,USERK0003,20260712
I00644,A00723,2026-01-25 14:15:32,U012,Technical,pass,5,P0498,REQ-1012,REQK0012,USERK0012,20260125
I00074,A00094,2026-06-26 23:25:08,U003,Screen call,pass,4,P0434,REQ-1006,REQK0006,USERK0003,20260626
I00347,A00398,2026-03-09 16:25:27,U005,System design,no_show,4,P0060,REQ-1014,REQK0014,USERK0005,20260309
I00008,A00016,2026-06-12 00:03:43,U007,Culture,pass,4,P0251,REQ-1001,REQK0001,USERK0007,20260612
I00299,A00358,2025-11-10 13:48:26,U007,System design,pending,4,P0041,REQ-1012,REQK0012,USERK0007,20251110
I00603,A00668,2026-05-31 03:29:24,U010,Culture,pass,4,P0061,REQ-1020,REQK0020,USERK0010,20260531
I00303,A00361,2026-08-02 18:05:52,U005,System design,no_show,3,P0364,REQ-1026,REQK0026,USERK0005,20260802
I01124,A01240,2026-07-18 19:12:43,U008,Culture,pass,3,P0509,REQ-1014,REQK0014,USERK0008,20260718
I01129,A01249,2026-05-15 02:45:14,U010,Screen call,fail,3,P0465,REQ-1004,REQK0004,USERK0010,20260515
I01097,A01214,2026-07-29 11:32:58,U008,Technical,pass,,P0332,REQ-1003,REQK0003,USERK0008,20260729
I00848,A00935,2026-06-20 08:35:44,U009,Screen call,pass,5,P0428,REQ-1010,REQK0010,USERK0009,20260620
I01177,A01303,2026-02-12 01:31:00,U005,Technical,pass,4,P0527,REQ-1017,REQK0017,USERK0005,20260212
I00880,A00978,2026-07-21 12:26:11,U007,Culture,pending,5,P0435,REQ-1001,REQK0001,USERK0007,20260721
I00765,A00851,2026-03-17 07:58:47,U006,Screen call,no_show,5,P0557,REQ-1025,REQK0025,USERK0006,20260317
I00557,A00632,2026-07-31 02:34:01,U001,Culture,no_show,,P0092,REQ-1019,REQK0019,USERK0001,20260731
I00709,A00787,2026-06-06 06:01:21,U011,System design,pass,4,P0435,REQ-1019,REQK0019,USERK0011,20260606
I00291,A00345,2026-05-05 05:56:17,U005,Screen call,pass,5,P0094,REQ-1013,REQK0013,USERK0005,20260505
I00157,A00196,2026-04-23 18:48:04,U003,Panel,pass,3,P0516,REQ-1009,REQK0009,USERK0003,20260423
I00902,A01002,2026-07-19 10:06:07,U011,Panel,no_show,,P0136,REQ-1001,REQK0001,USERK0011,20260719
I01160,A01281,2026-03-31 12:03:02,U005,Panel,pass,3,P0198,REQ-1017,REQK0017,USERK0005,20260331
I00188,A00235,2026-07-03 23:06:47,U002,Culture,fail,5,P0229,REQ-1016,REQK0016,USERK0002,20260703
I00253,A00293,2026-07-07 05:03:34,U011,Panel,pass,3,P0026,REQ-1004,REQK0004,USERK0011,20260707
I00337,A00389,2026-07-09 19:36:45,U002,Technical,pending,4,P0437,REQ-1012,REQK0012,USERK0002,20260709
I01194,A01336,2026-06-26 07:29:42,U002,Screen call,pass,3,P0156,REQ-1023,REQK0023,USERK0002,20260626
I00785,A00871,2025-11-17 05:09:02,U001,Panel,fail,5,P0054,REQ-1003,REQK0003,USERK0001,20251117
I00067,A00079,2026-06-02 02:33:21,U012,Technical,pending,4,P0180,REQ-1021,REQK0021,USERK0012,20260602
I00734,A00815,2026-06-03 09:32:46,U010,Screen call,fail,3,P0532,REQ-1002,REQK0002,USERK0010,20260603
I00837,A00931,2026-07-09 16:06:21,U012,Screen call,pass,3,P0041,REQ-1019,REQK0019,USERK0012,20260709
I00489,A00561,2026-04-07 17:26:25,U004,System design,fail,3,P0087,REQ-1025,REQK0025,USERK0004,20260407
I01110,A01220,2026-01-15 23:14:43,U004,Panel,pending,2,P0377,REQ-1016,REQK0016,USERK0004,20260115
I00156,A00196,2026-04-20 18:48:04,U003,Screen call,pass,2,P0516,REQ-1009,REQK0009,USERK0003,20260420
I01261,A01436,2026-05-22 09:28:44,U003,Screen call,fail,4,P0268,REQ-1008,REQK0008,USERK0003,20260522
I00554,A00625,2026-05-22 19:53:18,U012,Technical,pass,2,P0054,REQ-1026,REQK0026,USERK0012,20260522
I00940,A01043,2026-06-12 07:49:34,U010,Screen call,pass,2,P0062,REQ-1013,REQK0013,USERK0010,20260612
I00450,A00517,2026-01-10 05:19:49,U007,Culture,fail,,P0537,REQ-1007,REQK0007,USERK0007,20260110
I00454,A00525,2026-05-28 16:52:38,U003,Culture,pass,,P0167,REQ-1025,REQK0025,USERK0003,20260528
I00690,A00770,2025-11-01 10:53:16,U005,Culture,pending,2,P0246,REQ-1025,REQK0025,USERK0005,20251101
I00811,A00899,2026-04-13 16:56:05,U011,Screen call,fail,2,P0130,REQ-1015,REQK0015,USERK0011,20260413
I00514,A00586,2025-12-24 23:32:31,U012,Panel,no_show,5,P0173,REQ-1002,REQK0002,USERK0012,20251224
I00005,A00015,2026-07-18 13:18:16,U008,Culture,no_show,4,P0481,REQ-1019,REQK0019,USERK0008,20260718
I00879,A00975,2026-06-02 08:38:52,U009,Panel,pass,4,P0473,REQ-1011,REQK0011,USERK0009,20260602
I01119,A01237,2026-04-14 08:53:04,U005,Panel,pass,3,P0368,REQ-1013,REQK0013,USERK0005,20260414
I01224,A01387,2026-04-29 01:32:13,U012,Technical,no_show,4,P0548,REQ-1003,REQK0003,USERK0012,20260429
I00876,A00973,2026-04-20 12:07:35,U005,Culture,pending,3,P0184,REQ-1018,REQK0018,USERK0005,20260420
I00025,A00038,2025-11-23 16:15:58,U006,Technical,fail,3,P0379,REQ-1003,REQK0003,USERK0006,20251123
I01075,A01201,2026-07-02 05:03:30,U010,System design,pass,3,P0348,REQ-1021,REQK0021,USERK0010,20260702
I00278,A00327,2026-04-02 02:57:26,U008,Technical,pass,3,P0003,REQ-1012,REQK0012,USERK0008,20260402
I00962,A01076,2026-07-27 23:26:48,U012,Culture,fail,5,P0122,REQ-1007,REQK0007,USERK0012,20260727
I00852,A00945,2026-07-08 17:02:53,U005,Technical,pass,4,P0521,REQ-1019,REQK0019,USERK0005,20260708
I00960,A01074,2026-03-12 19:27:29,U012,Technical,pass,3,P0249,REQ-1007,REQK0007,USERK0012,20260312
I00878,A00974,2026-07-12 04:11:04,U009,Screen call,pass,2,P0032,REQ-1001,REQK0001,USERK0009,20260712
I00420,A00483,2026-02-28 19:09:20,U001,Panel,fail,4,P0156,REQ-1013,REQK0013,USERK0001,20260228
I00360,A00409,2026-07-24 14:57:37,U007,Screen call,pass,4,P0088,REQ-1024,REQK0024,USERK0007,20260724
I00991,A01104,2026-06-15 21:01:25,U002,Panel,no_show,3,P0169,REQ-1004,REQK0004,USERK0002,20260615
I00383,A00433,2026-05-20 20:24:28,U003,Screen call,no_show,3,P0163,REQ-1021,REQK0021,USERK0003,20260520
I00498,A00570,2026-04-18 03:16:32,U002,Technical,pending,4,P0253,REQ-1015,REQK0015,USERK0002,20260418
I00013,A00021,2026-02-21 19:31:43,U009,Screen call,pass,2,P0002,REQ-1002,REQK0002,USERK0009,20260221
I00893,A00988,2026-07-06 01:09:25,U010,Panel,fail,4,P0532,REQ-1019,REQK0019,USERK0010,20260706
I00087,A00114,2026-04-17 21:14:56,U005,Panel,pending,4,P0509,REQ-1010,REQK0010,USERK0005,20260417
I00177,A00219,2026-05-16 04:01:39,U006,Culture,no_show,,P0005,REQ-1018,REQK0018,USERK0006,20260516
I00675,A00758,2026-04-06 22:21:47,U009,System design,pending,4,P0330,REQ-1013,REQK0013,USERK0009,20260406
I00217,A00264,2025-12-03 04:53:26,U012,System design,pending,2,P0458,REQ-1022,REQK0022,USERK0012,20251203
I01265,A01440,2025-11-12 20:56:16,U010,System design,no_show,2,P0091,REQ-1011,REQK0011,USERK0010,20251112
I01116,A01232,2026-07-05 18:50:56,U006,Culture,pass,3,P0430,REQ-1023,REQK0023,USERK0006,20260705
I00456,A00527,2026-06-24 17:55:54,U002,Screen call,pass,3,P0198,REQ-1014,REQK0014,USERK0002,20260624
I00669,A00754,2026-07-31 00:06:50,U003,Screen call,pass,5,P0305,REQ-1016,REQK0016,USERK0003,20260731
I01183,A01321,2026-01-27 10:32:56,U008,Screen call,no_show,4,P0289,REQ-1006,REQK0006,USERK0008,20260127
I00315,A00374,2026-04-19 13:50:43,U012,Culture,fail,5,P0186,REQ-1013,REQK0013,USERK0012,20260419
I00602,A00666,2026-05-01 22:22:39,U008,Culture,pass,,P0214,REQ-1009,REQK0009,USERK0008,20260501
I01111,A01222,2026-04-15 16:36:16,U004,Technical,fail,4,P0064,REQ-1010,REQK0010,USERK0004,20260415
I00064,A00074,2026-04-14 21:16:10,U012,Screen call,pass,3,P0139,REQ-1018,REQK0018,USERK0012,20260414
I00130,A00162,2025-12-15 23:53:04,U002,Screen call,fail,3,P0018,REQ-1003,REQK0003,USERK0002,20251215
I00794,A00881,2026-05-16 06:28:39,U010,Screen call,pass,3,P0549,REQ-1024,REQK0024,USERK0010,20260516
I00413,A00468,2026-01-04 09:37:24,U001,Panel,no_show,3,P0230,REQ-1003,REQK0003,USERK0001,20260104
I01185,A01331,2026-05-17 01:49:50,U003,Technical,pass,5,P0466,REQ-1006,REQK0006,USERK0003,20260517
I00619,A00685,2026-06-11 21:15:08,U012,Technical,pending,3,P0121,REQ-1019,REQK0019,USERK0012,20260611
I01084,A01207,2026-02-17 06:02:44,U012,Culture,pending,5,P0085,REQ-1003,REQK0003,USERK0012,20260217
I01150,A01276,2026-05-19 14:32:56,U003,Culture,pending,5,P0390,REQ-1021,REQK0021,USERK0003,20260519
I00501,A00572,2026-05-20 21:52:46,U005,Screen call,pass,,P0142,REQ-1006,REQK0006,USERK0005,20260520
I00868,A00965,2025-12-10 01:18:15,U011,Culture,fail,3,P0011,REQ-1017,REQK0017,USERK0011,20251210
I00148,A00187,2026-06-19 13:38:26,U009,System design,pass,3,P0136,REQ-1012,REQK0012,USERK0009,20260619
I00458,A00527,2026-06-30 17:55:54,U004,Screen call,pass,5,P0198,REQ-1014,REQK0014,USERK0004,20260630
I00448,A00517,2026-01-04 05:19:49,U004,System design,no_show,5,P0537,REQ-1007,REQK0007,USERK0004,20260104
I00803,A00887,2026-07-18 01:45:56,U012,System design,no_show,4,P0386,REQ-1021,REQK0021,USERK0012,20260718
I00143,A00183,2026-05-28 22:02:24,U001,Panel,no_show,2,P0347,REQ-1004,REQK0004,USERK0001,20260528
I01058,A01186,2026-06-21 01:00:51,U006,Panel,pending,3,P0513,REQ-1002,REQK0002,USERK0006,20260621
I00672,A00756,2025-12-09 18:34:40,U003,Culture,fail,3,P0100,REQ-1011,REQK0011,USERK0003,20251209
I00196,A00240,2026-07-03 05:18:56,U006,Panel,pass,5,P0440,REQ-1019,REQK0019,USERK0006,20260703
I00238,A00281,2026-06-07 23:25:51,U006,Panel,pass,5,P0156,REQ-1024,REQK0024,USERK0006,20260607
I00986,A01100,2025-11-25 12:10:09,U002,Culture,no_show,5,P0306,REQ-1003,REQK0003,USERK0002,20251125
I00419,A00475,2026-07-07 18:18:02,U003,System design,pass,2,P0170,REQ-1010,REQK0010,USERK0003,20260707
I00363,A00410,2026-04-21 09:42:22,U005,Culture,fail,2,P0146,REQ-1014,REQK0014,USERK0005,20260421
I00158,A00196,2026-04-26 18:48:04,U003,Culture,no_show,2,P0516,REQ-1009,REQK0009,USERK0003,20260426
I00540,A00611,2026-07-02 08:47:27,U006,Panel,pass,3,P0413,REQ-1007,REQK0007,USERK0006,20260702
I00560,A00633,2026-05-14 22:55:28,U006,Culture,fail,4,P0385,REQ-1006,REQK0006,USERK0006,20260514
I00681,A00760,2026-03-14 05:59:35,U010,Panel,fail,,P0406,REQ-1016,REQK0016,USERK0010,20260314
I00488,A00560,2026-07-15 01:19:24,U004,System design,pass,3,P0128,REQ-1012,REQK0012,USERK0004,20260715
I00748,A00831,2026-07-01 13:29:52,U010,Culture,pass,5,P0437,REQ-1021,REQK0021,USERK0010,20260701
I00496,A00570,2026-04-12 03:16:32,U002,Screen call,pass,2,P0253,REQ-1015,REQK0015,USERK0002,20260412
I00495,A00569,2026-04-02 15:46:08,U001,Screen call,pass,2,P0422,REQ-1020,REQK0020,USERK0001,20260402
I00730,A00807,2026-04-22 19:31:53,U004,Culture,no_show,5,P0111,REQ-1018,REQK0018,USERK0004,20260422
I00535,A00604,2026-05-28 07:54:10,U005,Panel,pass,3,P0363,REQ-1018,REQK0018,USERK0005,20260528
I01216,A01361,2026-06-10 00:12:52,U012,System design,pass,3,P0017,REQ-1026,REQK0026,USERK0012,20260610
I01101,A01216,2026-06-14 11:09:07,U003,Culture,no_show,5,P0388,REQ-1019,REQK0019,USERK0003,20260614
I00997,A01107,2025-11-02 05:17:54,U004,Technical,fail,3,P0208,REQ-1012,REQK0012,USERK0004,20251102
I01144,A01268,2026-07-19 19:05:56,U001,Technical,fail,3,P0220,REQ-1023,REQK0023,USERK0001,20260719
I01204,A01349,2026-07-03 12:15:56,U004,Screen call,pass,3,P0507,REQ-1008,REQK0008,USERK0004,20260703
I01243,A01415,2026-05-24 09:30:13,U012,Technical,pending,3,P0516,REQ-1014,REQK0014,USERK0012,20260524
I01017,A01131,2026-07-05 16:13:29,U011,Culture,fail,2,P0196,REQ-1007,REQK0007,USERK0011,20260705
I00866,A00962,2026-07-04 13:36:18,U003,Culture,fail,,P0040,REQ-1011,REQK0011,USERK0003,20260704
I00737,A00820,2026-05-16 20:28:38,U011,Technical,no_show,,P0084,REQ-1008,REQK0008,USERK0011,20260516
I00189,A00235,2026-07-06 23:06:47,U010,Technical,pass,3,P0229,REQ-1016,REQK0016,USERK0010,20260706
I00671,A00756,2025-12-06 18:34:40,U007,Screen call,pass,3,P0100,REQ-1011,REQK0011,USERK0007,20251206
I00605,A00668,2026-06-06 03:29:24,U003,Culture,no_show,,P0061,REQ-1020,REQK0020,USERK0003,20260606
I00584,A00651,2026-04-03 02:15:10,U006,Screen call,pass,2,P0036,REQ-1005,REQK0005,USERK0006,20260403
I00364,A00411,2026-02-27 02:30:27,U009,Culture,pending,3,P0039,REQ-1007,REQK0007,USERK0009,20260227
I00741,A00824,2026-05-24 12:15:43,U005,System design,pass,4,P0256,REQ-1015,REQK0015,USERK0005,20260524
I00826,A00913,2026-05-11 16:59:25,U009,Panel,pass,4,P0030,REQ-1006,REQK0006,USERK0009,20260511
I00297,A00354,2026-03-31 16:16:45,U008,Screen call,pass,4,P0549,REQ-1023,REQK0023,USERK0008,20260331
I00446,A00516,2026-07-26 10:23:29,U012,Panel,fail,4,P0149,REQ-1006,REQK0006,USERK0012,20260726
I01268,A01442,2026-07-31 08:18:52,U006,Culture,pass,3,P0218,REQ-1002,REQK0002,USERK0006,20260731
I00566,A00636,2026-05-26 07:17:22,U007,Screen call,no_show,3,P0376,REQ-1009,REQK0009,USERK0007,20260526
I00240,A00282,2026-03-01 03:24:42,U004,Culture,no_show,4,P0039,REQ-1016,REQK0016,USERK0004,20260301
I01203,A01343,2026-06-26 13:08:14,U008,Panel,pass,4,P0188,REQ-1025,REQK0025,USERK0008,20260626
I00408,A00462,2026-04-21 22:41:00,U005,Technical,pending,,P0231,REQ-1022,REQK0022,USERK0005,20260421
I00435,A00505,2026-06-12 15:16:22,U003,System design,fail,3,P0355,REQ-1014,REQK0014,USERK0003,20260612
I00647,A00727,2026-06-04 20:24:13,U011,Screen call,pending,5,P0239,REQ-1018,REQK0018,USERK0011,20260604
I00770,A00853,2025-12-13 14:16:31,U008,Panel,pass,3,P0240,REQ-1012,REQK0012,USERK0008,20251213
I00809,A00897,2026-06-09 07:52:45,U009,Culture,no_show,5,P0127,REQ-1026,REQK0026,USERK0009,20260609
I00727,A00806,2026-07-10 10:18:30,U005,Culture,pending,4,P0139,REQ-1024,REQK0024,USERK0005,20260710
I01239,A01406,2026-03-08 03:19:00,U004,Technical,pending,2,P0523,REQ-1012,REQK0012,USERK0004,20260308
I00275,A00322,2026-07-25 18:42:21,U005,Screen call,pass,,P0095,REQ-1019,REQK0019,USERK0005,20260725
I00293,A00351,2026-04-06 04:16:29,U002,Screen call,pending,5,P0276,REQ-1017,REQK0017,USERK0002,20260406
I00106,A00135,2025-12-21 07:59:19,U003,Technical,pending,3,P0338,REQ-1011,REQK0011,USERK0003,20251221
I00864,A00962,2026-06-28 13:36:18,U006,Culture,pass,,P0040,REQ-1011,REQK0011,USERK0006,20260628
I00656,A00735,2026-04-18 04:30:14,U004,Panel,pass,3,P0159,REQ-1023,REQK0023,USERK0004,20260418
I00402,A00457,2026-06-07 02:52:14,U011,Panel,pass,2,P0383,REQ-1022,REQK0022,USERK0011,20260607
I00079,A00108,2026-05-27 12:24:50,U011,Technical,pass,3,P0208,REQ-1025,REQK0025,USERK0011,20260527
I00858,A00951,2026-06-12 09:45:44,U012,Screen call,pass,3,P0080,REQ-1021,REQK0021,USERK0012,20260612
I00622,A00689,2026-07-17 20:25:47,U010,Screen call,pass,,P0370,REQ-1001,REQK0001,USERK0010,20260717
I01106,A01218,2026-07-14 02:17:07,U009,Technical,pass,3,P0001,REQ-1002,REQK0002,USERK0009,20260714
I00840,A00932,2026-05-12 12:25:05,U002,Screen call,pending,3,P0083,REQ-1008,REQK0008,USERK0002,20260512
I00755,A00837,2026-07-27 03:33:47,U012,Panel,pending,5,P0023,REQ-1020,REQK0020,USERK0012,20260727
I00236,A00280,2026-05-24 20:51:51,U006,Screen call,pending,3,P0059,REQ-1016,REQK0016,USERK0006,20260524
I00385,A00436,2025-12-07 22:50:07,U001,Screen call,no_show,5,P0427,REQ-1022,REQK0022,USERK0001,20251207
I00728,A00806,2026-07-13 10:18:30,U001,System design,pass,3,P0139,REQ-1024,REQK0024,USERK0001,20260713
I00679,A00759,2026-07-09 02:20:20,U012,Panel,pending,3,P0540,REQ-1020,REQK0020,USERK0012,20260709
I00338,A00390,2026-07-06 15:51:04,U012,System design,pass,4,P0389,REQ-1003,REQK0003,USERK0012,20260706
I00996,A01106,2026-02-08 15:12:54,U001,System design,no_show,3,P0082,REQ-1022,REQK0022,USERK0001,20260208
I00937,A01037,2026-07-20 06:31:33,U002,Panel,no_show,2,P0166,REQ-1004,REQK0004,USERK0002,20260720
I01222,A01383,2025-12-19 21:41:18,U003,Screen call,pass,4,P0479,REQ-1002,REQK0002,USERK0003,20251219
I00708,A00785,2026-07-29 12:34:36,U006,Technical,no_show,5,P0382,REQ-1013,REQK0013,USERK0006,20260729
I01254,A01430,2026-02-13 11:41:26,U010,System design,pass,,P0223,REQ-1016,REQK0016,USERK0010,20260213
I00161,A00200,2026-07-17 13:59:32,U007,Panel,pending,5,P0351,REQ-1003,REQK0003,USERK0007,20260717
I00698,A00777,2026-04-30 21:09:00,U003,Screen call,pending,4,P0194,REQ-1018,REQK0018,USERK0003,20260430
I00167,A00203,2026-03-25 11:15:03,U005,Screen call,pending,4,P0232,REQ-1013,REQK0013,USERK0005,20260325
I00903,A01002,2026-07-22 10:06:07,U004,Technical,pass,2,P0136,REQ-1001,REQK0001,USERK0004,20260722
I01259,A01435,2026-02-11 10:05:41,U012,Culture,fail,,P0367,REQ-1012,REQK0012,USERK0012,20260211
I00898,A00994,2026-01-10 07:46:10,U011,Screen call,fail,4,P0538,REQ-1003,REQK0003,USERK0011,20260110
I01221,A01380,2026-07-12 19:30:10,U010,System design,fail,2,P0413,REQ-1002,REQK0002,USERK0010,20260712
I00648,A00727,2026-06-07 20:24:13,U002,System design,pass,2,P0239,REQ-1018,REQK0018,USERK0002,20260607
I00199,A00243,2026-06-11 18:20:29,U012,Culture,pass,3,P0530,REQ-1026,REQK0026,USERK0012,20260611
I00339,A00390,2026-07-09 15:51:04,U007,Screen call,pass,2,P0389,REQ-1003,REQK0003,USERK0007,20260709
I00917,A01015,2026-02-15 05:02:30,U008,Panel,pass,4,P0202,REQ-1006,REQK0006,USERK0008,20260215
I00905,A01004,2026-06-20 12:34:26,U005,Culture,pass,3,P0443,REQ-1024,REQK0024,USERK0005,20260620
I00726,A00806,2026-07-07 10:18:30,U003,Screen call,no_show,4,P0139,REQ-1024,REQK0024,USERK0003,20260707
I01064,A01191,2026-01-05 03:41:45,U005,Culture,pass,2,P0356,REQ-1014,REQK0014,USERK0005,20260105
I01076,A01201,2026-07-05 05:03:30,U009,Technical,pending,4,P0348,REQ-1021,REQK0021,USERK0009,20260705
I00282,A00331,2026-07-17 22:18:13,U005,Panel,pass,2,P0003,REQ-1024,REQK0024,USERK0005,20260717
I00035,A00049,2026-07-07 11:35:05,U006,Panel,pass,4,P0275,REQ-1003,REQK0003,USERK0006,20260707
I00376,A00424,2025-11-29 14:04:23,U008,Culture,fail,3,P0313,REQ-1022,REQK0022,USERK0008,20251129
I00791,A00877,2026-05-02 05:06:52,U009,Panel,fail,4,P0141,REQ-1020,REQK0020,USERK0009,20260502
I00800,A00886,2026-04-27 13:53:11,U006,Screen call,pass,5,P0267,REQ-1015,REQK0015,USERK0006,20260427
I00580,A00648,2025-12-10 19:24:19,U006,Screen call,pending,,P0371,REQ-1011,REQK0011,USERK0006,20251210
I00481,A00557,2026-02-25 07:21:13,U003,Technical,pass,4,P0490,REQ-1018,REQK0018,USERK0003,20260225
I01231,A01395,2026-05-30 20:44:11,U012,System design,pass,2,P0551,REQ-1010,REQK0010,USERK0012,20260530
I00288,A00344,2026-04-13 06:47:08,U001,Culture,fail,5,P0265,REQ-1023,REQK0023,USERK0001,20260413
I00398,A00446,2026-07-17 10:57:48,U008,Culture,fail,5,P0310,REQ-1004,REQK0004,USERK0008,20260717
I00298,A00358,2025-11-07 13:48:26,U004,Technical,pending,5,P0041,REQ-1012,REQK0012,USERK0004,20251107
I00059,A00071,2026-03-26 17:47:18,U006,Technical,pass,3,P0303,REQ-1020,REQK0020,USERK0006,20260326
I01212,A01357,2026-07-17 19:50:38,U006,Technical,pending,5,P0072,REQ-1026,REQK0026,USERK0006,20260717
I00972,A01088,2026-07-01 06:54:50,U001,Technical,pending,4,P0519,REQ-1003,REQK0003,USERK0001,20260701
I00757,A00838,2026-06-01 16:39:32,U006,Culture,pending,3,P0213,REQ-1024,REQK0024,USERK0006,20260601
I00558,A00632,2026-08-03 02:34:01,U008,Panel,fail,3,P0092,REQ-1019,REQK0019,USERK0008,20260803
I00805,A00894,2026-05-16 21:53:39,U005,Screen call,pass,5,P0175,REQ-1008,REQK0008,USERK0005,20260516
I00175,A00214,2026-07-20 20:16:27,U009,Technical,pending,4,P0356,REQ-1001,REQK0001,USERK0009,20260720
I00814,A00901,2025-10-13 19:54:51,U010,Technical,fail,3,P0549,REQ-1011,REQK0011,USERK0010,20251013
I00846,A00934,2026-07-21 15:56:31,U008,Screen call,pass,2,P0216,REQ-1012,REQK0012,USERK0008,20260721
I00073,A00094,2026-06-23 23:25:08,U005,Culture,fail,2,P0434,REQ-1006,REQK0006,USERK0005,20260623
I00788,A00875,2026-05-22 22:34:34,U008,Culture,pass,3,P0071,REQ-1015,REQK0015,USERK0008,20260522
I01164,A01284,2026-07-22 17:21:20,U004,Culture,pass,3,P0356,REQ-1006,REQK0006,USERK0004,20260722
I00792,A00877,2026-05-05 05:06:52,U001,Screen call,pass,2,P0141,REQ-1020,REQK0020,USERK0001,20260505
I00266,A00312,2026-05-14 08:52:39,U007,Screen call,pass,2,P0428,REQ-1005,REQK0005,USERK0007,20260514
I00086,A00114,2026-04-14 21:14:56,U011,Technical,fail,2,P0509,REQ-1010,REQK0010,USERK0011,20260414
I00591,A00659,2026-07-14 09:34:00,U003,Screen call,no_show,,P0293,REQ-1024,REQK0024,USERK0003,20260714
I01149,A01272,2026-07-17 20:29:42,U009,Technical,pending,2,P0330,REQ-1026,REQK0026,USERK0009,20260717
I00506,A00575,2026-05-15 21:53:08,U003,Panel,fail,,P0049,REQ-1010,REQK0010,USERK0003,20260515
I00538,A00609,2026-06-22 23:10:52,U011,Panel,pending,4,P0359,REQ-1008,REQK0008,USERK0011,20260622
I00950,A01061,2026-03-10 23:02:19,U001,Screen call,pass,3,P0060,REQ-1025,REQK0025,USERK0001,20260310
I00957,A01070,2026-06-27 18:00:09,U010,Panel,fail,4,P0358,REQ-1023,REQK0023,USERK0010,20260627
I00152,A00192,2026-05-27 03:08:33,U008,System design,pass,4,P0334,REQ-1015,REQK0015,USERK0008,20260527
I00243,A00284,2026-07-12 22:14:44,U010,Culture,pass,5,P0431,REQ-1009,REQK0009,USERK0010,20260712
I00032,A00046,2026-01-05 04:34:19,U011,Culture,pass,4,P0016,REQ-1003,REQK0003,USERK0011,20260105
I00973,A01088,2026-07-04 06:54:50,U007,System design,pass,5,P0519,REQ-1003,REQK0003,USERK0007,20260704
I01125,A01243,2026-05-24 22:08:19,U007,System design,fail,4,P0351,REQ-1007,REQK0007,USERK0007,20260524
I00871,A00967,2026-03-11 16:05:01,U009,Screen call,fail,3,P0496,REQ-1015,REQK0015,USERK0009,20260311
I00352,A00404,2026-08-07 19:24:13,U009,Culture,pass,3,P0376,REQ-1001,REQK0001,USERK0009,20260807
I01006,A01119,2026-04-14 08:19:54,U002,Technical,pass,3,P0254,REQ-1012,REQK0012,USERK0002,20260414
I00841,A00932,2026-05-15 12:25:05,U006,Technical,pending,4,P0083,REQ-1008,REQK0008,USERK0006,20260515
I01166,A01285,2026-07-14 03:59:48,U002,Screen call,pass,5,P0385,REQ-1022,REQK0022,USERK0002,20260714
I00577,A00645,2026-06-08 16:20:53,U008,Panel,no_show,4,P0059,REQ-1012,REQK0012,USERK0008,20260608
I00828,A00916,2026-08-03 13:52:56,U012,Panel,pass,4,P0375,REQ-1019,REQK0019,USERK0012,20260803
I01032,A01154,2026-01-04 17:38:51,U011,System design,pending,4,P0291,REQ-1017,REQK0017,USERK0011,20260104
I00718,A00800,2026-04-18 05:35:19,U012,Culture,pending,,P0111,REQ-1023,REQK0023,USERK0012,20260418
I00260,A00307,2026-07-06 13:14:56,U006,System design,pass,4,P0378,REQ-1010,REQK0010,USERK0006,20260706
I01178,A01307,2026-03-12 01:19:31,U011,Screen call,pending,3,P0241,REQ-1009,REQK0009,USERK0011,20260312
I01133,A01258,2026-05-03 13:35:51,U001,Screen call,pass,3,P0335,REQ-1025,REQK0025,USERK0001,20260503
I01180,A01312,2026-04-24 06:50:33,U010,System design,pass,,P0273,REQ-1016,REQK0016,USERK0010,20260424
I00499,A00572,2026-05-14 21:52:46,U012,Culture,pass,5,P0142,REQ-1006,REQK0006,USERK0012,20260514
I00692,A00770,2025-11-07 10:53:16,U010,Culture,no_show,3,P0246,REQ-1025,REQK0025,USERK0010,20251107
I00980,A01097,2026-06-06 07:46:45,U006,Technical,pass,2,P0308,REQ-1018,REQK0018,USERK0006,20260606
I00033,A00046,2026-01-08 04:34:19,U011,System design,pass,4,P0016,REQ-1003,REQK0003,USERK0011,20260108
I01167,A01285,2026-07-17 03:59:48,U012,System design,pass,4,P0385,REQ-1022,REQK0022,USERK0012,20260717
I00295,A00353,2026-06-02 02:34:19,U004,Technical,fail,4,P0415,REQ-1021,REQK0021,USERK0004,20260602
I00936,A01037,2026-07-17 06:31:33,U001,System design,fail,4,P0166,REQ-1004,REQK0004,USERK0001,20260717
I00436,A00505,2026-06-15 15:16:22,U002,Culture,pass,5,P0355,REQ-1014,REQK0014,USERK0002,20260615
I01030,A01151,2026-06-08 20:01:17,U001,Panel,pass,4,P0113,REQ-1019,REQK0019,USERK0001,20260608
I00142,A00177,2026-07-03 23:36:44,U003,Panel,pending,3,P0063,REQ-1007,REQK0007,USERK0003,20260703
I00779,A00859,2026-07-05 00:28:47,U011,System design,pending,2,P0241,REQ-1001,REQK0001,USERK0011,20260705
I00428,A00489,2026-06-26 23:03:07,U004,Technical,pass,4,P0027,REQ-1019,REQK0019,USERK0004,20260626
I00371,A00417,2026-04-08 13:13:48,U008,Screen call,no_show,3,P0131,REQ-1011,REQK0011,USERK0008,20260408
I00174,A00214,2026-07-17 20:16:27,U010,Screen call,pending,2,P0356,REQ-1001,REQK0001,USERK0010,20260717
I00719,A00800,2026-04-21 05:35:19,U012,Technical,pass,,P0111,REQ-1023,REQK0023,USERK0012,20260421
I00621,A00685,2026-06-17 21:15:08,U006,Technical,fail,,P0121,REQ-1019,REQK0019,USERK0006,20260617
I00391,A00438,2026-01-16 09:41:26,U011,Culture,no_show,4,P0174,REQ-1022,REQK0022,USERK0011,20260116
I00787,A00874,2026-05-22 23:21:05,U001,Technical,pending,4,P0003,REQ-1026,REQK0026,USERK0001,20260522
I00542,A00614,2026-07-10 22:29:57,U006,Screen call,pass,4,P0122,REQ-1002,REQK0002,USERK0006,20260710
I00373,A00422,2026-07-14 13:21:25,U007,Technical,pass,,P0076,REQ-1001,REQK0001,USERK0007,20260714
I00733,A00815,2026-05-31 09:32:46,U009,System design,no_show,4,P0532,REQ-1002,REQK0002,USERK0009,20260531
I01264,A01437,2025-11-10 13:31:42,U005,Technical,no_show,3,P0440,REQ-1012,REQK0012,USERK0005,20251110
I00568,A00639,2026-06-08 12:28:41,U009,Technical,no_show,,P0440,REQ-1008,REQK0008,USERK0009,20260608
I00530,A00602,2026-07-10 15:05:22,U004,Screen call,pending,4,P0351,REQ-1003,REQK0003,USERK0004,20260710
I00655,A00735,2026-04-15 04:30:14,U008,Culture,fail,2,P0159,REQ-1023,REQK0023,USERK0008,20260415
I00717,A00798,2026-02-14 16:18:14,U005,Panel,no_show,,P0388,REQ-1012,REQK0012,USERK0005,20260214
I00204,A00246,2026-02-28 08:29:42,U007,Culture,pending,3,P0280,REQ-1007,REQK0007,USERK0007,20260228
I00427,A00489,2026-06-23 23:03:07,U001,Technical,no_show,4,P0027,REQ-1019,REQK0019,USERK0001,20260623
I00935,A01037,2026-07-14 06:31:33,U004,Technical,no_show,5,P0166,REQ-1004,REQK0004,USERK0004,20260714
I00400,A00451,2026-05-02 15:50:38,U010,Panel,fail,5,P0410,REQ-1002,REQK0002,USERK0010,20260502
I00139,A00175,2026-05-07 18:44:08,U010,System design,pending,2,P0265,REQ-1008,REQK0008,USERK0010,20260507
I00231,A00275,2026-07-01 04:27:42,U005,Panel,fail,3,P0438,REQ-1008,REQK0008,USERK0005,20260701
I01213,A01358,2026-05-20 15:20:31,U004,Panel,no_show,3,P0235,REQ-1004,REQK0004,USERK0004,20260520
I00736,A00817,2026-07-16 13:31:34,U003,Technical,pending,3,P0062,REQ-1011,REQK0011,USERK0003,20260716
I00830,A00917,2026-07-03 11:48:57,U001,Panel,pass,4,P0019,REQ-1021,REQK0021,USERK0001,20260703
I00225,A00272,2026-05-17 09:58:16,U008,Screen call,pass,3,P0016,REQ-1015,REQK0015,USERK0008,20260517
I00239,A00281,2026-06-10 23:25:51,U001,System design,no_show,3,P0156,REQ-1024,REQK0024,USERK0001,20260610
I00546,A00616,2026-03-21 11:50:02,U004,Culture,fail,4,P0055,REQ-1002,REQK0002,USERK0004,20260321
I00127,A00158,2026-06-08 07:41:30,U008,System design,fail,5,P0510,REQ-1017,REQK0017,USERK0008,20260608
I01055,A01182,2025-12-26 01:21:42,U009,Culture,pass,5,P0174,REQ-1017,REQK0017,USERK0009,20251226
I00934,A01036,2026-06-27 11:20:55,U012,Panel,pass,4,P0536,REQ-1008,REQK0008,USERK0012,20260627
I01135,A01259,2026-06-14 20:49:35,U007,Technical,fail,3,P0321,REQ-1026,REQK0026,USERK0007,20260614
I01245,A01415,2026-05-30 09:30:13,U012,Technical,pass,3,P0516,REQ-1014,REQK0014,USERK0012,20260530
I00401,A00452,2026-07-11 15:05:12,U008,Panel,fail,4,P0359,REQ-1017,REQK0017,USERK0008,20260711
I00904,A01004,2026-06-17 12:34:26,U001,Screen call,pending,4,P0443,REQ-1024,REQK0024,USERK0001,20260617
I00084,A00113,2026-06-25 17:25:21,U002,Screen call,pending,2,P0351,REQ-1024,REQK0024,USERK0002,20260625
I00322,A00378,2026-04-12 08:53:34,U012,Screen call,fail,4,P0385,REQ-1013,REQK0013,USERK0012,20260412
I00307,A00366,2026-07-20 13:37:13,U010,Panel,pending,4,P0341,REQ-1019,REQK0019,USERK0010,20260720
I01246,A01418,2026-04-24 12:07:11,U010,System design,pass,3,P0047,REQ-1011,REQK0011,USERK0010,20260424
I00789,A00875,2026-05-25 22:34:34,U004,Screen call,pending,,P0071,REQ-1015,REQK0015,USERK0004,20260525
I00335,A00389,2026-07-03 19:36:45,U002,System design,fail,5,P0437,REQ-1012,REQK0012,USERK0002,20260703
I01172,A01296,2026-06-13 16:38:37,U008,Panel,no_show,,P0060,REQ-1004,REQK0004,USERK0008,20260613
I00237,A00280,2026-05-27 20:51:51,U009,Panel,pass,2,P0059,REQ-1016,REQK0016,USERK0009,20260527
I00670,A00756,2025-12-03 18:34:40,U010,System design,pass,4,P0100,REQ-1011,REQK0011,USERK0010,20251203
I00778,A00859,2026-07-02 00:28:47,U012,Technical,no_show,3,P0241,REQ-1001,REQK0001,USERK0012,20260702
I01234,A01402,2026-02-10 05:07:30,U008,System design,fail,,P0350,REQ-1002,REQK0002,USERK0008,20260210
I00641,A00721,2026-06-18 16:54:45,U005,Screen call,pending,3,P0219,REQ-1024,REQK0024,USERK0005,20260618
I01085,A01207,2026-02-20 06:02:44,U006,Culture,pass,4,P0085,REQ-1003,REQK0003,USERK0006,20260220
I00319,A00377,2026-01-29 14:54:46,U011,Technical,fail,4,P0088,REQ-1006,REQK0006,USERK0011,20260129
I01130,A01256,2026-04-19 19:29:06,U003,Culture,pending,3,P0066,REQ-1014,REQK0014,USERK0003,20260419
I00051,A00066,2026-05-04 13:16:08,U012,System design,fail,3,P0495,REQ-1023,REQK0023,USERK0012,20260504
I00650,A00728,2026-05-13 06:00:39,U011,Culture,pending,5,P0158,REQ-1024,REQK0024,USERK0011,20260513
I00556,A00627,2026-07-08 04:21:41,U002,Culture,no_show,4,P0317,REQ-1017,REQK0017,USERK0002,20260708
I00714,A00794,2026-08-01 03:04:01,U003,Panel,pending,,P0103,REQ-1024,REQK0024,USERK0003,20260801
I00631,A00715,2026-06-09 05:29:24,U004,Screen call,pass,4,P0383,REQ-1023,REQK0023,USERK0004,20260609
I00680,A00759,2026-07-12 02:20:20,U009,System design,pass,5,P0540,REQ-1020,REQK0020,USERK0009,20260712
I00004,A00015,2026-07-15 13:18:16,U007,System design,pending,3,P0481,REQ-1019,REQK0019,USERK0007,20260715
I00571,A00640,2026-05-24 04:09:26,U002,Technical,pending,2,P0548,REQ-1026,REQK0026,USERK0002,20260524
I00776,A00858,2026-06-29 17:33:06,U004,Screen call,pending,3,P0228,REQ-1018,REQK0018,USERK0004,20260629
I00677,A00758,2026-04-12 22:21:47,U003,System design,pass,2,P0330,REQ-1013,REQK0013,USERK0003,20260412
I01179,A01311,2026-05-29 17:27:57,U007,Panel,fail,5,P0502,REQ-1010,REQK0010,USERK0007,20260529
I00108,A00137,2026-07-30 12:13:12,U004,Culture,pending,4,P0482,REQ-1012,REQK0012,USERK0004,20260730
I00797,A00884,2026-04-26 06:18:33,U003,Culture,no_show,4,P0172,REQ-1023,REQK0023,USERK0003,20260426
I00484,A00558,2026-03-27 17:17:28,U004,Screen call,pending,3,P0327,REQ-1005,REQK0005,USERK0004,20260327
I00701,A00779,2026-01-13 15:23:10,U001,Technical,pending,4,P0179,REQ-1003,REQK0003,USERK0001,20260113
I00502,A00573,2026-06-12 17:53:07,U005,Screen call,pass,3,P0472,REQ-1008,REQK0008,USERK0005,20260612
I01062,A01190,2026-05-27 13:21:22,U004,Culture,pending,4,P0390,REQ-1015,REQK0015,USERK0004,20260527
I00781,A00868,2026-06-09 17:41:40,U006,Panel,pass,3,P0033,REQ-1020,REQK0020,USERK0006,20260609
I01043,A01168,2026-05-21 12:33:45,U010,Technical,pass,4,P0513,REQ-1002,REQK0002,USERK0010,20260521
I01060,A01190,2026-05-21 13:21:22,U008,Screen call,no_show,2,P0390,REQ-1015,REQK0015,USERK0008,20260521
I00378,A00425,2026-05-28 06:21:04,U012,Panel,pending,2,P0181,REQ-1024,REQK0024,USERK0012,20260528
I00107,A00137,2026-07-27 12:13:12,U007,Panel,pass,4,P0482,REQ-1012,REQK0012,USERK0007,20260727
I00752,A00833,2026-05-31 21:02:47,U008,Screen call,pass,3,P0368,REQ-1004,REQK0004,USERK0008,20260531
I00597,A00662,2026-03-30 03:39:11,U005,Screen call,pass,2,P0169,REQ-1020,REQK0020,USERK0005,20260330
I00988,A01103,2026-07-11 09:21:16,U007,Technical,no_show,3,P0089,REQ-1019,REQK0019,USERK0007,20260711
I00358,A00409,2026-07-18 14:57:37,U003,System design,no_show,4,P0088,REQ-1024,REQK0024,USERK0003,20260718
I01165,A01284,2026-07-25 17:21:20,U009,Culture,pass,4,P0356,REQ-1006,REQK0006,USERK0009,20260725
I00233,A00276,2025-12-26 02:30:54,U008,Screen call,fail,5,P0524,REQ-1002,REQK0002,USERK0008,20251226
I00516,A00590,2026-07-20 19:15:44,U007,System design,no_show,,P0075,REQ-1001,REQK0001,USERK0007,20260720
I00471,A00542,2026-06-19 11:39:34,U002,Culture,pending,3,P0514,REQ-1017,REQK0017,USERK0002,20260619
I00534,A00604,2026-05-25 07:54:10,U003,Technical,pass,5,P0363,REQ-1018,REQK0018,USERK0003,20260525
I00281,A00331,2026-07-14 22:18:13,U006,Screen call,pass,2,P0003,REQ-1024,REQK0024,USERK0006,20260714
I00171,A00208,2026-07-02 22:49:27,U005,System design,pass,,P0484,REQ-1016,REQK0016,USERK0005,20260702
I00916,A01015,2026-02-12 05:02:30,U006,Technical,fail,4,P0202,REQ-1006,REQK0006,USERK0006,20260212
I00060,A00071,2026-03-29 17:47:18,U002,Screen call,pass,4,P0303,REQ-1020,REQK0020,USERK0002,20260329
I00816,A00901,2025-10-19 19:54:51,U004,Screen call,pass,5,P0549,REQ-1011,REQK0011,USERK0004,20251019
I00634,A00716,2025-11-24 16:05:36,U011,Panel,no_show,,P0290,REQ-1014,REQK0014,USERK0011,20251124
I01007,A01119,2026-04-17 08:19:54,U011,Screen call,pending,2,P0254,REQ-1012,REQK0012,USERK0011,20260417
I00071,A00088,2026-06-29 06:50:53,U011,System design,pass,4,P0559,REQ-1018,REQK0018,USERK0011,20260629
I00548,A00617,2026-05-18 21:24:17,U010,Technical,pass,,P0022,REQ-1013,REQK0013,USERK0010,20260518
I00212,A00258,2026-06-06 04:02:52,U004,Screen call,fail,4,P0502,REQ-1010,REQK0010,USERK0004,20260606
I00468,A00541,2026-03-05 07:25:38,U006,System design,pass,4,P0186,REQ-1014,REQK0014,USERK0006,20260305
I00370,A00417,2026-04-05 13:13:48,U002,Technical,fail,3,P0131,REQ-1011,REQK0011,USERK0002,20260405
I00738,A00820,2026-05-19 20:28:38,U002,System design,fail,4,P0084,REQ-1008,REQK0008,USERK0002,20260519
I00039,A00055,2026-05-03 05:58:20,U005,Technical,pass,5,P0327,REQ-1023,REQK0023,USERK0005,20260503
I01142,A01266,2026-05-18 05:42:17,U004,Culture,no_show,4,P0210,REQ-1003,REQK0003,USERK0004,20260518
I00604,A00668,2026-06-03 03:29:24,U003,Panel,no_show,4,P0061,REQ-1020,REQK0020,USERK0003,20260603
I00820,A00906,2026-08-01 06:14:21,U006,Technical,fail,4,P0276,REQ-1019,REQK0019,USERK0006,20260801
I00192,A00239,2026-06-03 06:04:51,U007,System design,pass,4,P0390,REQ-1001,REQK0001,USERK0007,20260603
I01182,A01317,2026-03-18 04:08:37,U010,Panel,no_show,5,P0111,REQ-1022,REQK0022,USERK0010,20260318
I01014,A01124,2026-04-05 22:23:08,U004,Culture,pass,4,P0202,REQ-1014,REQK0014,USERK0004,20260405
I01202,A01343,2026-06-23 13:08:14,U011,Screen call,no_show,4,P0188,REQ-1025,REQK0025,USERK0011,20260623
I00632,A00716,2025-11-18 16:05:36,U008,Technical,pass,4,P0290,REQ-1014,REQK0014,USERK0008,20251118
I00910,A01009,2026-06-08 20:26:46,U005,Culture,fail,5,P0159,REQ-1017,REQK0017,USERK0005,20260608
I00601,A00666,2026-04-28 22:22:39,U011,Screen call,no_show,4,P0214,REQ-1009,REQK0009,USERK0011,20260428
I00713,A00794,2026-07-29 03:04:01,U011,System design,fail,3,P0103,REQ-1024,REQK0024,USERK0011,20260729
I00615,A00680,2026-01-22 10:29:08,U005,Technical,fail,3,P0013,REQ-1012,REQK0012,USERK0005,20260122
I01240,A01413,2026-04-14 03:44:31,U012,Panel,pending,5,P0103,REQ-1010,REQK0010,USERK0012,20260414
I00796,A00883,2025-11-27 21:49:52,U007,Culture,fail,3,P0049,REQ-1003,REQK0003,USERK0007,20251127
I00553,A00625,2026-05-19 19:53:18,U004,Culture,no_show,5,P0054,REQ-1026,REQK0026,USERK0004,20260519
I01237,A01404,2025-11-10 18:18:10,U004,Culture,pass,5,P0320,REQ-1011,REQK0011,USERK0004,20251110
I00415,A00468,2026-01-10 09:37:24,U008,Technical,fail,4,P0230,REQ-1003,REQK0003,USERK0008,20260110
I00721,A00803,2026-06-06 21:56:48,U001,Screen call,pass,2,P0003,REQ-1010,REQK0010,USERK0001,20260606
I00155,A00195,2026-05-12 16:03:44,U010,Culture,no_show,4,P0500,REQ-1026,REQK0026,USERK0010,20260512
I00286,A00335,2025-11-02 08:07:04,U005,Panel,pass,,P0426,REQ-1007,REQK0007,USERK0005,20251102
I00343,A00394,2025-11-28 05:51:15,U008,Screen call,pass,3,P0292,REQ-1009,REQK0009,USERK0008,20251128
I00440,A00511,2026-01-01 07:21:38,U009,Technical,no_show,,P0443,REQ-1012,REQK0012,USERK0009,20260101
I01198,A01342,2026-06-12 17:04:32,U004,Culture,no_show,4,P0483,REQ-1002,REQK0002,USERK0004,20260612
I00249,A00290,2026-07-21 00:27:22,U002,Screen call,pending,3,P0481,REQ-1021,REQK0021,USERK0002,20260721
I00958,A01074,2026-03-06 19:27:29,U005,Culture,pass,3,P0249,REQ-1007,REQK0007,USERK0005,20260306
I00404,A00458,2026-07-12 05:24:39,U004,Technical,no_show,3,P0054,REQ-1024,REQK0024,USERK0004,20260712
I00191,A00238,2026-04-23 05:24:04,U003,Panel,pending,3,P0453,REQ-1025,REQK0025,USERK0003,20260423
I00330,A00386,2026-07-23 22:20:07,U005,Technical,no_show,2,P0050,REQ-1020,REQK0020,USERK0005,20260723
I00176,A00218,2026-06-10 22:18:35,U004,Screen call,pending,2,P0043,REQ-1026,REQK0026,USERK0004,20260610
I01104,A01217,2026-06-18 04:37:37,U009,Panel,pass,2,P0148,REQ-1010,REQK0010,USERK0009,20260618
I01033,A01154,2026-01-07 17:38:51,U012,Panel,no_show,4,P0291,REQ-1017,REQK0017,USERK0012,20260107
I00430,A00493,2026-07-01 08:04:14,U003,System design,pending,2,P0322,REQ-1023,REQK0023,USERK0003,20260701
I00699,A00778,2026-06-30 16:56:31,U006,Panel,pass,5,P0436,REQ-1004,REQK0004,USERK0006,20260630
I01123,A01240,2026-07-15 19:12:43,U007,Culture,pass,4,P0509,REQ-1014,REQK0014,USERK0007,20260715
I00742,A00824,2026-05-27 12:15:43,U011,Technical,pending,5,P0256,REQ-1015,REQK0015,USERK0011,20260527
I01136,A01263,2026-07-21 07:36:14,U005,System design,fail,,P0167,REQ-1026,REQK0026,USERK0005,20260721
I00541,A00612,2025-12-23 05:25:26,U002,Panel,pass,4,P0180,REQ-1003,REQK0003,USERK0002,20251223
I00487,A00560,2026-07-12 01:19:24,U004,Technical,fail,4,P0128,REQ-1012,REQK0012,USERK0004,20260712
I00198,A00243,2026-06-08 18:20:29,U011,Technical,pass,5,P0530,REQ-1026,REQK0026,USERK0011,20260608
I01270,A01447,2025-11-27 09:43:51,U007,Panel,pass,3,P0160,REQ-1025,REQK0025,USERK0007,20251127
I01274,A01450,2026-04-24 08:06:15,U008,Screen call,fail,4,P0356,REQ-1013,REQK0013,USERK0008,20260424
I00224,A00272,2026-05-14 09:58:16,U004,System design,pending,2,P0016,REQ-1015,REQK0015,USERK0004,20260514
I01159,A01281,2026-03-28 12:03:02,U003,Screen call,no_show,3,P0198,REQ-1017,REQK0017,USERK0003,20260328
I01229,A01394,2026-05-30 02:10:54,U012,Panel,pass,4,P0309,REQ-1006,REQK0006,USERK0012,20260530
I00968,A01082,2026-07-19 21:31:12,U001,Screen call,no_show,4,P0496,REQ-1019,REQK0019,USERK0001,20260719
I00628,A00708,2026-02-14 21:19:13,U007,Culture,pass,2,P0121,REQ-1016,REQK0016,USERK0007,20260214
I00453,A00523,2026-07-13 19:08:20,U011,System design,no_show,5,P0045,REQ-1001,REQK0001,USERK0011,20260713
I00345,A00395,2025-10-30 10:22:40,U006,System design,fail,4,P0424,REQ-1007,REQK0007,USERK0006,20251030
I00390,A00438,2026-01-13 09:41:26,U001,Technical,fail,5,P0174,REQ-1022,REQK0022,USERK0001,20260113
I00504,A00575,2026-05-09 21:53:08,U009,Technical,fail,5,P0049,REQ-1010,REQK0010,USERK0009,20260509
I00016,A00025,2026-05-12 20:13:16,U005,Culture,pass,2,P0278,REQ-1026,REQK0026,USERK0005,20260512
I00938,A01043,2026-06-06 07:49:34,U011,Screen call,pass,5,P0062,REQ-1013,REQK0013,USERK0011,20260606
I01225,A01387,2026-05-02 01:32:13,U003,Culture,pass,3,P0548,REQ-1003,REQK0003,USERK0003,20260502
I00169,A00205,2026-04-11 19:58:07,U012,System design,pending,3,P0049,REQ-1022,REQK0022,USERK0012,20260411
I00861,A00954,2026-05-20 01:38:24,U012,System design,pending,4,P0160,REQ-1025,REQK0025,USERK0012,20260520
I00272,A00321,2025-11-17 16:09:56,U006,Technical,fail,,P0542,REQ-1025,REQK0025,USERK0006,20251117
I00399,A00446,2026-07-20 10:57:48,U001,Culture,pass,2,P0310,REQ-1004,REQK0004,USERK0001,20260720
I00050,A00065,2026-04-12 00:50:07,U008,Technical,no_show,3,P0114,REQ-1020,REQK0020,USERK0008,20260412
I00920,A01018,2026-06-26 01:35:36,U010,System design,fail,2,P0350,REQ-1019,REQK0019,USERK0010,20260626
I01187,A01333,2026-03-07 16:28:58,U012,Screen call,pass,3,P0419,REQ-1016,REQK0016,USERK0012,20260307
I00213,A00258,2026-06-09 04:02:52,U008,Culture,pending,,P0502,REQ-1010,REQK0010,USERK0008,20260609
I01200,A01342,2026-06-18 17:04:32,U010,Technical,fail,4,P0483,REQ-1002,REQK0002,USERK0010,20260618
I01263,A01437,2025-11-07 13:31:42,U010,Panel,no_show,3,P0440,REQ-1012,REQK0012,USERK0010,20251107
I00077,A00103,2026-06-09 07:01:29,U012,Culture,fail,,P0336,REQ-1018,REQK0018,USERK0012,20260609
I00170,A00205,2026-04-14 19:58:07,U012,Screen call,pass,3,P0049,REQ-1022,REQK0022,USERK0012,20260414
I00967,A01082,2026-07-16 21:31:12,U011,Technical,pass,,P0496,REQ-1019,REQK0019,USERK0011,20260716
I00010,A00017,2026-05-10 15:40:26,U011,Culture,fail,4,P0150,REQ-1026,REQK0026,USERK0011,20260510
I00310,A00369,2026-05-22 00:49:25,U003,Screen call,pass,4,P0527,REQ-1003,REQK0003,USERK0003,20260522
I00150,A00189,2026-07-07 21:36:31,U001,Culture,fail,5,P0296,REQ-1003,REQK0003,USERK0001,20260707
I00117,A00144,2026-07-07 10:17:51,U011,System design,no_show,2,P0347,REQ-1008,REQK0008,USERK0011,20260707
I00582,A00650,2026-02-08 10:58:47,U011,Technical,pass,5,P0033,REQ-1016,REQK0016,USERK0011,20260208
I00744,A00826,2026-06-18 18:43:39,U005,Panel,no_show,3,P0060,REQ-1001,REQK0001,USERK0005,20260618
I00388,A00437,2026-02-28 18:42:40,U003,Panel,fail,4,P0212,REQ-1011,REQK0011,USERK0003,20260228
I00475,A00552,2026-07-03 07:29:18,U012,Culture,fail,3,P0319,REQ-1024,REQK0024,USERK0012,20260703
I00875,A00973,2026-04-17 12:07:35,U001,System design,pass,,P0184,REQ-1018,REQK0018,USERK0001,20260417
I00870,A00965,2025-12-16 01:18:15,U002,Panel,pass,,P0011,REQ-1017,REQK0017,USERK0002,20251216
I00581,A00650,2026-02-05 10:58:47,U001,System design,pass,4,P0033,REQ-1016,REQK0016,USERK0001,20260205
I00085,A00114,2026-04-11 21:14:56,U005,System design,no_show,2,P0509,REQ-1010,REQK0010,USERK0005,20260411
I00979,A01095,2026-01-21 18:30:35,U010,Technical,pending,4,P0541,REQ-1009,REQK0009,USERK0010,20260121
I00099,A00130,2026-05-28 12:54:53,U009,Technical,pass,,P0272,REQ-1013,REQK0013,USERK0009,20260528
I00659,A00740,2026-07-23 18:50:38,U007,Panel,pass,3,P0550,REQ-1001,REQK0001,USERK0007,20260723
I01153,A01277,2026-07-16 01:33:46,U002,Culture,pending,4,P0339,REQ-1017,REQK0017,USERK0002,20260716
I00891,A00986,2026-07-25 21:49:28,U012,Technical,fail,3,P0519,REQ-1011,REQK0011,USERK0012,20260725
I01028,A01149,2026-06-20 20:03:04,U005,Culture,fail,,P0273,REQ-1016,REQK0016,USERK0005,20260620
I00981,A01097,2026-06-09 07:46:45,U006,Technical,no_show,3,P0308,REQ-1018,REQK0018,USERK0006,20260609
I00069,A00083,2025-11-13 06:24:23,U011,Panel,pending,4,P0383,REQ-1012,REQK0012,USERK0011,20251113
I01215,A01358,2026-05-26 15:20:31,U010,Culture,fail,4,P0235,REQ-1004,REQK0004,USERK0010,20260526
I00021,A00030,2026-06-18 06:21:09,U012,System design,pending,5,P0233,REQ-1019,REQK0019,USERK0012,20260618
I00336,A00389,2026-07-06 19:36:45,U001,Screen call,no_show,2,P0437,REQ-1012,REQK0012,USERK0001,20260706
I00028,A00041,2026-05-22 23:05:53,U009,Technical,pass,2,P0519,REQ-1018,REQK0018,USERK0009,20260522
I00839,A00931,2026-07-15 16:06:21,U005,Screen call,pending,4,P0041,REQ-1019,REQK0019,USERK0005,20260715
I00101,A00130,2026-06-03 12:54:53,U006,Screen call,pass,,P0272,REQ-1013,REQK0013,USERK0006,20260603
I00691,A00770,2025-11-04 10:53:16,U006,Screen call,pass,4,P0246,REQ-1025,REQK0025,USERK0006,20251104
I01214,A01358,2026-05-23 15:20:31,U008,Screen call,fail,4,P0235,REQ-1004,REQK0004,USERK0008,20260523
I00939,A01043,2026-06-09 07:49:34,U008,Panel,pass,3,P0062,REQ-1013,REQK0013,USERK0008,20260609
I00406,A00459,2026-01-21 02:41:35,U007,System design,pending,4,P0319,REQ-1014,REQK0014,USERK0007,20260121
I01176,A01302,2026-05-09 09:46:43,U002,System design,fail,3,P0426,REQ-1005,REQK0005,USERK0002,20260509
I00460,A00530,2026-04-03 11:56:46,U007,Technical,pending,4,P0379,REQ-1010,REQK0010,USERK0007,20260403
I01257,A01433,2026-06-21 08:26:27,U007,Technical,no_show,2,P0120,REQ-1018,REQK0018,USERK0007,20260621
I00743,A00826,2026-06-15 18:43:39,U006,Technical,pass,5,P0060,REQ-1001,REQK0001,USERK0006,20260615
I00119,A00145,2026-05-17 21:50:11,U011,Technical,pass,3,P0282,REQ-1008,REQK0008,USERK0011,20260517
I00983,A01099,2026-07-29 10:41:17,U005,Panel,pass,,P0062,REQ-1001,REQK0001,USERK0005,20260729
I00855,A00948,2026-05-29 20:37:25,U006,Technical,pass,5,P0058,REQ-1019,REQK0019,USERK0006,20260529
I00068,A00083,2025-11-10 06:24:23,U005,Screen call,pass,5,P0383,REQ-1012,REQK0012,USERK0005,20251110
I00111,A00139,2026-07-17 00:49:08,U009,Panel,pass,3,P0116,REQ-1022,REQK0022,USERK0009,20260717
I00914,A01013,2026-03-24 18:35:59,U011,Technical,pass,3,P0213,REQ-1009,REQK0009,USERK0011,20260324
I00777,A00859,2026-06-29 00:28:47,U009,System design,pending,5,P0241,REQ-1001,REQK0001,USERK0009,20260629
I00044,A00057,2026-07-16 17:46:26,U006,Panel,pass,3,P0158,REQ-1018,REQK0018,USERK0006,20260716
I01005,A01119,2026-04-11 08:19:54,U008,Screen call,pass,,P0254,REQ-1012,REQK0012,USERK0008,20260411
I00166,A00203,2026-03-22 11:15:03,U010,Panel,pass,,P0232,REQ-1013,REQK0013,USERK0010,20260322
I00561,A00633,2026-05-17 22:55:28,U005,Culture,no_show,5,P0385,REQ-1006,REQK0006,USERK0005,20260517
I00313,A00373,2025-12-18 13:32:50,U009,Screen call,no_show,2,P0146,REQ-1007,REQK0007,USERK0009,20251218
I00017,A00025,2026-05-15 20:13:16,U011,System design,pass,4,P0278,REQ-1026,REQK0026,USERK0011,20260515
I00758,A00838,2026-06-04 16:39:32,U006,Screen call,pass,4,P0213,REQ-1024,REQK0024,USERK0006,20260604
I00124,A00154,2026-06-27 17:56:35,U012,Technical,pending,4,P0452,REQ-1021,REQK0021,USERK0012,20260627
I00135,A00168,2026-05-21 14:40:38,U007,System design,no_show,3,P0194,REQ-1017,REQK0017,USERK0007,20260521
I00201,A00245,2026-05-03 19:43:04,U007,Panel,no_show,4,P0283,REQ-1018,REQK0018,USERK0007,20260503
I01223,A01383,2025-12-22 21:41:18,U011,System design,pending,3,P0479,REQ-1002,REQK0002,USERK0011,20251222
I00180,A00223,2026-07-17 21:47:01,U005,Screen call,pending,3,P0230,REQ-1001,REQK0001,USERK0005,20260717
I00613,A00677,2026-06-13 00:59:08,U009,Panel,pass,,P0370,REQ-1023,REQK0023,USERK0009,20260613
I00248,A00290,2026-07-18 00:27:22,U011,System design,pass,,P0481,REQ-1021,REQK0021,USERK0011,20260718
I01067,A01195,2026-07-15 01:43:38,U011,Screen call,pass,,P0337,REQ-1005,REQK0005,USERK0011,20260715
I00308,A00368,2026-02-06 13:22:19,U010,Culture,pass,2,P0168,REQ-1018,REQK0018,USERK0010,20260206
I00100,A00130,2026-05-31 12:54:53,U008,Screen call,no_show,,P0272,REQ-1013,REQK0013,USERK0008,20260531
I00869,A00965,2025-12-13 01:18:15,U006,Screen call,pass,,P0011,REQ-1017,REQK0017,USERK0006,20251213
I00923,A01022,2026-04-09 07:29:51,U010,Culture,pass,,P0056,REQ-1013,REQK0013,USERK0010,20260409
I00182,A00227,2026-06-29 19:59:12,U005,Culture,pending,3,P0057,REQ-1009,REQK0009,USERK0005,20260629
I00642,A00722,2026-07-04 16:27:05,U003,Screen call,fail,2,P0379,REQ-1020,REQK0020,USERK0003,20260704
I00678,A00759,2026-07-06 02:20:20,U004,System design,pending,5,P0540,REQ-1020,REQK0020,USERK0004,20260706
I01094,A01211,2026-05-30 04:03:22,U006,Technical,pass,5,P0025,REQ-1006,REQK0006,USERK0006,20260530
I00985,A01100,2025-11-22 12:10:09,U007,Technical,pass,3,P0306,REQ-1003,REQK0003,USERK0007,20251122
I00842,A00932,2026-05-18 12:25:05,U001,Technical,pass,,P0083,REQ-1008,REQK0008,USERK0001,20260518
I00802,A00887,2026-07-15 01:45:56,U006,Culture,fail,3,P0386,REQ-1021,REQK0021,USERK0006,20260715
I00537,A00609,2026-06-19 23:10:52,U008,Screen call,pass,5,P0359,REQ-1008,REQK0008,USERK0008,20260619
I00329,A00382,2026-04-05 20:03:40,U005,Technical,pending,4,P0240,REQ-1018,REQK0018,USERK0005,20260405
I00570,A00639,2026-06-14 12:28:41,U002,System design,pass,3,P0440,REQ-1008,REQK0008,USERK0002,20260614
I00223,A00272,2026-05-11 09:58:16,U011,System design,pass,,P0016,REQ-1015,REQK0015,USERK0011,20260511
I00090,A00117,2026-06-17 16:30:45,U001,System design,pending,3,P0439,REQ-1008,REQK0008,USERK0001,20260617
I00722,A00803,2026-06-09 21:56:48,U005,System design,no_show,3,P0003,REQ-1010,REQK0010,USERK0005,20260609
I00843,A00933,2026-07-06 07:34:26,U008,Screen call,pass,5,P0161,REQ-1001,REQK0001,USERK0008,20260706
I01000,A01112,2026-05-25 21:45:04,U005,System design,no_show,,P0361,REQ-1021,REQK0021,USERK0005,20260525
I00034,A00049,2026-07-04 11:35:05,U008,Panel,pass,4,P0275,REQ-1003,REQK0003,USERK0008,20260704
I00377,A00424,2025-12-02 14:04:23,U008,System design,pending,4,P0313,REQ-1022,REQK0022,USERK0008,20251202
I01029,A01151,2026-06-05 20:01:17,U001,Panel,pending,3,P0113,REQ-1019,REQK0019,USERK0001,20260605
I00573,A00641,2026-07-03 21:36:04,U012,Panel,pass,3,P0421,REQ-1007,REQK0007,USERK0012,20260703
I00695,A00776,2026-01-25 10:14:51,U008,Culture,pass,3,P0459,REQ-1007,REQK0007,USERK0008,20260125
I00333,A00388,2026-07-20 00:06:37,U011,Panel,pass,5,P0362,REQ-1026,REQK0026,USERK0011,20260720
I00088,A00115,2026-07-04 10:01:04,U004,Technical,no_show,5,P0134,REQ-1015,REQK0015,USERK0004,20260704
I01107,A01219,2025-12-15 05:12:41,U012,System design,no_show,3,P0238,REQ-1017,REQK0017,USERK0012,20251215
I00945,A01056,2026-07-15 06:20:53,U006,Panel,pending,4,P0351,REQ-1026,REQK0026,USERK0006,20260715
I00194,A00239,2026-06-09 06:04:51,U010,System design,pending,4,P0390,REQ-1001,REQK0001,USERK0010,20260609
I01046,A01172,2026-04-17 16:30:03,U010,Technical,no_show,3,P0394,REQ-1008,REQK0008,USERK0010,20260417
I01083,A01204,2026-03-18 18:24:07,U009,Culture,pending,2,P0255,REQ-1022,REQK0022,USERK0009,20260318
I00555,A00625,2026-05-25 19:53:18,U009,Culture,pass,3,P0054,REQ-1026,REQK0026,USERK0009,20260525
I00257,A00303,2026-05-13 08:31:59,U002,Screen call,pass,3,P0560,REQ-1017,REQK0017,USERK0002,20260513
I00342,A00391,2026-05-28 20:28:31,U011,Culture,pass,3,P0349,REQ-1026,REQK0026,USERK0011,20260528
I01002,A01116,2026-05-21 22:21:06,U004,Technical,pass,5,P0501,REQ-1021,REQK0021,USERK0004,20260521
I01267,A01442,2026-07-28 08:18:52,U011,Panel,pass,,P0218,REQ-1002,REQK0002,USERK0011,20260728
I00480,A00556,2026-05-14 21:18:43,U007,System design,no_show,5,P0077,REQ-1020,REQK0020,USERK0007,20260514
I01188,A01333,2026-03-10 16:28:58,U002,Culture,fail,,P0419,REQ-1016,REQK0016,USERK0002,20260310
I01019,A01134,2026-02-12 12:50:19,U009,Culture,pending,3,P0432,REQ-1017,REQK0017,USERK0009,20260212
I00565,A00635,2026-07-02 19:57:34,U009,System design,pass,3,P0296,REQ-1014,REQK0014,USERK0009,20260702
I00216,A00264,2025-11-30 04:53:26,U003,Panel,pass,4,P0458,REQ-1022,REQK0022,USERK0003,20251130
I00857,A00949,2026-03-15 03:33:29,U006,Technical,pass,3,P0094,REQ-1007,REQK0007,USERK0006,20260315
I00452,A00523,2026-07-10 19:08:20,U009,Panel,no_show,4,P0045,REQ-1001,REQK0001,USERK0009,20260710
I00093,A00118,2025-12-30 15:42:21,U011,Technical,pending,5,P0406,REQ-1003,REQK0003,USERK0011,20251230
I00409,A00462,2026-04-24 22:41:00,U009,System design,pass,3,P0231,REQ-1022,REQK0022,USERK0009,20260424
I00883,A00979,2026-05-24 05:44:45,U011,Culture,no_show,2,P0408,REQ-1016,REQK0016,USERK0011,20260524
I00284,A00334,2026-05-30 02:39:38,U003,Panel,fail,3,P0378,REQ-1006,REQK0006,USERK0003,20260530
I00043,A00057,2026-07-13 17:46:26,U007,Culture,pending,4,P0158,REQ-1018,REQK0018,USERK0007,20260713
I00187,A00235,2026-06-30 23:06:47,U010,Screen call,no_show,4,P0229,REQ-1016,REQK0016,USERK0010,20260630
I01118,A01234,2026-07-06 07:09:10,U007,System design,pending,3,P0424,REQ-1007,REQK0007,USERK0007,20260706
I00872,A00971,2026-07-07 22:01:50,U005,Culture,pending,4,P0334,REQ-1010,REQK0010,USERK0005,20260707
I00663,A00749,2026-04-02 02:16:16,U006,System design,pass,5,P0052,REQ-1025,REQK0025,USERK0006,20260402
I00806,A00894,2026-05-19 21:53:39,U012,Screen call,pass,4,P0175,REQ-1008,REQK0008,USERK0012,20260519
I00321,A00377,2026-02-04 14:54:46,U005,Panel,no_show,4,P0088,REQ-1006,REQK0006,USERK0005,20260204
I00771,A00855,2026-03-05 23:31:09,U010,Panel,pass,,P0392,REQ-1006,REQK0006,USERK0010,20260305
I00121,A00148,2025-10-26 16:02:56,U008,Culture,fail,3,P0054,REQ-1012,REQK0012,USERK0008,20251026
I00357,A00408,2026-06-17 23:07:43,U005,Panel,no_show,4,P0361,REQ-1007,REQK0007,USERK0005,20260617
I00323,A00378,2026-04-15 08:53:34,U002,Culture,pass,2,P0385,REQ-1013,REQK0013,USERK0002,20260415
I00949,A01060,2025-12-21 19:31:33,U008,Technical,pass,4,P0392,REQ-1002,REQK0002,USERK0008,20251221
I00657,A00735,2026-04-21 04:30:14,U002,Technical,pending,4,P0159,REQ-1023,REQK0023,USERK0002,20260421
I01108,A01219,2025-12-18 05:12:41,U001,Culture,no_show,4,P0238,REQ-1017,REQK0017,USERK0001,20251218
I00850,A00937,2026-06-12 20:06:49,U012,Screen call,fail,,P0400,REQ-1007,REQK0007,USERK0012,20260612
I00024,A00034,2026-05-23 15:21:06,U008,Technical,pass,5,P0398,REQ-1001,REQK0001,USERK0008,20260523
I00057,A00070,2026-05-06 16:09:11,U008,Screen call,no_show,,P0272,REQ-1008,REQK0008,USERK0008,20260506
I00309,A00368,2026-02-09 13:22:19,U006,Culture,pass,5,P0168,REQ-1018,REQK0018,USERK0006,20260209
I00823,A00910,2026-07-01 03:16:37,U006,Culture,no_show,4,P0500,REQ-1020,REQK0020,USERK0006,20260701
I00214,A00262,2026-05-15 07:05:55,U003,Technical,fail,5,P0428,REQ-1016,REQK0016,USERK0003,20260515
I00477,A00553,2026-07-03 12:54:59,U005,Culture,no_show,3,P0053,REQ-1009,REQK0009,USERK0005,20260703
I00763,A00849,2026-07-06 16:24:21,U010,Technical,no_show,2,P0226,REQ-1024,REQK0024,USERK0010,20260706
I00126,A00154,2026-07-03 17:56:35,U004,Panel,fail,5,P0452,REQ-1021,REQK0021,USERK0004,20260703
I01031,A01151,2026-06-11 20:01:17,U001,Screen call,fail,3,P0113,REQ-1019,REQK0019,USERK0001,20260611
I00959,A01074,2026-03-09 19:27:29,U008,Panel,fail,3,P0249,REQ-1007,REQK0007,USERK0008,20260309
I00931,A01033,2026-02-18 19:19:24,U006,Culture,no_show,3,P0103,REQ-1022,REQK0022,USERK0006,20260218
I00676,A00758,2026-04-09 22:21:47,U009,Technical,pending,3,P0330,REQ-1013,REQK0013,USERK0009,20260409
I00324,A00380,2026-07-13 19:02:30,U009,Panel,pass,3,P0375,REQ-1020,REQK0020,USERK0009,20260713
I00592,A00660,2026-03-11 09:56:08,U004,Technical,pending,3,P0101,REQ-1006,REQK0006,USERK0004,20260311
I00340,A00390,2026-07-12 15:51:04,U003,Culture,pass,5,P0389,REQ-1003,REQK0003,USERK0003,20260712
I01053,A01182,2025-12-20 01:21:42,U011,System design,no_show,,P0174,REQ-1017,REQK0017,USERK0011,20251220
I01238,A01405,2025-10-22 03:59:12,U012,Culture,pending,,P0159,REQ-1007,REQK0007,USERK0012,20251022
I01095,A01213,2026-07-10 15:14:04,U003,Panel,pass,,P0374,REQ-1001,REQK0001,USERK0003,20260710
I01039,A01159,2026-06-25 03:58:00,U001,Technical,pending,4,P0162,REQ-1008,REQK0008,USERK0001,20260625
I00091,A00118,2025-12-24 15:42:21,U004,Culture,no_show,4,P0406,REQ-1003,REQK0003,USERK0004,20251224
I00184,A00228,2026-07-09 22:42:10,U006,Culture,no_show,4,P0371,REQ-1019,REQK0019,USERK0006,20260709
I00195,A00240,2026-06-30 05:18:56,U008,Technical,fail,3,P0440,REQ-1019,REQK0019,USERK0008,20260630
I01249,A01424,2026-03-08 07:17:53,U011,System design,fail,2,P0263,REQ-1002,REQK0002,USERK0011,20260308
I00497,A00570,2026-04-15 03:16:32,U005,Screen call,pending,5,P0253,REQ-1015,REQK0015,USERK0005,20260415
I00474,A00549,2025-12-21 16:12:06,U007,System design,fail,3,P0205,REQ-1017,REQK0017,USERK0007,20251221
I00889,A00985,2026-04-27 03:38:26,U008,Technical,no_show,,P0419,REQ-1020,REQK0020,USERK0008,20260427
I00122,A00148,2025-10-29 16:02:56,U012,Screen call,fail,5,P0054,REQ-1012,REQK0012,USERK0012,20251029
I01035,A01155,2026-03-23 09:20:38,U002,Panel,no_show,3,P0372,REQ-1012,REQK0012,USERK0002,20260323
I00110,A00138,2026-05-01 15:48:13,U009,Screen call,pass,3,P0065,REQ-1003,REQK0003,USERK0009,20260501
I01024,A01137,2026-06-10 13:15:04,U007,Screen call,no_show,5,P0414,REQ-1016,REQK0016,USERK0007,20260610
I00552,A00623,2026-05-24 12:19:05,U003,Technical,pending,5,P0297,REQ-1021,REQK0021,USERK0003,20260524
I01091,A01210,2026-03-21 21:28:03,U010,Technical,pass,,P0124,REQ-1003,REQK0003,USERK0010,20260321
I01037,A01158,2026-05-22 14:37:25,U001,Panel,pass,3,P0517,REQ-1019,REQK0019,USERK0001,20260522
I00509,A00584,2026-06-23 18:17:48,U005,System design,fail,2,P0218,REQ-1015,REQK0015,USERK0005,20260623
I00927,A01028,2026-04-24 20:16:36,U011,Culture,pass,4,P0293,REQ-1018,REQK0018,USERK0011,20260424
I00206,A00247,2026-01-17 23:30:42,U011,Culture,fail,5,P0165,REQ-1025,REQK0025,USERK0011,20260117
I00808,A00895,2026-05-31 15:56:59,U004,Technical,pass,4,P0497,REQ-1018,REQK0018,USERK0004,20260531
I00185,A00228,2026-07-12 22:42:10,U005,Culture,no_show,3,P0371,REQ-1019,REQK0019,USERK0005,20260712
I01016,A01128,2026-07-09 06:16:48,U011,Technical,pass,2,P0327,REQ-1021,REQK0021,USERK0011,20260709
I00829,A00916,2026-08-06 13:52:56,U004,System design,pass,4,P0375,REQ-1019,REQK0019,USERK0004,20260806
I00065,A00078,2026-05-30 06:57:56,U002,System design,pass,,P0031,REQ-1009,REQK0009,USERK0002,20260530
I00375,A00424,2025-11-26 14:04:23,U006,Culture,fail,3,P0313,REQ-1022,REQK0022,USERK0006,20251126
I00915,A01013,2026-03-27 18:35:59,U012,System design,no_show,4,P0213,REQ-1009,REQK0009,USERK0012,20260327
I00392,A00439,2026-07-15 05:32:37,U006,Culture,pass,,P0078,REQ-1026,REQK0026,USERK0006,20260715
I00513,A00586,2025-12-21 23:32:31,U006,Technical,pass,3,P0173,REQ-1002,REQK0002,USERK0006,20251221
I01010,A01121,2026-07-11 02:59:43,U010,Culture,pass,5,P0270,REQ-1019,REQK0019,USERK0010,20260711
I00994,A01106,2026-02-02 15:12:54,U010,System design,pass,3,P0082,REQ-1022,REQK0022,USERK0010,20260202
I00774,A00857,2026-07-20 20:56:22,U004,System design,pending,,P0508,REQ-1026,REQK0026,USERK0004,20260720
I01127,A01248,2026-03-14 09:06:25,U008,Technical,no_show,3,P0319,REQ-1007,REQK0007,USERK0008,20260314
I00636,A00717,2026-04-23 09:34:15,U010,Culture,no_show,5,P0363,REQ-1002,REQK0002,USERK0010,20260423
I00153,A00192,2026-05-30 03:08:33,U001,Technical,pass,3,P0334,REQ-1015,REQK0015,USERK0001,20260530
I00775,A00857,2026-07-23 20:56:22,U008,Culture,pass,2,P0508,REQ-1026,REQK0026,USERK0008,20260723
I00096,A00122,2026-02-08 08:28:38,U005,System design,fail,4,P0155,REQ-1012,REQK0012,USERK0005,20260208
I00459,A00530,2026-03-31 11:56:46,U004,Culture,pending,4,P0379,REQ-1010,REQK0010,USERK0004,20260331
I00022,A00030,2026-06-21 06:21:09,U005,Panel,no_show,,P0233,REQ-1019,REQK0019,USERK0005,20260621
I00780,A00868,2026-06-06 17:41:40,U003,System design,pass,3,P0033,REQ-1020,REQK0020,USERK0003,20260606
I00896,A00989,2026-06-17 01:31:01,U010,System design,pass,3,P0539,REQ-1004,REQK0004,USERK0010,20260617
I00773,A00857,2026-07-17 20:56:22,U003,Screen call,pass,4,P0508,REQ-1026,REQK0026,USERK0003,20260717
I01143,A01266,2026-05-21 05:42:17,U004,Panel,no_show,4,P0210,REQ-1003,REQK0003,USERK0004,20260521
I00609,A00674,2026-06-02 19:48:34,U011,Technical,pending,3,P0047,REQ-1020,REQK0020,USERK0011,20260602
I00276,A00322,2026-07-28 18:42:21,U007,System design,pending,5,P0095,REQ-1019,REQK0019,USERK0007,20260728
I01086,A01207,2026-02-23 06:02:44,U003,System design,pass,,P0085,REQ-1003,REQK0003,USERK0003,20260223
I00630,A00711,2025-12-21 09:30:56,U007,Technical,pending,,P0276,REQ-1009,REQK0009,USERK0007,20251221
I00183,A00227,2026-07-02 19:59:12,U008,Panel,pass,3,P0057,REQ-1009,REQK0009,USERK0008,20260702
I01219,A01380,2026-07-06 19:30:10,U001,Screen call,pass,,P0413,REQ-1002,REQK0002,USERK0001,20260706
I00812,A00899,2026-04-16 16:56:05,U011,Culture,pass,2,P0130,REQ-1015,REQK0015,USERK0011,20260416
I00969,A01085,2026-06-27 01:39:42,U004,Technical,pass,5,P0150,REQ-1008,REQK0008,USERK0004,20260627
I00047,A00062,2026-06-02 14:10:36,U011,System design,fail,2,P0470,REQ-1019,REQK0019,USERK0011,20260602
I00731,A00810,2026-04-24 08:38:34,U003,Technical,fail,5,P0353,REQ-1008,REQK0008,USERK0003,20260424
I00884,A00979,2026-05-27 05:44:45,U007,Panel,pending,5,P0408,REQ-1016,REQK0016,USERK0007,20260527
I00140,A00175,2026-05-10 18:44:08,U011,Panel,pass,3,P0265,REQ-1008,REQK0008,USERK0011,20260510
I00274,A00322,2026-07-22 18:42:21,U007,Screen call,pending,3,P0095,REQ-1019,REQK0019,USERK0007,20260722
I00629,A00709,2026-05-12 13:22:37,U007,Culture,pending,4,P0278,REQ-1024,REQK0024,USERK0007,20260512
I01152,A01276,2026-05-25 14:32:56,U005,Panel,pending,4,P0390,REQ-1021,REQK0021,USERK0005,20260525
I01209,A01354,2026-03-24 17:03:06,U005,Panel,no_show,5,P0386,REQ-1022,REQK0022,USERK0005,20260324
I01210,A01356,2026-06-28 05:35:17,U009,Panel,pending,2,P0199,REQ-1021,REQK0021,USERK0009,20260628
I01093,A01210,2026-03-27 21:28:03,U001,Culture,no_show,3,P0124,REQ-1003,REQK0003,USERK0001,20260327
I01021,A01135,2026-07-10 04:00:30,U009,Screen call,pass,2,P0361,REQ-1008,REQK0008,USERK0009,20260710
I01163,A01284,2026-07-19 17:21:20,U012,Screen call,fail,3,P0356,REQ-1006,REQK0006,USERK0012,20260719
I01052,A01181,2026-06-08 19:12:00,U008,Screen call,pass,,P0347,REQ-1024,REQK0024,USERK0008,20260608
I01190,A01334,2026-02-25 22:20:18,U010,Culture,pass,,P0018,REQ-1016,REQK0016,USERK0010,20260225
I00700,A00779,2026-01-10 15:23:10,U008,Technical,pass,3,P0179,REQ-1003,REQK0003,USERK0008,20260110
I00098,A00125,2026-05-26 04:06:56,U012,Screen call,fail,2,P0074,REQ-1004,REQK0004,USERK0012,20260526
I00455,A00525,2026-05-31 16:52:38,U011,System design,pending,3,P0167,REQ-1025,REQK0025,USERK0011,20260531
I00058,A00070,2026-05-09 16:09:11,U006,System design,pending,2,P0272,REQ-1008,REQK0008,USERK0006,20260509
I01050,A01176,2026-06-13 06:34:35,U011,Panel,pending,4,P0552,REQ-1010,REQK0010,USERK0011,20260613
I00267,A00312,2026-05-17 08:52:39,U007,Screen call,no_show,5,P0428,REQ-1005,REQK0005,USERK0007,20260517
I00626,A00704,2026-05-29 21:12:18,U006,Technical,no_show,,P0356,REQ-1022,REQK0022,USERK0006,20260529
I00527,A00601,2026-06-24 18:05:08,U007,Culture,pass,5,P0103,REQ-1020,REQK0020,USERK0007,20260624
I01020,A01135,2026-07-07 04:00:30,U012,Technical,pass,4,P0361,REQ-1008,REQK0008,USERK0012,20260707
I00860,A00954,2026-05-17 01:38:24,U009,Culture,fail,5,P0160,REQ-1025,REQK0025,USERK0009,20260517
I00673,A00757,2026-05-08 04:47:13,U001,Panel,pass,5,P0270,REQ-1017,REQK0017,USERK0001,20260508
I00277,A00325,2026-06-20 06:28:16,U008,Culture,fail,3,P0272,REQ-1015,REQK0015,USERK0008,20260620
I00242,A00282,2026-03-07 03:24:42,U009,Culture,pending,2,P0039,REQ-1016,REQK0016,USERK0009,20260307
I00264,A00309,2025-12-16 03:48:26,U006,System design,no_show,5,P0526,REQ-1007,REQK0007,USERK0006,20251216
I00533,A00603,2026-07-02 18:12:02,U004,Screen call,fail,,P0302,REQ-1018,REQK0018,USERK0004,20260702
I00228,A00274,2026-05-23 17:16:10,U007,Panel,fail,,P0070,REQ-1004,REQK0004,USERK0007,20260523
I00881,A00978,2026-07-24 12:26:11,U008,Screen call,pass,5,P0435,REQ-1001,REQK0001,USERK0008,20260724
I00723,A00804,2026-06-03 04:58:10,U002,Screen call,pass,,P0320,REQ-1001,REQK0001,USERK0002,20260603
I00865,A00962,2026-07-01 13:36:18,U009,System design,pending,4,P0040,REQ-1011,REQK0011,USERK0009,20260701
I00205,A00246,2026-03-03 08:29:42,U012,System design,pass,4,P0280,REQ-1007,REQK0007,USERK0012,20260303
I00247,A00289,2026-06-02 17:26:33,U008,Panel,pass,4,P0289,REQ-1026,REQK0026,USERK0008,20260602
I00075,A00101,2026-07-24 22:40:18,U008,Panel,pass,3,P0013,REQ-1026,REQK0026,USERK0008,20260724
I00301,A00361,2026-07-27 18:05:52,U003,Screen call,pass,3,P0364,REQ-1026,REQK0026,USERK0003,20260727
I00833,A00925,2026-07-03 02:38:36,U001,Technical,fail,3,P0133,REQ-1019,REQK0019,USERK0001,20260703
I00595,A00661,2026-01-11 03:12:39,U006,System design,no_show,,P0013,REQ-1003,REQK0003,USERK0006,20260111
I00300,A00358,2025-11-13 13:48:26,U011,Panel,pass,3,P0041,REQ-1012,REQK0012,USERK0011,20251113
I00429,A00489,2026-06-29 23:03:07,U010,Panel,fail,4,P0027,REQ-1019,REQK0019,USERK0010,20260629
I00251,A00292,2026-05-18 14:09:31,U010,System design,pass,,P0082,REQ-1018,REQK0018,USERK0010,20260518
I00304,A00362,2026-07-12 08:22:35,U008,Culture,pass,5,P0506,REQ-1015,REQK0015,USERK0008,20260712
I00517,A00590,2026-07-23 19:15:44,U008,System design,pass,3,P0075,REQ-1001,REQK0001,USERK0008,20260723
I00793,A00877,2026-05-08 05:06:52,U004,Panel,pending,4,P0141,REQ-1020,REQK0020,USERK0004,20260508
I00674,A00757,2026-05-11 04:47:13,U005,System design,pass,5,P0270,REQ-1017,REQK0017,USERK0005,20260511
I00132,A00166,2026-01-10 09:22:24,U004,Technical,fail,3,P0106,REQ-1018,REQK0018,USERK0004,20260110
I01255,A01431,2026-06-07 10:05:32,U008,Screen call,pending,4,P0494,REQ-1006,REQK0006,USERK0008,20260607
I00285,A00334,2026-06-02 02:39:38,U007,Panel,pass,2,P0378,REQ-1006,REQK0006,USERK0007,20260602
I00290,A00345,2026-05-02 05:56:17,U010,Culture,fail,5,P0094,REQ-1013,REQK0013,USERK0010,20260502
I00359,A00409,2026-07-21 14:57:37,U007,System design,no_show,2,P0088,REQ-1024,REQK0024,USERK0007,20260721
I00824,A00910,2026-07-04 03:16:37,U002,Technical,pending,5,P0500,REQ-1020,REQK0020,USERK0002,20260704
I00227,A00274,2026-05-20 17:16:10,U012,System design,pass,3,P0070,REQ-1004,REQK0004,USERK0012,20260520
I01181,A01317,2026-03-15 04:08:37,U006,Culture,pass,4,P0111,REQ-1022,REQK0022,USERK0006,20260315
I01040,A01161,2026-03-22 23:12:19,U009,Screen call,pass,,P0486,REQ-1022,REQK0022,USERK0009,20260322
I00014,A00021,2026-02-24 19:31:43,U005,System design,fail,4,P0002,REQ-1002,REQK0002,USERK0005,20260224
I00895,A00989,2026-06-14 01:31:01,U005,Screen call,no_show,2,P0539,REQ-1004,REQK0004,USERK0005,20260614
I00129,A00162,2025-12-12 23:53:04,U007,Screen call,pass,4,P0018,REQ-1003,REQK0003,USERK0007,20251212
I00689,A00766,2026-06-01 10:39:43,U001,Screen call,pass,4,P0032,REQ-1004,REQK0004,USERK0001,20260601
I00710,A00787,2026-06-09 06:01:21,U001,Technical,pass,4,P0435,REQ-1019,REQK0019,USERK0001,20260609
I00768,A00853,2025-12-07 14:16:31,U005,Screen call,no_show,4,P0240,REQ-1012,REQK0012,USERK0005,20251207
I00702,A00781,2026-05-08 18:45:38,U006,Panel,pending,4,P0371,REQ-1015,REQK0015,USERK0006,20260508
I00164,A00201,2026-04-24 16:05:50,U012,Technical,pass,4,P0404,REQ-1005,REQK0005,USERK0012,20260424
I00151,A00192,2026-05-24 03:08:33,U001,System design,fail,,P0334,REQ-1015,REQK0015,USERK0001,20260524
I00799,A00886,2026-04-24 13:53:11,U001,Technical,pass,3,P0267,REQ-1015,REQK0015,USERK0001,20260424
I00382,A00428,2026-06-07 08:10:11,U012,Technical,no_show,2,P0025,REQ-1023,REQK0023,USERK0012,20260607
I00317,A00376,2026-04-19 07:25:31,U002,Panel,pass,2,P0293,REQ-1002,REQK0002,USERK0002,20260419
I00444,A00514,2026-06-25 16:27:26,U011,Screen call,pass,3,P0265,REQ-1003,REQK0003,USERK0011,20260625
I00425,A00485,2026-05-01 21:35:16,U011,Technical,no_show,5,P0138,REQ-1006,REQK0006,USERK0011,20260501
I00590,A00658,2026-07-27 16:39:55,U007,Culture,pending,,P0114,REQ-1008,REQK0008,USERK0007,20260727
I01211,A01356,2026-07-01 05:35:17,U008,Culture,pass,4,P0199,REQ-1021,REQK0021,USERK0008,20260701
I00328,A00382,2026-04-02 20:03:40,U001,Technical,pending,,P0240,REQ-1018,REQK0018,USERK0001,20260402
I01147,A01272,2026-07-11 20:29:42,U003,Screen call,fail,3,P0330,REQ-1026,REQK0026,USERK0003,20260711
I00971,A01088,2026-06-28 06:54:50,U007,Technical,fail,4,P0519,REQ-1003,REQK0003,USERK0007,20260628
I01195,A01339,2025-10-27 00:53:09,U012,Screen call,pass,4,P0188,REQ-1014,REQK0014,USERK0012,20251027
I00761,A00844,2025-11-28 15:45:46,U012,Screen call,pending,4,P0295,REQ-1012,REQK0012,USERK0012,20251128
I00208,A00252,2026-03-12 09:43:10,U005,Panel,pending,3,P0482,REQ-1022,REQK0022,USERK0005,20260312
I01018,A01131,2026-07-08 16:13:29,U010,System design,no_show,5,P0196,REQ-1007,REQK0007,USERK0010,20260708
I01242,A01413,2026-04-20 03:44:31,U004,Technical,fail,4,P0103,REQ-1010,REQK0010,USERK0004,20260420
I00532,A00603,2026-06-29 18:12:02,U002,Technical,pass,4,P0302,REQ-1018,REQK0018,USERK0002,20260629
I00524,A00594,2026-07-18 09:00:00,U004,Technical,pass,,P0395,REQ-1019,REQK0019,USERK0004,20260718
I01157,A01279,2026-07-07 01:40:05,U005,System design,pass,5,P0224,REQ-1015,REQK0015,USERK0005,20260707
I00612,A00675,2026-07-07 00:01:41,U008,Culture,pending,,P0033,REQ-1019,REQK0019,USERK0008,20260707
I00344,A00394,2025-12-01 05:51:15,U012,Technical,pass,,P0292,REQ-1009,REQK0009,USERK0012,20251201
I00952,A01065,2026-01-28 11:36:56,U011,Screen call,pass,4,P0071,REQ-1009,REQK0009,USERK0011,20260128
I01063,A01191,2026-01-02 03:41:45,U004,Culture,fail,3,P0356,REQ-1014,REQK0014,USERK0004,20260102
I00048,A00062,2026-06-05 14:10:36,U005,System design,fail,,P0470,REQ-1019,REQK0019,USERK0005,20260605
I00529,A00602,2026-07-07 15:05:22,U007,System design,pass,2,P0351,REQ-1003,REQK0003,USERK0007,20260707
I00089,A00117,2026-06-14 16:30:45,U004,Panel,no_show,,P0439,REQ-1008,REQK0008,USERK0004,20260614
I00241,A00282,2026-03-04 03:24:42,U010,Screen call,fail,4,P0039,REQ-1016,REQK0016,USERK0010,20260304
I00995,A01106,2026-02-05 15:12:54,U012,System design,pending,2,P0082,REQ-1022,REQK0022,USERK0012,20260205
I00094,A00121,2026-07-18 08:30:01,U002,Screen call,fail,4,P0248,REQ-1002,REQK0002,USERK0002,20260718
I00331,A00386,2026-07-26 22:20:07,U010,Culture,pending,3,P0050,REQ-1020,REQK0020,USERK0010,20260726
I01218,A01366,2026-07-02 16:49:00,U001,Screen call,pending,3,P0141,REQ-1015,REQK0015,USERK0001,20260702
I00232,A00276,2025-12-23 02:30:54,U007,Culture,pass,3,P0524,REQ-1002,REQK0002,USERK0007,20251223
I01158,A01280,2025-12-25 13:10:23,U011,Screen call,fail,3,P0037,REQ-1007,REQK0007,USERK0011,20251225
I00464,A00536,2026-04-26 03:10:20,U002,Technical,pass,5,P0133,REQ-1020,REQK0020,USERK0002,20260426
I00574,A00643,2026-07-17 05:12:36,U001,Technical,no_show,3,P0209,REQ-1024,REQK0024,USERK0001,20260717
I01061,A01190,2026-05-24 13:21:22,U004,Culture,pending,4,P0390,REQ-1015,REQK0015,USERK0004,20260524
I01258,A01433,2026-06-24 08:26:27,U011,System design,pass,5,P0120,REQ-1018,REQK0018,USERK0011,20260624
I00807,A00895,2026-05-28 15:56:59,U007,System design,pass,4,P0497,REQ-1018,REQK0018,USERK0007,20260528
I00572,A00640,2026-05-27 04:09:26,U005,Panel,pending,3,P0548,REQ-1026,REQK0026,USERK0005,20260527
I00372,A00418,2026-05-19 15:29:29,U001,Panel,no_show,,P0216,REQ-1023,REQK0023,USERK0001,20260519
I01145,A01270,2026-06-11 11:10:53,U006,Panel,pass,5,P0359,REQ-1019,REQK0019,USERK0006,20260611
I00256,A00303,2026-05-10 08:31:59,U005,Technical,pending,3,P0560,REQ-1017,REQK0017,USERK0005,20260510
I00623,A00701,2026-02-12 04:12:36,U003,Culture,fail,2,P0005,REQ-1014,REQK0014,USERK0003,20260212
I00403,A00458,2026-07-09 05:24:39,U003,Culture,no_show,,P0054,REQ-1024,REQK0024,USERK0003,20260709
I00061,A00073,2026-02-19 23:10:20,U009,Panel,pass,3,P0415,REQ-1015,REQK0015,USERK0009,20260219
I01169,A01290,2026-06-07 08:08:09,U011,Culture,no_show,,P0074,REQ-1026,REQK0026,USERK0011,20260607
I00798,A00886,2026-04-21 13:53:11,U011,Screen call,pass,5,P0267,REQ-1015,REQK0015,USERK0011,20260421
I00137,A00170,2026-05-02 03:14:49,U009,Technical,fail,4,P0349,REQ-1022,REQK0022,USERK0009,20260502
I00847,A00935,2026-06-17 08:35:44,U005,System design,pending,3,P0428,REQ-1010,REQK0010,USERK0005,20260617
I01275,A01450,2026-04-27 08:06:15,U001,Screen call,no_show,,P0356,REQ-1013,REQK0013,USERK0001,20260427
I00015,A00025,2026-05-09 20:13:16,U006,System design,pass,3,P0278,REQ-1026,REQK0026,USERK0006,20260509
I01056,A01185,2026-05-22 17:35:54,U006,Culture,no_show,4,P0064,REQ-1006,REQK0006,USERK0006,20260522
I00598,A00662,2026-04-02 03:39:11,U010,Screen call,pass,4,P0169,REQ-1020,REQK0020,USERK0010,20260402
I01059,A01186,2026-06-24 01:00:51,U002,Screen call,pass,,P0513,REQ-1002,REQK0002,USERK0002,20260624
I00172,A00209,2026-01-19 05:42:19,U002,Screen call,pass,3,P0288,REQ-1022,REQK0022,USERK0002,20260119
I00684,A00762,2026-06-04 12:59:38,U006,Technical,no_show,4,P0053,REQ-1014,REQK0014,USERK0006,20260604
I01197,A01339,2025-11-02 00:53:09,U009,Screen call,pass,4,P0188,REQ-1014,REQK0014,USERK0009,20251102
I00801,A00887,2026-07-12 01:45:56,U003,Culture,fail,2,P0386,REQ-1021,REQK0021,USERK0003,20260712
I00445,A00516,2026-07-23 10:23:29,U002,Technical,fail,5,P0149,REQ-1006,REQK0006,USERK0002,20260723
I00348,A00398,2026-03-12 16:25:27,U006,Culture,pass,5,P0060,REQ-1014,REQK0014,USERK0006,20260312
I00255,A00298,2026-02-17 11:48:11,U006,Technical,fail,5,P0461,REQ-1013,REQK0013,USERK0006,20260217
I00510,A00584,2026-06-26 18:17:48,U009,System design,fail,2,P0218,REQ-1015,REQK0015,USERK0009,20260626
I01184,A01322,2026-07-21 00:12:37,U009,Technical,pass,2,P0405,REQ-1018,REQK0018,USERK0009,20260721
I00640,A00720,2026-07-09 06:06:32,U006,Culture,no_show,4,P0316,REQ-1009,REQK0009,USERK0006,20260709
I00423,A00484,2026-06-05 09:50:59,U010,Technical,fail,2,P0143,REQ-1006,REQK0006,USERK0010,20260605
I00493,A00568,2026-03-20 13:48:55,U008,Technical,no_show,3,P0040,REQ-1018,REQK0018,USERK0008,20260320
I00250,A00290,2026-07-24 00:27:22,U009,Panel,pending,5,P0481,REQ-1021,REQK0021,USERK0009,20260724
I01173,A01299,2025-12-10 01:24:04,U011,Screen call,pass,2,P0066,REQ-1022,REQK0022,USERK0011,20251210
I01134,A01259,2026-06-11 20:49:35,U009,Technical,pass,2,P0321,REQ-1026,REQK0026,USERK0009,20260611
I00006,A00016,2026-06-06 00:03:43,U011,System design,fail,3,P0251,REQ-1001,REQK0001,USERK0011,20260606
I01023,A01137,2026-06-07 13:15:04,U001,Screen call,pending,4,P0414,REQ-1016,REQK0016,USERK0001,20260607
I01081,A01204,2026-03-12 18:24:07,U011,Technical,pass,5,P0255,REQ-1022,REQK0022,USERK0011,20260312
I00280,A00331,2026-07-11 22:18:13,U012,Culture,no_show,4,P0003,REQ-1024,REQK0024,USERK0012,20260711
I00749,A00831,2026-07-04 13:29:52,U001,Technical,pending,4,P0437,REQ-1021,REQK0021,USERK0001,20260704
I00941,A01044,2026-06-02 22:42:27,U002,Culture,pending,4,P0392,REQ-1005,REQK0005,USERK0002,20260602
I00716,A00798,2026-02-11 16:18:14,U006,Technical,fail,4,P0388,REQ-1012,REQK0012,USERK0006,20260211
I00683,A00762,2026-06-01 12:59:38,U002,Screen call,no_show,5,P0053,REQ-1014,REQK0014,USERK0002,20260601
I00913,A01012,2025-11-11 23:50:40,U003,Culture,pass,5,P0386,REQ-1002,REQK0002,USERK0003,20251111
I00551,A00618,2026-05-11 20:45:30,U012,Panel,pass,3,P0218,REQ-1003,REQK0003,USERK0012,20260511
I00706,A00785,2026-07-23 12:34:36,U007,System design,no_show,2,P0382,REQ-1013,REQK0013,USERK0007,20260723
I00037,A00050,2026-07-20 20:58:51,U012,System design,no_show,4,P0272,REQ-1016,REQK0016,USERK0012,20260720
I00470,A00542,2026-06-16 11:39:34,U002,System design,pass,3,P0514,REQ-1017,REQK0017,USERK0002,20260616
I00993,A01105,2026-07-01 08:12:18,U004,Culture,fail,2,P0034,REQ-1002,REQK0002,USERK0004,20260701
I00326,A00381,2026-06-04 03:19:53,U002,Culture,pass,4,P0343,REQ-1017,REQK0017,USERK0002,20260604
I00055,A00068,2026-06-01 11:57:24,U005,Technical,no_show,3,P0100,REQ-1004,REQK0004,USERK0005,20260601
I00346,A00396,2026-06-06 11:42:06,U012,Panel,pending,2,P0179,REQ-1020,REQK0020,USERK0012,20260606
I00439,A00511,2025-12-29 07:21:38,U011,System design,pending,5,P0443,REQ-1012,REQK0012,USERK0011,20251229
I00462,A00535,2026-02-20 23:24:59,U004,Screen call,pending,4,P0402,REQ-1012,REQK0012,USERK0004,20260220
I00410,A00462,2026-04-27 22:41:00,U008,Technical,pass,2,P0231,REQ-1022,REQK0022,USERK0008,20260427
I00745,A00826,2026-06-21 18:43:39,U005,Technical,pass,4,P0060,REQ-1001,REQK0001,USERK0005,20260621
I00144,A00183,2026-05-31 22:02:24,U012,Technical,pass,2,P0347,REQ-1004,REQK0004,USERK0012,20260531
I00190,A00238,2026-04-20 05:24:04,U002,Culture,no_show,4,P0453,REQ-1025,REQK0025,USERK0002,20260420
I00414,A00468,2026-01-07 09:37:24,U012,Screen call,fail,3,P0230,REQ-1003,REQK0003,USERK0012,20260107
I01105,A01217,2026-06-21 04:37:37,U008,System design,fail,,P0148,REQ-1010,REQK0010,USERK0008,20260621
I00038,A00054,2026-02-26 01:45:03,U007,System design,pass,,P0208,REQ-1002,REQK0002,USERK0007,20260226
I01069,A01196,2026-02-09 02:15:34,U009,Panel,pending,3,P0120,REQ-1002,REQK0002,USERK0009,20260209
I00394,A00439,2026-07-21 05:32:37,U010,System design,pass,4,P0078,REQ-1026,REQK0026,USERK0010,20260721
I00221,A00270,2026-06-08 00:16:09,U009,Technical,pending,3,P0025,REQ-1006,REQK0006,USERK0009,20260608
I00924,A01022,2026-04-12 07:29:51,U003,Culture,pass,4,P0056,REQ-1013,REQK0013,USERK0003,20260412
I01001,A01112,2026-05-28 21:45:04,U001,Panel,no_show,3,P0361,REQ-1021,REQK0021,USERK0001,20260528
I00635,A00717,2026-04-20 09:34:15,U011,System design,pending,4,P0363,REQ-1002,REQK0002,USERK0011,20260420
I00123,A00151,2026-07-04 17:39:05,U004,System design,pending,4,P0424,REQ-1011,REQK0011,USERK0004,20260704
I00179,A00223,2026-07-14 21:47:01,U004,Screen call,pending,4,P0230,REQ-1001,REQK0001,USERK0004,20260714
I00219,A00269,2026-04-01 03:51:31,U009,Screen call,fail,5,P0414,REQ-1022,REQK0022,USERK0009,20260401
I00258,A00307,2026-06-30 13:14:56,U011,System design,pass,3,P0378,REQ-1010,REQK0010,USERK0011,20260630
I00368,A00414,2026-05-28 05:27:49,U009,Culture,no_show,3,P0353,REQ-1001,REQK0001,USERK0009,20260528
I00954,A01067,2026-05-13 03:09:39,U009,Panel,fail,2,P0135,REQ-1016,REQK0016,USERK0009,20260513
I00660,A00742,2026-04-10 10:35:56,U011,Panel,pass,,P0412,REQ-1006,REQK0006,USERK0011,20260410
I00821,A00909,2026-03-22 02:21:48,U012,Culture,fail,3,P0048,REQ-1022,REQK0022,USERK0012,20260322
I01113,A01223,2026-06-21 17:38:37,U005,Culture,fail,4,P0479,REQ-1022,REQK0022,USERK0005,20260621
I00653,A00734,2026-06-19 10:34:08,U009,Culture,no_show,2,P0398,REQ-1019,REQK0019,USERK0009,20260619
I00521,A00592,2026-03-01 21:28:10,U012,Culture,no_show,5,P0009,REQ-1012,REQK0012,USERK0012,20260301
I00894,A00988,2026-07-09 01:09:25,U005,Culture,pending,,P0532,REQ-1019,REQK0019,USERK0005,20260709
I00933,A01036,2026-06-24 11:20:55,U012,Panel,no_show,2,P0536,REQ-1008,REQK0008,USERK0012,20260624
I00545,A00616,2026-03-18 11:50:02,U010,Screen call,fail,3,P0055,REQ-1002,REQK0002,USERK0010,20260318
I01233,A01395,2026-06-05 20:44:11,U003,System design,no_show,5,P0551,REQ-1010,REQK0010,USERK0003,20260605
I00112,A00139,2026-07-20 00:49:08,U009,Culture,pass,2,P0116,REQ-1022,REQK0022,USERK0009,20260720
I00712,A00793,2025-12-23 01:28:32,U008,Technical,pending,,P0389,REQ-1025,REQK0025,USERK0008,20251223
I01206,A01352,2026-05-12 08:00:45,U008,Panel,pending,3,P0023,REQ-1010,REQK0010,USERK0008,20260512
I00877,A00974,2026-07-09 04:11:04,U010,Screen call,no_show,3,P0032,REQ-1001,REQK0001,USERK0010,20260709
I00131,A00162,2025-12-18 23:53:04,U006,Technical,no_show,4,P0018,REQ-1003,REQK0003,USERK0006,20251218
I01099,A01215,2026-06-22 12:32:24,U010,System design,pending,4,P0242,REQ-1001,REQK0001,USERK0010,20260622
I01151,A01276,2026-05-22 14:32:56,U007,Panel,pass,5,P0390,REQ-1021,REQK0021,USERK0007,20260522
I00353,A00405,2026-06-09 07:31:36,U005,Panel,no_show,3,P0459,REQ-1020,REQK0020,USERK0005,20260609
I01162,A01282,2026-07-13 23:01:46,U007,Culture,pass,5,P0127,REQ-1001,REQK0001,USERK0007,20260713
I00961,A01075,2026-07-07 12:36:47,U008,Screen call,pending,4,P0374,REQ-1003,REQK0003,USERK0008,20260707
I00134,A00168,2026-05-18 14:40:38,U007,Technical,pending,3,P0194,REQ-1017,REQK0017,USERK0007,20260518
I00834,A00925,2026-07-06 02:38:36,U008,Technical,pass,4,P0133,REQ-1019,REQK0019,USERK0008,20260706
I01175,A01302,2026-05-06 09:46:43,U012,System design,fail,,P0426,REQ-1005,REQK0005,USERK0012,20260506
I00921,A01018,2026-06-29 01:35:36,U004,System design,fail,3,P0350,REQ-1019,REQK0019,USERK0004,20260629
I00062,A00073,2026-02-22 23:10:20,U006,Technical,no_show,4,P0415,REQ-1015,REQK0015,USERK0006,20260222
I01008,A01120,2026-07-24 21:30:17,U005,Technical,no_show,4,P0293,REQ-1010,REQK0010,USERK0005,20260724
I01208,A01354,2026-03-21 17:03:06,U011,Screen call,pending,5,P0386,REQ-1022,REQK0022,USERK0011,20260321
I01132,A01258,2026-04-30 13:35:51,U008,Panel,pass,3,P0335,REQ-1025,REQK0025,USERK0008,20260430
I00963,A01079,2026-03-06 05:34:35,U007,System design,no_show,4,P0177,REQ-1014,REQK0014,USERK0007,20260306
I01174,A01299,2025-12-13 01:24:04,U002,Technical,fail,4,P0066,REQ-1022,REQK0022,USERK0002,20251213
I00790,A00875,2026-05-28 22:34:34,U009,Panel,no_show,4,P0071,REQ-1015,REQK0015,USERK0009,20260528
I01232,A01395,2026-06-02 20:44:11,U010,Technical,no_show,5,P0551,REQ-1010,REQK0010,USERK0010,20260602
I00620,A00685,2026-06-14 21:15:08,U008,System design,pass,,P0121,REQ-1019,REQK0019,USERK0008,20260614
I00181,A00227,2026-06-26 19:59:12,U006,Panel,fail,,P0057,REQ-1009,REQK0009,USERK0006,20260626
I00289,A00345,2026-04-29 05:56:17,U004,Panel,pass,3,P0094,REQ-1013,REQK0013,USERK0004,20260429
I01220,A01380,2026-07-09 19:30:10,U005,Culture,pending,4,P0413,REQ-1002,REQK0002,USERK0005,20260709
I01077,A01202,2026-07-27 06:14:08,U012,Technical,no_show,3,P0214,REQ-1015,REQK0015,USERK0012,20260727
I00607,A00672,2025-10-18 01:47:55,U006,System design,pending,4,P0445,REQ-1025,REQK0025,USERK0006,20251018
I01138,A01264,2026-05-29 02:03:32,U005,Screen call,no_show,3,P0348,REQ-1026,REQK0026,USERK0005,20260529
I00817,A00902,2026-07-31 07:43:18,U004,Culture,pass,2,P0375,REQ-1016,REQK0016,USERK0004,20260731
I00661,A00745,2026-01-05 19:50:56,U007,System design,fail,3,P0156,REQ-1018,REQK0018,USERK0007,20260105
I00624,A00701,2026-02-15 04:12:36,U011,Technical,pending,2,P0005,REQ-1014,REQK0014,USERK0011,20260215
I00831,A00920,2026-06-22 18:40:12,U005,Technical,pass,4,P0479,REQ-1005,REQK0005,USERK0005,20260622
I00202,A00245,2026-05-06 19:43:04,U001,Culture,pending,3,P0283,REQ-1018,REQK0018,USERK0001,20260506
I00387,A00437,2026-02-25 18:42:40,U007,Technical,pass,3,P0212,REQ-1011,REQK0011,USERK0007,20260225
I00476,A00552,2026-07-06 07:29:18,U003,Panel,pass,3,P0319,REQ-1024,REQK0024,USERK0003,20260706
I00235,A00279,2026-05-31 12:23:09,U004,System design,fail,4,P0431,REQ-1026,REQK0026,USERK0004,20260531
I00120,A00148,2025-10-23 16:02:56,U003,Panel,pass,3,P0054,REQ-1012,REQK0012,USERK0003,20251023
I00027,A00039,2026-06-30 09:31:01,U009,Culture,pass,3,P0143,REQ-1015,REQK0015,USERK0009,20260630
I00907,A01008,2026-06-10 16:14:24,U006,System design,pending,4,P0036,REQ-1008,REQK0008,USERK0006,20260610
I01048,A01174,2026-02-03 16:24:16,U008,Culture,pass,4,P0360,REQ-1025,REQK0025,USERK0008,20260203
I00334,A00388,2026-07-23 00:06:37,U010,Screen call,no_show,5,P0362,REQ-1026,REQK0026,USERK0010,20260723
I00569,A00639,2026-06-11 12:28:41,U009,Screen call,pass,5,P0440,REQ-1008,REQK0008,USERK0009,20260611
I00616,A00682,2026-06-24 15:14:09,U004,Technical,pending,4,P0299,REQ-1010,REQK0010,USERK0004,20260624
I00804,A00893,2026-06-03 05:33:29,U006,Technical,pass,4,P0091,REQ-1013,REQK0013,USERK0006,20260603
I00549,A00617,2026-05-21 21:24:17,U001,System design,pending,3,P0022,REQ-1013,REQK0013,USERK0001,20260521
I00922,A01019,2026-06-21 10:04:54,U009,Screen call,pass,,P0271,REQ-1026,REQK0026,USERK0009,20260621
I00145,A00185,2026-01-01 15:03:19,U003,Culture,no_show,4,P0074,REQ-1014,REQK0014,USERK0003,20260101
I01139,A01264,2026-06-01 02:03:32,U004,System design,fail,2,P0348,REQ-1026,REQK0026,USERK0004,20260601
I00610,A00674,2026-06-05 19:48:34,U003,Screen call,no_show,3,P0047,REQ-1020,REQK0020,USERK0003,20260605
I00485,A00558,2026-03-30 17:17:28,U007,Panel,pass,,P0327,REQ-1005,REQK0005,USERK0007,20260330
I01100,A01216,2026-06-11 11:09:07,U005,Screen call,fail,2,P0388,REQ-1019,REQK0019,USERK0005,20260611
I01128,A01248,2026-03-17 09:06:25,U004,Panel,fail,,P0319,REQ-1007,REQK0007,USERK0004,20260317
I00306,A00366,2026-07-17 13:37:13,U003,System design,pending,,P0341,REQ-1019,REQK0019,USERK0003,20260717
I00944,A01045,2025-12-10 15:42:39,U003,System design,pending,3,P0063,REQ-1017,REQK0017,USERK0003,20251210
I00646,A00725,2026-07-21 22:13:26,U010,Culture,no_show,3,P0327,REQ-1021,REQK0021,USERK0010,20260721
I00693,A00773,2026-05-30 08:30:55,U009,Culture,fail,4,P0335,REQ-1004,REQK0004,USERK0009,20260530
I01235,A01402,2026-02-13 05:07:30,U010,System design,fail,,P0350,REQ-1002,REQK0002,USERK0010,20260213
I00665,A00750,2026-05-01 12:28:20,U003,Culture,pass,4,P0161,REQ-1017,REQK0017,USERK0003,20260501
I01196,A01339,2025-10-30 00:53:09,U004,System design,fail,2,P0188,REQ-1014,REQK0014,USERK0004,20251030
I00234,A00276,2025-12-29 02:30:54,U010,Technical,pending,4,P0524,REQ-1002,REQK0002,USERK0010,20251229
I00849,A00937,2026-06-09 20:06:49,U003,Screen call,pending,5,P0400,REQ-1007,REQK0007,USERK0003,20260609
I00438,A00509,2026-04-19 05:21:45,U006,Panel,no_show,3,P0031,REQ-1017,REQK0017,USERK0006,20260419
I00505,A00575,2026-05-12 21:53:08,U011,Culture,no_show,4,P0049,REQ-1010,REQK0010,USERK0011,20260512
I00222,A00270,2026-06-11 00:16:09,U012,Technical,fail,,P0025,REQ-1006,REQK0006,USERK0012,20260611
I00052,A00066,2026-05-07 13:16:08,U007,Culture,pass,4,P0495,REQ-1023,REQK0023,USERK0007,20260507
I00482,A00557,2026-02-28 07:21:13,U010,Technical,no_show,4,P0490,REQ-1018,REQK0018,USERK0010,20260228
I00578,A00648,2025-12-04 19:24:19,U004,Panel,fail,2,P0371,REQ-1011,REQK0011,USERK0004,20251204
I01042,A01168,2026-05-18 12:33:45,U008,Screen call,pass,3,P0513,REQ-1002,REQK0002,USERK0008,20260518
I00097,A00125,2026-05-23 04:06:56,U005,Technical,no_show,4,P0074,REQ-1004,REQK0004,USERK0005,20260523
I01252,A01429,2026-02-09 04:48:33,U009,Screen call,pending,3,P0037,REQ-1013,REQK0013,USERK0009,20260209
I00890,A00985,2026-04-30 03:38:26,U008,Screen call,pending,2,P0419,REQ-1020,REQK0020,USERK0008,20260430
I00795,A00883,2025-11-24 21:49:52,U011,Panel,fail,4,P0049,REQ-1003,REQK0003,USERK0011,20251124
I01186,A01333,2026-03-04 16:28:58,U001,Culture,pass,3,P0419,REQ-1016,REQK0016,USERK0001,20260304
I01109,A01220,2026-01-12 23:14:43,U007,Panel,no_show,4,P0377,REQ-1016,REQK0016,USERK0007,20260112
I00531,A00603,2026-06-26 18:12:02,U010,System design,pending,5,P0302,REQ-1018,REQK0018,USERK0010,20260626
I00528,A00602,2026-07-04 15:05:22,U003,Technical,pending,3,P0351,REQ-1003,REQK0003,USERK0003,20260704
I00265,A00312,2026-05-11 08:52:39,U011,Panel,no_show,2,P0428,REQ-1005,REQK0005,USERK0011,20260511
I00020,A00029,2025-12-14 13:41:26,U002,System design,pending,2,P0380,REQ-1014,REQK0014,USERK0002,20251214
I00874,A00971,2026-07-13 22:01:50,U009,Panel,no_show,3,P0334,REQ-1010,REQK0010,USERK0009,20260713
I01044,A01168,2026-05-24 12:33:45,U002,Screen call,pass,4,P0513,REQ-1002,REQK0002,USERK0002,20260524
I00026,A00038,2025-11-26 16:15:58,U011,Panel,pending,4,P0379,REQ-1003,REQK0003,USERK0011,20251126
I00704,A00781,2026-05-14 18:45:38,U011,Culture,pass,3,P0371,REQ-1015,REQK0015,USERK0011,20260514
I00512,A00585,2026-06-14 00:16:27,U005,Technical,pass,3,P0259,REQ-1020,REQK0020,USERK0005,20260614
I01248,A01418,2026-04-30 12:07:11,U002,System design,pass,,P0047,REQ-1011,REQK0011,USERK0002,20260430
I00463,A00536,2026-04-23 03:10:20,U002,Panel,no_show,5,P0133,REQ-1020,REQK0020,USERK0002,20260423
I00296,A00353,2026-06-05 02:34:19,U004,Culture,pass,4,P0415,REQ-1021,REQK0021,USERK0004,20260605
I00252,A00293,2026-07-04 05:03:34,U005,Panel,no_show,,P0026,REQ-1004,REQK0004,USERK0005,20260704
I01266,A01440,2025-11-15 20:56:16,U009,System design,pass,4,P0091,REQ-1011,REQK0011,USERK0009,20251115
I00434,A00502,2026-07-20 02:46:41,U009,Panel,fail,,P0186,REQ-1024,REQK0024,USERK0009,20260720
I00886,A00981,2026-06-30 08:32:01,U002,Technical,pending,2,P0548,REQ-1021,REQK0021,USERK0002,20260630
I00593,A00660,2026-03-14 09:56:08,U012,Screen call,fail,4,P0101,REQ-1006,REQK0006,USERK0012,20260314
I00567,A00636,2026-05-29 07:17:22,U007,Technical,pass,4,P0376,REQ-1009,REQK0009,USERK0007,20260529
I00764,A00849,2026-07-09 16:24:21,U004,System design,fail,2,P0226,REQ-1024,REQK0024,USERK0004,20260709
I00908,A01009,2026-06-02 20:26:46,U009,Screen call,pass,4,P0159,REQ-1017,REQK0017,USERK0009,20260602
I01078,A01203,2026-07-11 09:04:31,U012,Culture,no_show,2,P0338,REQ-1003,REQK0003,USERK0012,20260711
I00664,A00749,2026-04-05 02:16:16,U005,Culture,no_show,2,P0052,REQ-1025,REQK0025,USERK0005,20260405
I01012,A01121,2026-07-17 02:59:43,U010,Culture,no_show,3,P0270,REQ-1019,REQK0019,USERK0010,20260717
I01247,A01418,2026-04-27 12:07:11,U001,Screen call,pass,2,P0047,REQ-1011,REQK0011,USERK0001,20260427
I00367,A00414,2026-05-25 05:27:49,U001,Culture,pass,2,P0353,REQ-1001,REQK0001,USERK0001,20260525
I00178,A00223,2026-07-11 21:47:01,U003,Panel,pass,2,P0230,REQ-1001,REQK0001,USERK0003,20260711
I01269,A01442,2026-08-03 08:18:52,U007,Culture,no_show,3,P0218,REQ-1002,REQK0002,USERK0007,20260803
I00543,A00614,2026-07-13 22:29:57,U008,Culture,pending,,P0122,REQ-1002,REQK0002,USERK0008,20260713
I01201,A01343,2026-06-20 13:08:14,U004,Screen call,fail,4,P0188,REQ-1025,REQK0025,USERK0004,20260620
I00925,A01022,2026-04-15 07:29:51,U001,Panel,fail,,P0056,REQ-1013,REQK0013,USERK0001,20260415
I01161,A01281,2026-04-03 12:03:02,U010,Culture,fail,3,P0198,REQ-1017,REQK0017,USERK0010,20260403
I01148,A01272,2026-07-14 20:29:42,U005,Culture,pass,5,P0330,REQ-1026,REQK0026,USERK0005,20260714
I00041,A00056,2026-07-17 20:36:08,U009,Technical,pass,3,P0032,REQ-1015,REQK0015,USERK0009,20260717
I00469,A00542,2026-06-13 11:39:34,U007,Culture,no_show,3,P0514,REQ-1017,REQK0017,USERK0007,20260613
I00614,A00678,2026-07-13 15:06:14,U008,Culture,pass,5,P0207,REQ-1001,REQK0001,USERK0008,20260713
I00461,A00530,2026-04-06 11:56:46,U006,Technical,no_show,,P0379,REQ-1010,REQK0010,USERK0006,20260406
I00354,A00405,2026-06-12 07:31:36,U007,Screen call,pass,4,P0459,REQ-1020,REQK0020,USERK0007,20260612
I00760,A00844,2025-11-25 15:45:46,U005,Screen call,pass,4,P0295,REQ-1012,REQK0012,USERK0005,20251125
I01112,A01222,2026-04-18 16:36:16,U012,System design,pass,2,P0064,REQ-1010,REQK0010,USERK0012,20260418
I00494,A00569,2026-03-30 15:46:08,U003,Culture,no_show,3,P0422,REQ-1020,REQK0020,USERK0003,20260330
I00193,A00239,2026-06-06 06:04:51,U009,Screen call,fail,4,P0390,REQ-1001,REQK0001,USERK0009,20260606
I01236,A01402,2026-02-16 05:07:30,U009,Screen call,no_show,4,P0350,REQ-1002,REQK0002,USERK0009,20260216
I00102,A00132,2026-07-20 03:49:53,U004,System design,pass,5,P0057,REQ-1002,REQK0002,USERK0004,20260720
I00109,A00138,2026-04-28 15:48:13,U006,Technical,no_show,4,P0065,REQ-1003,REQK0003,USERK0006,20260428
I00705,A00783,2026-02-15 05:01:24,U011,Culture,pass,4,P0481,REQ-1014,REQK0014,USERK0011,20260215
I01102,A01216,2026-06-17 11:09:07,U008,Technical,pass,2,P0388,REQ-1019,REQK0019,USERK0008,20260617
I01205,A01352,2026-05-09 08:00:45,U002,Culture,no_show,2,P0023,REQ-1010,REQK0010,USERK0002,20260509
I01073,A01198,2026-06-19 12:37:04,U007,Screen call,fail,4,P0336,REQ-1026,REQK0026,USERK0007,20260619
I01051,A01177,2026-04-24 23:46:03,U002,Culture,pass,3,P0209,REQ-1010,REQK0010,USERK0002,20260424
I00254,A00295,2026-05-10 12:11:29,U004,System design,no_show,,P0266,REQ-1007,REQK0007,USERK0004,20260510
I00092,A00118,2025-12-27 15:42:21,U006,Panel,pass,3,P0406,REQ-1003,REQK0003,USERK0006,20251227
I00311,A00369,2026-05-25 00:49:25,U001,Panel,pass,3,P0527,REQ-1003,REQK0003,USERK0001,20260525
I00887,A00981,2026-07-03 08:32:01,U003,Panel,fail,,P0548,REQ-1021,REQK0021,USERK0003,20260703
I01241,A01413,2026-04-17 03:44:31,U001,Culture,pass,3,P0103,REQ-1010,REQK0010,USERK0001,20260417
I00479,A00553,2026-07-09 12:54:59,U002,Culture,no_show,2,P0053,REQ-1009,REQK0009,USERK0002,20260709
I00942,A01044,2026-06-05 22:42:27,U007,Screen call,fail,4,P0392,REQ-1005,REQK0005,USERK0007,20260605
I00725,A00804,2026-06-09 04:58:10,U012,System design,pending,3,P0320,REQ-1001,REQK0001,USERK0012,20260609
I00859,A00954,2026-05-14 01:38:24,U006,Technical,pass,4,P0160,REQ-1025,REQK0025,USERK0006,20260514
I00186,A00234,2026-05-05 15:55:39,U003,System design,no_show,3,P0032,REQ-1005,REQK0005,USERK0003,20260505
I00042,A00056,2026-07-20 20:36:08,U006,Culture,no_show,4,P0032,REQ-1015,REQK0015,USERK0006,20260720
I00095,A00121,2026-07-21 08:30:01,U009,Culture,fail,4,P0248,REQ-1002,REQK0002,USERK0009,20260721
I00932,A01036,2026-06-21 11:20:55,U011,Culture,no_show,3,P0536,REQ-1008,REQK0008,USERK0011,20260621
I00466,A00537,2026-05-15 17:44:25,U006,System design,pending,3,P0125,REQ-1016,REQK0016,USERK0006,20260515
I00955,A01070,2026-06-21 18:00:09,U005,Screen call,fail,3,P0358,REQ-1023,REQK0023,USERK0005,20260621
I00269,A00314,2026-07-06 18:03:15,U011,Screen call,fail,4,P0215,REQ-1016,REQK0016,USERK0011,20260706
I00200,A00243,2026-06-14 18:20:29,U002,Screen call,pending,4,P0530,REQ-1026,REQK0026,USERK0002,20260614
I01065,A01191,2026-01-08 03:41:45,U007,Panel,pass,3,P0356,REQ-1014,REQK0014,USERK0007,20260108
I00649,A00727,2026-06-10 20:24:13,U008,Screen call,fail,3,P0239,REQ-1018,REQK0018,USERK0008,20260610
I00900,A00994,2026-01-16 07:46:10,U012,Screen call,pass,5,P0538,REQ-1003,REQK0003,USERK0012,20260116
I01025,A01139,2026-01-24 01:22:16,U007,Culture,pass,,P0203,REQ-1014,REQK0014,USERK0007,20260124
I00049,A00063,2026-07-28 06:53:04,U011,Panel,no_show,,P0381,REQ-1008,REQK0008,USERK0011,20260728
I00520,A00591,2026-05-20 04:55:57,U001,Culture,fail,3,P0180,REQ-1008,REQK0008,USERK0001,20260520
I00245,A00289,2026-05-27 17:26:33,U012,System design,pass,4,P0289,REQ-1026,REQK0026,USERK0012,20260527
I00389,A00438,2026-01-10 09:41:26,U006,Technical,no_show,4,P0174,REQ-1022,REQK0022,USERK0006,20260110
I00405,A00458,2026-07-15 05:24:39,U005,Technical,pass,,P0054,REQ-1024,REQK0024,USERK0005,20260715
I00417,A00474,2026-04-29 21:43:53,U012,Panel,fail,4,P0135,REQ-1012,REQK0012,USERK0012,20260429
I00467,A00537,2026-05-18 17:44:25,U012,Panel,pass,5,P0125,REQ-1016,REQK0016,USERK0012,20260518
I01140,A01264,2026-06-04 02:03:32,U008,Culture,pass,5,P0348,REQ-1026,REQK0026,USERK0008,20260604
I00759,A00841,2026-07-06 02:59:57,U012,Technical,no_show,4,P0238,REQ-1026,REQK0026,USERK0012,20260706
I00386,A00437,2026-02-22 18:42:40,U005,Technical,no_show,4,P0212,REQ-1011,REQK0011,USERK0005,20260222
I00244,A00284,2026-07-15 22:14:44,U003,System design,fail,3,P0431,REQ-1009,REQK0009,USERK0003,20260715
I01049,A01176,2026-06-10 06:34:35,U004,Panel,fail,,P0552,REQ-1010,REQK0010,USERK0004,20260610
I00832,A00923,2025-11-11 16:37:37,U011,System design,no_show,3,P0215,REQ-1007,REQK0007,USERK0011,20251111
I00618,A00684,2026-07-18 09:13:24,U008,Culture,pass,,P0073,REQ-1010,REQK0010,USERK0008,20260718
I00998,A01107,2025-11-05 05:17:54,U008,Panel,pending,,P0208,REQ-1012,REQK0012,USERK0008,20251105
I01260,A01435,2026-02-14 10:05:41,U005,System design,pass,4,P0367,REQ-1012,REQK0012,USERK0005,20260214
I00066,A00078,2026-06-02 06:57:56,U001,System design,fail,,P0031,REQ-1009,REQK0009,USERK0001,20260602
I00639,A00720,2026-07-06 06:06:32,U008,Culture,pass,4,P0316,REQ-1009,REQK0009,USERK0008,20260706
I00519,A00591,2026-05-17 04:55:57,U007,Panel,pass,2,P0180,REQ-1008,REQK0008,USERK0007,20260517
I00441,A00511,2026-01-04 07:21:38,U002,Culture,pending,,P0443,REQ-1012,REQK0012,USERK0002,20260104
I00246,A00289,2026-05-30 17:26:33,U008,Technical,pass,3,P0289,REQ-1026,REQK0026,USERK0008,20260530
I00586,A00652,2026-04-19 13:14:39,U010,Screen call,pass,4,P0532,REQ-1018,REQK0018,USERK0010,20260419
I00786,A00872,2026-06-30 15:11:15,U003,Culture,pending,5,P0143,REQ-1001,REQK0001,USERK0003,20260630
I00465,A00537,2026-05-12 17:44:25,U001,Technical,pending,3,P0125,REQ-1016,REQK0016,USERK0001,20260512
I00888,A00983,2026-05-25 10:23:23,U008,System design,pending,3,P0266,REQ-1008,REQK0008,USERK0008,20260525
I00645,A00723,2026-01-28 14:15:32,U006,Technical,pass,5,P0498,REQ-1012,REQK0012,USERK0006,20260128
I00023,A00030,2026-06-24 06:21:09,U008,Panel,pass,5,P0233,REQ-1019,REQK0019,USERK0008,20260624
I00711,A00793,2025-12-20 01:28:32,U011,Culture,pending,5,P0389,REQ-1025,REQK0025,USERK0011,20251220
I00652,A00730,2026-06-05 17:17:18,U003,Panel,fail,4,P0190,REQ-1023,REQK0023,USERK0003,20260605
I00919,A01016,2026-07-19 04:19:49,U007,Technical,pass,2,P0414,REQ-1016,REQK0016,USERK0007,20260719
I00599,A00662,2026-04-05 03:39:11,U004,Culture,no_show,3,P0169,REQ-1020,REQK0020,USERK0004,20260405
I01168,A01285,2026-07-20 03:59:48,U007,Panel,no_show,5,P0385,REQ-1022,REQK0022,USERK0007,20260720
I00397,A00446,2026-07-14 10:57:48,U012,System design,pending,2,P0310,REQ-1004,REQK0004,USERK0012,20260714
I00769,A00853,2025-12-10 14:16:31,U005,Culture,pending,4,P0240,REQ-1012,REQK0012,USERK0005,20251210
I00210,A00255,2026-04-09 22:07:09,U003,Panel,pending,4,P0304,REQ-1011,REQK0011,USERK0003,20260409
I00349,A00399,2026-06-17 13:15:20,U012,Screen call,fail,3,P0307,REQ-1024,REQK0024,USERK0012,20260617
I00302,A00361,2026-07-30 18:05:52,U002,Culture,fail,5,P0364,REQ-1026,REQK0026,USERK0002,20260730
I00332,A00388,2026-07-17 00:06:37,U007,Culture,no_show,3,P0362,REQ-1026,REQK0026,USERK0007,20260717
I00045,A00058,2026-04-14 09:56:01,U012,Screen call,pass,3,P0010,REQ-1005,REQK0005,USERK0012,20260414
I00490,A00565,2026-05-09 16:11:51,U003,System design,pass,2,P0248,REQ-1013,REQK0013,USERK0003,20260509
I00909,A01009,2026-06-05 20:26:46,U007,Culture,fail,2,P0159,REQ-1017,REQK0017,USERK0007,20260605
I01272,A01449,2026-06-08 06:41:03,U003,Culture,pending,3,P0142,REQ-1007,REQK0007,USERK0003,20260608
I00070,A00083,2025-11-16 06:24:23,U006,Culture,no_show,,P0383,REQ-1012,REQK0012,USERK0006,20251116
I00982,A01097,2026-06-12 07:46:45,U002,Screen call,pending,,P0308,REQ-1018,REQK0018,USERK0002,20260612
I01079,A01203,2026-07-14 09:04:31,U007,Technical,pending,4,P0338,REQ-1003,REQK0003,USERK0007,20260714
I00165,A00201,2026-04-27 16:05:50,U004,System design,no_show,3,P0404,REQ-1005,REQK0005,USERK0004,20260427
I00658,A00740,2026-07-20 18:50:38,U004,Technical,fail,3,P0550,REQ-1001,REQK0001,USERK0004,20260720
I00160,A00200,2026-07-14 13:59:32,U011,Culture,fail,4,P0351,REQ-1003,REQK0003,USERK0011,20260714
I00784,A00870,2026-05-31 17:32:38,U001,Screen call,fail,4,P0214,REQ-1018,REQK0018,USERK0001,20260531
I01126,A01243,2026-05-27 22:08:19,U011,System design,pass,5,P0351,REQ-1007,REQK0007,USERK0011,20260527
I00753,A00833,2026-06-03 21:02:47,U005,Technical,pass,4,P0368,REQ-1004,REQK0004,USERK0005,20260603
I01154,A01277,2026-07-19 01:33:46,U003,Screen call,pass,4,P0339,REQ-1017,REQK0017,USERK0003,20260719
I00754,A00837,2026-07-24 03:33:47,U001,Panel,no_show,3,P0023,REQ-1020,REQK0020,USERK0001,20260724
I00379,A00426,2026-04-30 23:53:27,U010,Culture,no_show,5,P0295,REQ-1025,REQK0025,USERK0010,20260430
I01041,A01161,2026-03-25 23:12:19,U011,Panel,pass,5,P0486,REQ-1022,REQK0022,USERK0011,20260325
I01155,A01279,2026-07-01 01:40:05,U011,System design,no_show,2,P0224,REQ-1015,REQK0015,USERK0011,20260701
I01121,A01237,2026-04-20 08:53:04,U011,Culture,fail,4,P0368,REQ-1013,REQK0013,USERK0011,20260420
I00930,A01031,2025-12-15 17:35:08,U005,System design,pending,4,P0190,REQ-1009,REQK0009,USERK0005,20251215
I00740,A00824,2026-05-21 12:15:43,U003,Panel,no_show,,P0256,REQ-1015,REQK0015,USERK0003,20260521
I01120,A01237,2026-04-17 08:53:04,U002,Culture,pass,,P0368,REQ-1013,REQK0013,USERK0002,20260417
I00782,A00870,2026-05-25 17:32:38,U004,System design,fail,2,P0214,REQ-1018,REQK0018,USERK0004,20260525
I00694,A00776,2026-01-22 10:14:51,U010,System design,no_show,3,P0459,REQ-1007,REQK0007,USERK0010,20260122
I00503,A00573,2026-06-15 17:53:07,U008,Panel,pass,2,P0472,REQ-1008,REQK0008,USERK0008,20260615
I01087,A01208,2026-03-31 03:57:36,U008,Screen call,pass,3,P0217,REQ-1018,REQK0018,USERK0008,20260331
I00053,A00066,2026-05-10 13:16:08,U007,Technical,pass,5,P0495,REQ-1023,REQK0023,USERK0007,20260510
I00862,A00961,2026-03-12 16:35:37,U006,Technical,pass,2,P0413,REQ-1002,REQK0002,USERK0006,20260312
I00442,A00514,2026-06-19 16:27:26,U004,Culture,pass,5,P0265,REQ-1003,REQK0003,USERK0004,20260619
I01193,A01336,2026-06-23 07:29:42,U005,Culture,fail,5,P0156,REQ-1023,REQK0023,USERK0005,20260623
I00600,A00663,2026-04-24 04:58:08,U002,Screen call,no_show,4,P0124,REQ-1015,REQK0015,USERK0002,20260424
I00544,A00616,2026-03-15 11:50:02,U009,Culture,pass,,P0055,REQ-1002,REQK0002,USERK0009,20260315
I01103,A01217,2026-06-15 04:37:37,U003,Technical,fail,3,P0148,REQ-1010,REQK0010,USERK0003,20260615
I00036,A00049,2026-07-10 11:35:05,U010,Panel,pass,2,P0275,REQ-1003,REQK0003,USERK0010,20260710
I00882,A00978,2026-07-27 12:26:11,U006,Technical,no_show,2,P0435,REQ-1001,REQK0001,USERK0006,20260727
I00029,A00041,2026-05-25 23:05:53,U007,Screen call,pending,4,P0519,REQ-1018,REQK0018,USERK0007,20260525
I01015,A01124,2026-04-08 22:23:08,U003,System design,pass,3,P0202,REQ-1014,REQK0014,USERK0003,20260408
I01080,A01203,2026-07-17 09:04:31,U004,Culture,fail,2,P0338,REQ-1003,REQK0003,USERK0004,20260717
I00320,A00377,2026-02-01 14:54:46,U007,Screen call,fail,3,P0088,REQ-1006,REQK0006,USERK0007,20260201
I00259,A00307,2026-07-03 13:14:56,U009,System design,pass,2,P0378,REQ-1010,REQK0010,USERK0009,20260703
I00838,A00931,2026-07-12 16:06:21,U001,Technical,pass,2,P0041,REQ-1019,REQK0019,USERK0001,20260712
I00576,A00645,2026-06-05 16:20:53,U012,Culture,fail,,P0059,REQ-1012,REQK0012,USERK0012,20260605
I00433,A00499,2026-05-31 18:37:12,U002,Culture,pending,4,P0437,REQ-1016,REQK0016,USERK0002,20260531
I00686,A00765,2026-06-05 21:54:50,U005,Panel,fail,5,P0256,REQ-1015,REQK0015,USERK0005,20260605
I00511,A00585,2026-06-11 00:16:27,U011,System design,pending,4,P0259,REQ-1020,REQK0020,USERK0011,20260611
I00539,A00609,2026-06-25 23:10:52,U004,System design,no_show,4,P0359,REQ-1008,REQK0008,USERK0004,20260625
I01170,A01290,2026-06-10 08:08:09,U003,Panel,pass,4,P0074,REQ-1026,REQK0026,USERK0003,20260610
I00019,A00029,2025-12-11 13:41:26,U008,Panel,pass,4,P0380,REQ-1014,REQK0014,USERK0008,20251211
I00651,A00730,2026-06-02 17:17:18,U006,Technical,no_show,,P0190,REQ-1023,REQK0023,USERK0006,20260602
I00666,A00753,2026-06-27 03:17:24,U008,System design,pass,5,P0050,REQ-1026,REQK0026,USERK0008,20260627
I01022,A01135,2026-07-13 04:00:30,U002,Technical,pass,3,P0361,REQ-1008,REQK0008,USERK0002,20260713
I01003,A01116,2026-05-24 22:21:06,U003,Technical,pass,4,P0501,REQ-1021,REQK0021,USERK0003,20260524
I00522,A00592,2026-03-04 21:28:10,U008,Culture,pending,5,P0009,REQ-1012,REQK0012,USERK0008,20260304
I00056,A00069,2026-02-16 15:40:27,U005,Culture,pass,5,P0325,REQ-1017,REQK0017,USERK0005,20260216
I00113,A00140,2026-02-08 19:46:23,U007,Technical,no_show,2,P0404,REQ-1006,REQK0006,USERK0007,20260208
I00625,A00701,2026-02-18 04:12:36,U009,Panel,pass,4,P0005,REQ-1014,REQK0014,USERK0009,20260218
I01088,A01208,2026-04-03 03:57:36,U009,System design,pending,,P0217,REQ-1018,REQK0018,USERK0009,20260403
I01171,A01290,2026-06-13 08:08:09,U001,Technical,pending,3,P0074,REQ-1026,REQK0026,USERK0001,20260613
I00851,A00941,2026-06-25 05:39:00,U002,Screen call,pass,3,P0530,REQ-1001,REQK0001,USERK0002,20260625
I00270,A00315,2026-02-10 04:54:50,U011,Culture,no_show,3,P0047,REQ-1013,REQK0013,USERK0011,20260210
I00856,A00949,2026-03-12 03:33:29,U003,Technical,pending,,P0094,REQ-1007,REQK0007,USERK0003,20260312
I00422,A00484,2026-06-02 09:50:59,U004,Panel,fail,4,P0143,REQ-1006,REQK0006,USERK0004,20260602
I01098,A01214,2026-08-01 11:32:58,U009,Technical,pass,3,P0332,REQ-1003,REQK0003,USERK0009,20260801
I01036,A01155,2026-03-26 09:20:38,U003,Screen call,pass,3,P0372,REQ-1012,REQK0012,USERK0003,20260326
I00697,A00777,2026-04-27 21:09:00,U006,Screen call,no_show,4,P0194,REQ-1018,REQK0018,USERK0006,20260427
I01038,A01158,2026-05-25 14:37:25,U005,Panel,pass,4,P0517,REQ-1019,REQK0019,USERK0005,20260525
I00611,A00674,2026-06-08 19:48:34,U004,Panel,pending,3,P0047,REQ-1020,REQK0020,USERK0004,20260608
I00327,A00381,2026-06-07 03:19:53,U004,Culture,pass,4,P0343,REQ-1017,REQK0017,USERK0004,20260607
I00627,A00708,2026-02-11 21:19:13,U007,System design,no_show,3,P0121,REQ-1016,REQK0016,USERK0007,20260211
I00947,A01056,2026-07-21 06:20:53,U007,Panel,pending,2,P0351,REQ-1026,REQK0026,USERK0007,20260721
I01131,A01258,2026-04-27 13:35:51,U009,Screen call,pass,2,P0335,REQ-1025,REQK0025,USERK0009,20260427
I00729,A00807,2026-04-19 19:31:53,U010,Panel,pass,,P0111,REQ-1018,REQK0018,USERK0010,20260419
I00292,A00348,2026-04-22 08:02:59,U006,System design,fail,2,P0109,REQ-1003,REQK0003,USERK0006,20260422
I00263,A00309,2025-12-13 03:48:26,U001,Technical,pass,4,P0526,REQ-1007,REQK0007,USERK0001,20251213
I01253,A01430,2026-02-10 11:41:26,U004,Technical,fail,3,P0223,REQ-1016,REQK0016,USERK0004,20260210
I00928,A01028,2026-04-27 20:16:36,U003,Culture,fail,3,P0293,REQ-1018,REQK0018,USERK0003,20260427
I01047,A01172,2026-04-20 16:30:03,U001,Screen call,pending,,P0394,REQ-1008,REQK0008,USERK0001,20260420
I00724,A00804,2026-06-06 04:58:10,U011,Technical,pending,4,P0320,REQ-1001,REQK0001,USERK0011,20260606
I00583,A00650,2026-02-11 10:58:47,U010,Panel,no_show,2,P0033,REQ-1016,REQK0016,USERK0010,20260211
I00054,A00068,2026-05-29 11:57:24,U007,System design,pass,4,P0100,REQ-1004,REQK0004,USERK0007,20260529
I01027,A01145,2026-06-17 19:20:13,U003,Technical,fail,3,P0023,REQ-1016,REQK0016,USERK0003,20260617
I01011,A01121,2026-07-14 02:59:43,U002,Panel,pass,3,P0270,REQ-1019,REQK0019,USERK0002,20260714
I00173,A00213,2026-02-06 21:18:56,U008,Panel,fail,,P0359,REQ-1014,REQK0014,USERK0008,20260206
I00766,A00851,2026-03-20 07:58:47,U001,Technical,pending,4,P0557,REQ-1025,REQK0025,USERK0001,20260320
I01082,A01204,2026-03-15 18:24:07,U006,Screen call,pending,4,P0255,REQ-1022,REQK0022,USERK0006,20260315
I00163,A00201,2026-04-21 16:05:50,U008,Screen call,pass,3,P0404,REQ-1005,REQK0005,USERK0008,20260421
I00325,A00380,2026-07-16 19:02:30,U007,Technical,pending,3,P0375,REQ-1020,REQK0020,USERK0007,20260716
I00133,A00168,2026-05-15 14:40:38,U004,Culture,no_show,5,P0194,REQ-1017,REQK0017,USERK0004,20260515
I00965,A01080,2025-11-17 15:21:25,U012,Technical,pending,2,P0010,REQ-1003,REQK0003,USERK0012,20251117
I00030,A00045,2026-04-04 18:26:13,U006,System design,pass,4,P0410,REQ-1006,REQK0006,USERK0006,20260404
I00437,A00505,2026-06-18 15:16:22,U003,System design,no_show,3,P0355,REQ-1014,REQK0014,USERK0003,20260618
I00827,A00916,2026-07-31 13:52:56,U012,Technical,pass,5,P0375,REQ-1019,REQK0019,USERK0012,20260731
I01271,A01449,2026-06-05 06:41:03,U008,System design,pass,2,P0142,REQ-1007,REQK0007,USERK0008,20260605
I00078,A00108,2026-05-24 12:24:50,U008,System design,pass,3,P0208,REQ-1025,REQK0025,USERK0008,20260524
I00369,A00414,2026-05-31 05:27:49,U005,Panel,pass,3,P0353,REQ-1001,REQK0001,USERK0005,20260531
I00654,A00734,2026-06-22 10:34:08,U012,Technical,pass,,P0398,REQ-1019,REQK0019,USERK0012,20260622
I01114,A01223,2026-06-24 17:38:37,U012,Screen call,no_show,5,P0479,REQ-1022,REQK0022,USERK0012,20260624
I01244,A01415,2026-05-27 09:30:13,U008,Technical,pass,5,P0516,REQ-1014,REQK0014,USERK0008,20260527
I00579,A00648,2025-12-07 19:24:19,U002,Panel,fail,2,P0371,REQ-1011,REQK0011,USERK0002,20251207
I01034,A01155,2026-03-20 09:20:38,U008,Panel,no_show,3,P0372,REQ-1012,REQK0012,USERK0008,20260320
I00526,A00601,2026-06-21 18:05:08,U010,Panel,fail,3,P0103,REQ-1020,REQK0020,USERK0010,20260621
I01115,A01231,2026-03-05 00:36:24,U005,Culture,pending,5,P0258,REQ-1013,REQK0013,USERK0005,20260305
I01068,A01195,2026-07-18 01:43:38,U003,Panel,pending,3,P0337,REQ-1005,REQK0005,USERK0003,20260718
I00975,A01089,2026-07-20 21:30:43,U004,System design,pending,4,P0084,REQ-1008,REQK0008,USERK0004,20260720
I01096,A01213,2026-07-13 15:14:04,U012,Panel,pass,,P0374,REQ-1001,REQK0001,USERK0012,20260713
I01026,A01139,2026-01-27 01:22:16,U001,Technical,pass,4,P0203,REQ-1014,REQK0014,USERK0001,20260127
I00783,A00870,2026-05-28 17:32:38,U004,System design,pass,3,P0214,REQ-1018,REQK0018,USERK0004,20260528
I01137,A01263,2026-07-24 07:36:14,U004,Panel,pass,,P0167,REQ-1026,REQK0026,USERK0004,20260724
I00031,A00046,2026-01-02 04:34:19,U007,Screen call,fail,2,P0016,REQ-1003,REQK0003,USERK0007,20260102
I01156,A01279,2026-07-04 01:40:05,U011,Panel,pending,5,P0224,REQ-1015,REQK0015,USERK0011,20260704
I00432,A00499,2026-05-28 18:37:12,U004,System design,pass,3,P0437,REQ-1016,REQK0016,USERK0004,20260528
I01250,A01424,2026-03-11 07:17:53,U007,Screen call,no_show,4,P0263,REQ-1002,REQK0002,USERK0007,20260311
I00885,A00979,2026-05-30 05:44:45,U006,System design,pending,,P0408,REQ-1016,REQK0016,USERK0006,20260530
I01251,A01425,2026-07-10 02:24:00,U001,Screen call,no_show,2,P0007,REQ-1004,REQK0004,USERK0001,20260710
I00992,A01105,2026-06-28 08:12:18,U004,Technical,no_show,2,P0034,REQ-1002,REQK0002,USERK0004,20260628
I00118,A00145,2026-05-14 21:50:11,U012,Screen call,pass,3,P0282,REQ-1008,REQK0008,USERK0012,20260514
I01191,A01334,2026-02-28 22:20:18,U001,Technical,pass,3,P0018,REQ-1016,REQK0016,USERK0001,20260228
I00261,A00308,2026-02-15 17:08:45,U001,System design,pending,4,P0169,REQ-1007,REQK0007,USERK0001,20260215
I00072,A00094,2026-06-20 23:25:08,U002,System design,fail,3,P0434,REQ-1006,REQK0006,USERK0002,20260620
I00845,A00934,2026-07-18 15:56:31,U011,Technical,no_show,4,P0216,REQ-1012,REQK0012,USERK0011,20260718
I00746,A00829,2026-04-01 21:54:08,U003,Culture,fail,5,P0292,REQ-1023,REQK0023,USERK0003,20260401
I00449,A00517,2026-01-07 05:19:49,U004,Culture,fail,3,P0537,REQ-1007,REQK0007,USERK0004,20260107
I00559,A00632,2026-08-06 02:34:01,U004,Technical,no_show,4,P0092,REQ-1019,REQK0019,USERK0004,20260806
I00366,A00411,2026-03-05 02:30:27,U004,Screen call,pending,4,P0039,REQ-1007,REQK0007,USERK0004,20260305
I00594,A00660,2026-03-17 09:56:08,U002,Panel,pass,4,P0101,REQ-1006,REQK0006,USERK0002,20260317
I01117,A01233,2026-02-24 02:37:57,U010,Technical,fail,3,P0515,REQ-1022,REQK0022,USERK0010,20260224
I00682,A00762,2026-05-29 12:59:38,U012,System design,no_show,,P0053,REQ-1014,REQK0014,USERK0012,20260529
I00203,A00245,2026-05-09 19:43:04,U007,Culture,no_show,2,P0283,REQ-1018,REQK0018,USERK0007,20260509
I00873,A00971,2026-07-10 22:01:50,U008,Panel,no_show,4,P0334,REQ-1010,REQK0010,USERK0008,20260710
I00853,A00947,2026-05-20 13:13:38,U006,System design,pass,,P0040,REQ-1023,REQK0023,USERK0006,20260520
I00815,A00901,2025-10-16 19:54:51,U012,System design,pass,4,P0549,REQ-1011,REQK0011,USERK0012,20251016
I00943,A01044,2026-06-08 22:42:27,U007,Panel,pass,4,P0392,REQ-1005,REQK0005,USERK0007,20260608
I00863,A00961,2026-03-15 16:35:37,U011,Culture,pending,5,P0413,REQ-1002,REQK0002,USERK0011,20260315
I01217,A01366,2026-06-29 16:49:00,U002,Culture,pass,3,P0141,REQ-1015,REQK0015,USERK0002,20260629
I00350,A00404,2026-08-01 19:24:13,U012,Culture,no_show,3,P0376,REQ-1001,REQK0001,USERK0012,20260801
I00341,A00391,2026-05-25 20:28:31,U011,System design,pass,,P0349,REQ-1026,REQK0026,USERK0011,20260525
I00825,A00913,2026-05-08 16:59:25,U008,Culture,no_show,4,P0030,REQ-1006,REQK0006,USERK0008,20260508
I00999,A01112,2026-05-22 21:45:04,U009,System design,no_show,3,P0361,REQ-1021,REQK0021,USERK0009,20260522
I00294,A00353,2026-05-30 02:34:19,U010,Culture,no_show,,P0415,REQ-1021,REQK0021,USERK0010,20260530
I00989,A01104,2026-06-09 21:01:25,U001,System design,fail,,P0169,REQ-1004,REQK0004,USERK0001,20260609
I00518,A00591,2026-05-14 04:55:57,U001,Screen call,pass,2,P0180,REQ-1008,REQK0008,USERK0001,20260514
I00007,A00016,2026-06-09 00:03:43,U006,System design,pass,3,P0251,REQ-1001,REQK0001,USERK0006,20260609
I00001,A00006,2026-04-21 19:56:58,U001,Panel,pass,4,P0159,REQ-1017,REQK0017,USERK0001,20260421
I00283,A00334,2026-05-27 02:39:38,U001,System design,pass,5,P0378,REQ-1006,REQK0006,USERK0001,20260527
I00268,A00314,2026-07-03 18:03:15,U002,Screen call,pending,3,P0215,REQ-1016,REQK0016,USERK0002,20260703
I00421,A00483,2026-03-03 19:09:20,U006,System design,pass,,P0156,REQ-1013,REQK0013,USERK0006,20260303
I00703,A00781,2026-05-11 18:45:38,U007,Culture,pending,2,P0371,REQ-1015,REQK0015,USERK0007,20260511
I00407,A00460,2025-10-01 13:47:13,U002,Technical,pass,5,P0280,REQ-1025,REQK0025,USERK0002,20251001
I00720,A00801,2025-11-15 00:07:43,U003,Screen call,fail,5,P0072,REQ-1002,REQK0002,USERK0003,20251115
I00751,A00832,2026-06-18 01:37:26,U007,Panel,pass,4,P0320,REQ-1013,REQK0013,USERK0007,20260618
I00229,A00275,2026-06-25 04:27:42,U005,System design,no_show,,P0438,REQ-1008,REQK0008,USERK0005,20260625
I00356,A00408,2026-06-14 23:07:43,U008,Culture,pending,,P0361,REQ-1007,REQK0007,USERK0008,20260614
I00810,A00897,2026-06-12 07:52:45,U002,System design,pass,4,P0127,REQ-1026,REQK0026,USERK0002,20260612
I00929,A01031,2025-12-12 17:35:08,U007,Panel,pass,3,P0190,REQ-1009,REQK0009,USERK0007,20251212
I00103,A00132,2026-07-23 03:49:53,U005,Panel,pass,3,P0057,REQ-1002,REQK0002,USERK0005,20260723
I00431,A00499,2026-05-25 18:37:12,U008,System design,pass,,P0437,REQ-1016,REQK0016,USERK0008,20260525
I00588,A00658,2026-07-21 16:39:55,U002,Screen call,pass,3,P0114,REQ-1008,REQK0008,USERK0002,20260721
I00813,A00899,2026-04-19 16:56:05,U001,Panel,pending,2,P0130,REQ-1015,REQK0015,USERK0001,20260419
I00767,A00851,2026-03-23 07:58:47,U006,Screen call,pass,3,P0557,REQ-1025,REQK0025,USERK0006,20260323
I00822,A00909,2026-03-25 02:21:48,U002,System design,no_show,4,P0048,REQ-1022,REQK0022,USERK0002,20260325
I00312,A00369,2026-05-28 00:49:25,U001,System design,no_show,5,P0527,REQ-1003,REQK0003,USERK0001,20260528
I01054,A01182,2025-12-23 01:21:42,U001,Culture,no_show,3,P0174,REQ-1017,REQK0017,USERK0001,20251223
I00899,A00994,2026-01-13 07:46:10,U004,Screen call,pending,5,P0538,REQ-1003,REQK0003,USERK0004,20260113
I00046,A00062,2026-05-30 14:10:36,U012,Panel,no_show,3,P0470,REQ-1019,REQK0019,USERK0012,20260530
I00756,A00838,2026-05-29 16:39:32,U001,Culture,fail,,P0213,REQ-1024,REQK0024,USERK0001,20260529
I00076,A00103,2026-06-06 07:01:29,U004,Culture,pass,3,P0336,REQ-1018,REQK0018,USERK0004,20260606
I00762,A00849,2026-07-03 16:24:21,U006,Panel,pass,3,P0226,REQ-1024,REQK0024,USERK0006,20260703
I00707,A00785,2026-07-26 12:34:36,U006,Screen call,pending,4,P0382,REQ-1013,REQK0013,USERK0006,20260726
I00146,A00185,2026-01-04 15:03:19,U010,Culture,pending,2,P0074,REQ-1014,REQK0014,USERK0010,20260104
I00393,A00439,2026-07-18 05:32:37,U011,System design,pass,3,P0078,REQ-1026,REQK0026,USERK0011,20260718
I00457,A00527,2026-06-27 17:55:54,U003,System design,pass,3,P0198,REQ-1014,REQK0014,USERK0003,20260627
I00083,A00112,2026-03-22 05:06:01,U001,System design,pending,3,P0361,REQ-1020,REQK0020,USERK0001,20260322
I00523,A00594,2026-07-15 09:00:00,U009,Technical,fail,4,P0395,REQ-1019,REQK0019,USERK0009,20260715
I00318,A00376,2026-04-22 07:25:31,U006,Screen call,pass,3,P0293,REQ-1002,REQK0002,USERK0006,20260422
I00491,A00565,2026-05-12 16:11:51,U003,System design,pass,3,P0248,REQ-1013,REQK0013,USERK0003,20260512
I00424,A00484,2026-06-08 09:50:59,U006,Panel,pass,3,P0143,REQ-1006,REQK0006,USERK0006,20260608
I00951,A01061,2026-03-13 23:02:19,U012,Technical,pass,,P0060,REQ-1025,REQK0025,USERK0012,20260313
I00585,A00652,2026-04-16 13:14:39,U009,Technical,pass,2,P0532,REQ-1018,REQK0018,USERK0009,20260416
I00168,A00203,2026-03-28 11:15:03,U009,Technical,fail,5,P0232,REQ-1013,REQK0013,USERK0009,20260328
I00643,A00722,2026-07-07 16:27:05,U012,Culture,pass,3,P0379,REQ-1020,REQK0020,USERK0012,20260707
I01230,A01394,2026-06-02 02:10:54,U012,Panel,pass,3,P0309,REQ-1006,REQK0006,USERK0012,20260602
I00211,A00258,2026-06-03 04:02:52,U008,Screen call,fail,,P0502,REQ-1010,REQK0010,USERK0008,20260603
I00473,A00547,2026-07-15 23:05:28,U008,Technical,pending,3,P0344,REQ-1008,REQK0008,USERK0008,20260715
I00426,A00488,2026-02-23 01:38:11,U003,System design,fail,4,P0448,REQ-1009,REQK0009,USERK0003,20260223
I00351,A00404,2026-08-04 19:24:13,U011,Culture,pending,3,P0376,REQ-1001,REQK0001,USERK0011,20260804
