event_id,application_id,person_id,requisition_key,changed_by_user_key,changed_at,changed_date_key,from_stage,to_stage,event_seq
E002205,A00672,P0445,REQK0025,USERK0004,2025-09-12 11:47:55,20250912,,Applied,2205
E004622,A01405,P0159,REQK0007,USERK0004,2025-09-13 22:59:12,20250913,,Applied,4622
E004437,A01344,P0162,REQK0007,USERK0003,2025-09-14 19:40:53,20250914,,Applied,4437
E004438,A01344,P0162,REQK0007,USERK0001,2025-09-18 07:40:53,20250918,Applied,Rejected,4438
E001509,A00460,P0280,REQK0025,USERK0003,2025-09-18 15:47:13,20250918,,Applied,1509
E001562,A00478,P0518,REQK0007,USERK0002,2025-09-19 06:37:23,20250919,,Applied,1562
E001563,A00478,P0518,REQK0007,USERK0004,2025-09-20 10:37:23,20250920,Applied,Withdrawn,1563
E001510,A00460,P0280,REQK0025,USERK0003,2025-09-22 02:47:13,20250922,Applied,Screen,1510
E002530,A00770,P0246,REQK0025,USERK0002,2025-09-22 16:53:16,20250922,,Applied,2530
E004439,A01345,P0378,REQK0011,USERK0004,2025-09-24 03:51:19,20250924,,Applied,4439
E001804,A00554,P0156,REQK0011,USERK0002,2025-09-24 16:21:43,20250924,,Applied,1804
E002973,A00901,P0549,REQK0011,USERK0004,2025-09-25 05:54:51,20250925,,Applied,2973
E002206,A00672,P0445,REQK0025,USERK0004,2025-09-25 07:47:55,20250925,Applied,Screen,2206
E000476,A00147,P0397,REQK0012,USERK0004,2025-09-27 03:59:50,20250927,,Applied,476
E002471,A00752,P0481,REQK0011,USERK0003,2025-09-27 13:46:16,20250927,,Applied,2471
E000477,A00147,P0397,REQK0012,USERK0004,2025-09-28 09:59:50,20250928,Applied,Rejected,477
E001847,A00566,P0197,REQK0011,USERK0003,2025-09-28 17:46:03,20250928,,Applied,1847
E001511,A00460,P0280,REQK0025,USERK0002,2025-09-30 13:47:13,20250930,Screen,Interview,1511
E001806,A00554,P0156,REQK0011,USERK0003,2025-09-30 16:21:43,20250930,Screen,Rejected,1806
E001805,A00554,P0156,REQK0011,USERK0003,2025-09-30 16:21:43,20250930,Applied,Screen,1805
E004510,A01369,P0034,REQK0007,USERK0001,2025-09-30 19:16:05,20250930,,Applied,4510
E001557,A00476,P0193,REQK0025,USERK0004,2025-10-01 06:00:11,20251001,,Applied,1557
E001848,A00566,P0197,REQK0011,USERK0004,2025-10-02 10:46:03,20251002,Applied,Rejected,1848
E004330,A01310,P0409,REQK0011,USERK0004,2025-10-02 13:54:46,20251002,,Applied,4330
E004571,A01390,P0006,REQK0012,USERK0001,2025-10-03 22:35:07,20251003,,Applied,4571
E001312,A00401,P0175,REQK0011,USERK0001,2025-10-04 15:05:37,20251004,,Applied,1312
E001512,A00460,P0280,REQK0025,USERK0004,2025-10-04 19:47:13,20251004,Interview,Rejected,1512
E004623,A01405,P0159,REQK0007,USERK0002,2025-10-05 09:59:12,20251005,Applied,Screen,4623
E002974,A00901,P0549,REQK0011,USERK0003,2025-10-05 17:54:51,20251005,Applied,Screen,2974
E000478,A00148,P0054,REQK0012,USERK0002,2025-10-06 04:02:56,20251006,,Applied,478
E004440,A01345,P0378,REQK0011,USERK0001,2025-10-06 10:51:19,20251006,Applied,Withdrawn,4440
E000479,A00148,P0054,REQK0012,USERK0004,2025-10-08 09:02:56,20251008,Applied,Screen,479
E004617,A01404,P0320,REQK0011,USERK0002,2025-10-10 02:18:10,20251010,,Applied,4617
E004512,A01369,P0034,REQK0007,USERK0002,2025-10-10 08:16:05,20251010,Screen,Rejected,4512
E004511,A01369,P0034,REQK0007,USERK0002,2025-10-10 08:16:05,20251010,Applied,Screen,4511
E001289,A00395,P0424,REQK0007,USERK0003,2025-10-10 14:22:40,20251010,,Applied,1289
E002862,A00869,P0001,REQK0014,USERK0004,2025-10-11 15:19:26,20251011,,Applied,2862
E004153,A01257,P0357,REQK0007,USERK0004,2025-10-11 16:23:48,20251011,,Applied,4153
E003655,A01107,P0208,REQK0012,USERK0002,2025-10-12 01:17:54,20251012,,Applied,3655
E001164,A00358,P0041,REQK0012,USERK0001,2025-10-12 04:48:26,20251012,,Applied,1164
E002472,A00752,P0481,REQK0011,USERK0002,2025-10-12 07:46:16,20251012,Applied,Screen,2472
E001954,A00599,P0530,REQK0012,USERK0003,2025-10-12 16:02:43,20251012,,Applied,1954
E002976,A00901,P0549,REQK0011,USERK0003,2025-10-12 19:54:51,20251012,Interview,Withdrawn,2976
E002975,A00901,P0549,REQK0011,USERK0003,2025-10-12 19:54:51,20251012,Screen,Interview,2975
E001314,A00402,P0422,REQK0022,USERK0001,2025-10-12 21:02:02,20251012,,Applied,1314
E004572,A01390,P0006,REQK0012,USERK0002,2025-10-12 22:35:07,20251012,Applied,Screen,4572
E002531,A00770,P0246,REQK0025,USERK0001,2025-10-13 05:53:16,20251013,Applied,Screen,2531
E001922,A00589,P0069,REQK0011,USERK0003,2025-10-13 10:06:29,20251013,,Applied,1922
E002207,A00672,P0445,REQK0025,USERK0001,2025-10-14 01:47:55,20251014,Screen,Interview,2207
E001558,A00476,P0193,REQK0025,USERK0002,2025-10-14 02:00:11,20251014,Applied,Screen,1558
E004420,A01339,P0188,REQK0014,USERK0002,2025-10-14 07:53:09,20251014,,Applied,4420
E004331,A01310,P0409,REQK0011,USERK0002,2025-10-14 15:54:46,20251014,Applied,Withdrawn,4331
E004426,A01341,P0305,REQK0011,USERK0003,2025-10-15 04:47:27,20251015,,Applied,4426
E001078,A00332,P0137,REQK0012,USERK0004,2025-10-16 14:24:17,20251016,,Applied,1078
E001955,A00599,P0530,REQK0012,USERK0001,2025-10-16 21:02:43,20251016,Applied,Withdrawn,1955
E001474,A00449,P0541,REQK0007,USERK0003,2025-10-17 00:28:29,20251017,,Applied,1474
E002599,A00791,P0446,REQK0022,USERK0004,2025-10-17 02:26:29,20251017,,Applied,2599
E003656,A01107,P0208,REQK0012,USERK0002,2025-10-17 09:17:54,20251017,Applied,Screen,3656
E001388,A00424,P0313,REQK0022,USERK0001,2025-10-17 17:04:23,20251017,,Applied,1388
E001313,A00401,P0175,REQK0011,USERK0001,2025-10-17 18:05:37,20251017,Applied,Withdrawn,1313
E000266,A00083,P0383,REQK0012,USERK0001,2025-10-18 02:24:23,20251018,,Applied,266
E002863,A00869,P0001,REQK0014,USERK0002,2025-10-18 07:19:26,20251018,Applied,Withdrawn,2863
E004729,A01437,P0440,REQK0012,USERK0003,2025-10-18 08:31:42,20251018,,Applied,4729
E000485,A00150,P0459,REQK0022,USERK0001,2025-10-18 23:36:03,20251018,,Applied,485
E003039,A00923,P0215,REQK0007,USERK0002,2025-10-19 16:37:37,20251019,,Applied,3039
E004421,A01339,P0188,REQK0014,USERK0001,2025-10-19 16:53:09,20251019,Applied,Screen,4421
E002473,A00752,P0481,REQK0011,USERK0001,2025-10-20 02:46:16,20251020,Screen,Withdrawn,2473
E000347,A00110,P0507,REQK0003,USERK0002,2025-10-20 11:41:32,20251020,,Applied,347
E004154,A01257,P0357,REQK0007,USERK0003,2025-10-20 17:23:48,20251020,Applied,Rejected,4154
E004427,A01341,P0305,REQK0011,USERK0001,2025-10-20 18:47:27,20251020,Applied,Withdrawn,4427
E002848,A00864,P0018,REQK0011,USERK0004,2025-10-20 20:33:50,20251020,,Applied,2848
E004466,A01355,P0367,REQK0025,USERK0004,2025-10-21 00:45:50,20251021,,Applied,4466
E004624,A01405,P0159,REQK0007,USERK0004,2025-10-21 03:59:12,20251021,Screen,Interview,4624
E004739,A01440,P0091,REQK0011,USERK0002,2025-10-21 07:56:16,20251021,,Applied,4739
E004618,A01404,P0320,REQK0011,USERK0003,2025-10-21 14:18:10,20251021,Applied,Screen,4618
E003568,A01084,P0149,REQK0022,USERK0004,2025-10-22 00:52:12,20251022,,Applied,3568
E004759,A01447,P0160,REQK0025,USERK0004,2025-10-22 14:43:51,20251022,,Applied,4759
E000480,A00148,P0054,REQK0012,USERK0001,2025-10-22 16:02:56,20251022,Screen,Interview,480
E002027,A00619,P0537,REQK0011,USERK0004,2025-10-23 15:29:31,20251023,,Applied,2027
E001088,A00335,P0426,REQK0007,USERK0004,2025-10-23 19:07:04,20251023,,Applied,1088
E003340,A01012,P0386,REQK0002,USERK0003,2025-10-24 00:50:40,20251024,,Applied,3340
E001315,A00402,P0422,REQK0022,USERK0004,2025-10-24 04:02:02,20251024,Applied,Rejected,1315
E001923,A00589,P0069,REQK0011,USERK0001,2025-10-24 04:06:29,20251024,Applied,Rejected,1923
E000348,A00110,P0507,REQK0003,USERK0003,2025-10-24 04:41:32,20251024,Applied,Withdrawn,348
E001559,A00476,P0193,REQK0025,USERK0004,2025-10-24 15:00:11,20251024,Screen,Rejected,1559
E002041,A00624,P0097,REQK0007,USERK0004,2025-10-25 00:57:10,20251025,,Applied,2041
E000267,A00083,P0383,REQK0012,USERK0004,2025-10-25 03:24:23,20251025,Applied,Screen,267
E002055,A00628,P0129,REQK0007,USERK0004,2025-10-25 12:30:07,20251025,,Applied,2055
E004573,A01390,P0006,REQK0012,USERK0001,2025-10-25 13:35:07,20251025,Screen,Rejected,4573
E004422,A01339,P0188,REQK0014,USERK0004,2025-10-26 00:53:09,20251026,Screen,Interview,4422
E001080,A00332,P0137,REQK0012,USERK0003,2025-10-26 05:24:17,20251026,Screen,Withdrawn,1080
E001079,A00332,P0137,REQK0012,USERK0001,2025-10-26 05:24:17,20251026,Applied,Screen,1079
E001290,A00395,P0424,REQK0007,USERK0003,2025-10-26 15:22:40,20251026,Applied,Screen,1290
E004625,A01405,P0159,REQK0007,USERK0004,2025-10-26 17:59:12,20251026,Interview,Offer,4625
E001165,A00358,P0041,REQK0012,USERK0002,2025-10-26 23:48:26,20251026,Applied,Screen,1165
E002630,A00801,P0072,REQK0002,USERK0003,2025-10-27 16:07:43,20251027,,Applied,2630
E002911,A00883,P0049,REQK0003,USERK0001,2025-10-28 01:49:52,20251028,,Applied,2911
E001776,A00545,P0025,REQK0007,USERK0001,2025-10-28 02:16:19,20251028,,Applied,1776
E003040,A00923,P0215,REQK0007,USERK0003,2025-10-28 08:37:37,20251028,Applied,Screen,3040
E003569,A01084,P0149,REQK0022,USERK0004,2025-10-28 18:52:12,20251028,Applied,Rejected,3569
E000486,A00150,P0459,REQK0022,USERK0002,2025-10-29 03:36:03,20251029,Applied,Withdrawn,486
E002869,A00871,P0054,REQK0003,USERK0003,2025-10-29 07:09:02,20251029,,Applied,2869
E004740,A01440,P0091,REQK0011,USERK0004,2025-10-29 08:56:16,20251029,Applied,Screen,4740
E003554,A01080,P0010,REQK0003,USERK0002,2025-10-29 09:21:25,20251029,,Applied,3554
E001291,A00395,P0424,REQK0007,USERK0001,2025-10-29 10:22:40,20251029,Screen,Interview,1291
E001694,A00520,P0534,REQK0011,USERK0003,2025-10-29 11:55:08,20251029,,Applied,1694
E000270,A00084,P0144,REQK0022,USERK0004,2025-10-29 16:10:24,20251029,,Applied,270
E003341,A01012,P0386,REQK0002,USERK0002,2025-10-29 17:50:40,20251029,Applied,Screen,3341
E001089,A00335,P0426,REQK0007,USERK0002,2025-10-30 02:07:04,20251030,Applied,Screen,1089
E001886,A00577,P0476,REQK0007,USERK0004,2025-10-30 06:39:00,20251030,,Applied,1886
E002811,A00853,P0240,REQK0012,USERK0004,2025-10-30 22:16:31,20251030,,Applied,2811
E004342,A01313,P0378,REQK0012,USERK0002,2025-10-31 01:50:42,20251031,,Applied,4342
E002600,A00791,P0446,REQK0022,USERK0001,2025-10-31 08:26:29,20251031,Applied,Screen,2600
E002532,A00770,P0246,REQK0025,USERK0004,2025-10-31 10:53:16,20251031,Screen,Interview,2532
E004730,A01437,P0440,REQK0012,USERK0001,2025-10-31 13:31:42,20251031,Applied,Screen,4730
E000527,A00164,P0375,REQK0025,USERK0003,2025-10-31 23:23:18,20251031,,Applied,527
E002208,A00672,P0445,REQK0025,USERK0002,2025-11-01 03:47:55,20251101,Interview,Offer,2208
E003658,A01107,P0208,REQK0012,USERK0003,2025-11-01 05:17:54,20251101,Interview,Withdrawn,3658
E003657,A01107,P0208,REQK0012,USERK0002,2025-11-01 05:17:54,20251101,Screen,Interview,3657
E002844,A00862,P0514,REQK0002,USERK0003,2025-11-01 05:21:17,20251101,,Applied,2844
E002042,A00624,P0097,REQK0007,USERK0004,2025-11-01 07:57:10,20251101,Applied,Withdrawn,2042
E001090,A00335,P0426,REQK0007,USERK0002,2025-11-01 08:07:04,20251101,Screen,Interview,1090
E001494,A00456,P0045,REQK0012,USERK0003,2025-11-01 11:47:24,20251101,,Applied,1494
E001292,A00395,P0424,REQK0007,USERK0001,2025-11-01 15:22:40,20251101,Interview,Withdrawn,1292
E001495,A00456,P0045,REQK0012,USERK0004,2025-11-02 22:47:24,20251102,Applied,Withdrawn,1495
E003407,A01032,P0006,REQK0014,USERK0004,2025-11-03 02:25:56,20251103,,Applied,3407
E002631,A00801,P0072,REQK0002,USERK0001,2025-11-03 10:07:43,20251103,Applied,Screen,2631
E001016,A00313,P0388,REQK0011,USERK0001,2025-11-03 15:57:05,20251103,,Applied,1016
E001284,A00394,P0292,REQK0009,USERK0001,2025-11-03 18:51:15,20251103,,Applied,1284
E000481,A00148,P0054,REQK0012,USERK0003,2025-11-03 21:02:56,20251103,Interview,Withdrawn,481
E002601,A00791,P0446,REQK0022,USERK0001,2025-11-04 01:26:29,20251104,Screen,Withdrawn,2601
E002870,A00871,P0054,REQK0003,USERK0001,2025-11-04 02:09:02,20251104,Applied,Screen,2870
E001733,A00532,P0334,REQK0012,USERK0003,2025-11-04 02:20:35,20251104,,Applied,1733
E001042,A00321,P0542,REQK0025,USERK0001,2025-11-04 04:09:56,20251104,,Applied,1042
E002103,A00642,P0248,REQK0007,USERK0002,2025-11-04 04:18:04,20251104,,Applied,2103
E001777,A00545,P0025,REQK0007,USERK0003,2025-11-04 11:16:19,20251104,Applied,Screen,1777
E001389,A00424,P0313,REQK0022,USERK0002,2025-11-04 19:04:23,20251104,Applied,Screen,1389
E003342,A01012,P0386,REQK0002,USERK0003,2025-11-04 23:50:40,20251104,Screen,Interview,3342
E001058,A00326,P0023,REQK0025,USERK0004,2025-11-05 15:44:20,20251105,,Applied,1058
E002781,A00844,P0295,REQK0012,USERK0004,2025-11-05 17:45:46,20251105,,Applied,2781
E000112,A00038,P0379,REQK0003,USERK0004,2025-11-05 20:15:58,20251105,,Applied,112
E001428,A00436,P0427,REQK0022,USERK0002,2025-11-05 22:50:07,20251105,,Applied,1428
E003871,A01175,P0379,REQK0012,USERK0002,2025-11-06 02:24:59,20251106,,Applied,3871
E001476,A00449,P0541,REQK0007,USERK0002,2025-11-06 07:28:29,20251106,Screen,Withdrawn,1476
E001475,A00449,P0541,REQK0007,USERK0001,2025-11-06 07:28:29,20251106,Applied,Screen,1475
E004731,A01437,P0440,REQK0012,USERK0004,2025-11-06 13:31:42,20251106,Screen,Interview,4731
E001166,A00358,P0041,REQK0012,USERK0001,2025-11-06 13:48:26,20251106,Screen,Interview,1166
E001017,A00313,P0388,REQK0011,USERK0004,2025-11-06 19:57:05,20251106,Applied,Screen,1017
E003403,A01031,P0190,REQK0009,USERK0001,2025-11-07 03:35:08,20251107,,Applied,3403
E001778,A00545,P0025,REQK0007,USERK0001,2025-11-07 04:16:19,20251107,Screen,Withdrawn,1778
E000520,A00162,P0018,REQK0003,USERK0001,2025-11-07 07:53:04,20251107,,Applied,520
E003811,A01157,P0005,REQK0009,USERK0003,2025-11-07 15:24:04,20251107,,Applied,3811
E002345,A00716,P0290,REQK0014,USERK0003,2025-11-07 17:05:36,20251107,,Applied,2345
E002483,A00756,P0100,REQK0011,USERK0001,2025-11-07 17:34:40,20251107,,Applied,2483
E004467,A01355,P0367,REQK0025,USERK0001,2025-11-08 07:45:50,20251108,Applied,Screen,4467
E004344,A01313,P0378,REQK0012,USERK0004,2025-11-08 12:50:42,20251108,Screen,Rejected,4344
E004343,A01313,P0378,REQK0012,USERK0002,2025-11-08 12:50:42,20251108,Applied,Screen,4343
E002104,A00642,P0248,REQK0007,USERK0004,2025-11-08 15:18:04,20251108,Applied,Rejected,2104
E000848,A00264,P0458,REQK0022,USERK0003,2025-11-08 15:53:26,20251108,,Applied,848
E000271,A00084,P0144,REQK0022,USERK0002,2025-11-08 17:10:24,20251108,Applied,Screen,271
E001734,A00532,P0334,REQK0012,USERK0004,2025-11-08 20:20:35,20251108,Applied,Rejected,1734
E002602,A00792,P0175,REQK0012,USERK0001,2025-11-08 20:26:39,20251108,,Applied,2602
E002849,A00864,P0018,REQK0011,USERK0002,2025-11-08 22:33:50,20251108,Applied,Screen,2849
E000303,A00095,P0117,REQK0009,USERK0004,2025-11-09 01:28:11,20251109,,Applied,303
E001695,A00520,P0534,REQK0011,USERK0002,2025-11-09 03:55:08,20251109,Applied,Rejected,1695
E000269,A00083,P0383,REQK0012,USERK0003,2025-11-09 06:24:23,20251109,Interview,Rejected,269
E000268,A00083,P0383,REQK0012,USERK0002,2025-11-09 06:24:23,20251109,Screen,Interview,268
E004760,A01447,P0160,REQK0025,USERK0002,2025-11-09 07:43:51,20251109,Applied,Screen,4760
E004423,A01339,P0188,REQK0014,USERK0001,2025-11-09 10:53:09,20251109,Interview,Withdrawn,4423
E001208,A00371,P0291,REQK0025,USERK0003,2025-11-09 13:21:13,20251109,,Applied,1208
E004619,A01404,P0320,REQK0011,USERK0002,2025-11-09 18:18:10,20251109,Screen,Interview,4619
E002293,A00700,P0467,REQK0022,USERK0001,2025-11-09 19:27:01,20251109,,Applied,2293
E003624,A01100,P0306,REQK0003,USERK0002,2025-11-09 21:10:09,20251109,,Applied,3624
E002056,A00628,P0129,REQK0007,USERK0001,2025-11-10 04:30:07,20251110,Applied,Screen,2056
E000433,A00135,P0338,REQK0011,USERK0001,2025-11-10 06:59:19,20251110,,Applied,433
E001059,A00326,P0023,REQK0025,USERK0002,2025-11-10 09:44:20,20251110,Applied,Withdrawn,1059
E003041,A00923,P0215,REQK0007,USERK0003,2025-11-10 16:37:37,20251110,Screen,Interview,3041
E000942,A00291,P0543,REQK0014,USERK0003,2025-11-11 01:06:16,20251111,,Applied,942
E002346,A00716,P0290,REQK0014,USERK0004,2025-11-11 02:05:36,20251111,Applied,Screen,2346
E004741,A01440,P0091,REQK0011,USERK0002,2025-11-11 20:56:16,20251111,Screen,Interview,4741
E004496,A01364,P0004,REQK0002,USERK0004,2025-11-11 22:02:41,20251111,,Applied,4496
E002028,A00619,P0537,REQK0011,USERK0004,2025-11-12 03:29:31,20251112,Applied,Screen,2028
E003625,A01100,P0306,REQK0003,USERK0004,2025-11-12 09:10:09,20251112,Applied,Screen,3625
E004362,A01320,P0519,REQK0012,USERK0001,2025-11-12 14:09:58,20251112,,Applied,4362
E002845,A00862,P0514,REQK0002,USERK0004,2025-11-12 19:21:17,20251112,Applied,Rejected,2845
E002533,A00770,P0246,REQK0025,USERK0003,2025-11-12 23:53:16,20251112,Interview,Offer,2533
E000629,A00197,P0055,REQK0011,USERK0002,2025-11-13 05:56:11,20251113,,Applied,629
E000660,A00206,P0406,REQK0007,USERK0004,2025-11-13 07:59:55,20251113,,Applied,660
E000943,A00291,P0543,REQK0014,USERK0003,2025-11-13 13:06:16,20251113,Applied,Screen,943
E001043,A00321,P0542,REQK0025,USERK0003,2025-11-13 14:09:56,20251113,Applied,Screen,1043
E001887,A00577,P0476,REQK0007,USERK0004,2025-11-13 14:39:00,20251113,Applied,Rejected,1887
E003555,A01080,P0010,REQK0003,USERK0004,2025-11-13 23:21:25,20251113,Applied,Screen,3555
E002632,A00801,P0072,REQK0002,USERK0002,2025-11-14 00:07:43,20251114,Screen,Interview,2632
E002120,A00648,P0371,REQK0011,USERK0003,2025-11-14 12:24:19,20251114,,Applied,2120
E000892,A00276,P0524,REQK0002,USERK0004,2025-11-14 14:30:54,20251114,,Applied,892
E003289,A00996,P0400,REQK0014,USERK0002,2025-11-14 19:53:50,20251114,,Applied,3289
E000528,A00164,P0375,REQK0025,USERK0001,2025-11-14 23:23:18,20251114,Applied,Screen,528
E002812,A00853,P0240,REQK0012,USERK0003,2025-11-15 07:16:31,20251115,Applied,Screen,2812
E000272,A00084,P0144,REQK0022,USERK0003,2025-11-15 10:10:24,20251115,Screen,Withdrawn,272
E003489,A01060,P0392,REQK0002,USERK0004,2025-11-15 11:31:33,20251115,,Applied,3489
E002603,A00792,P0175,REQK0012,USERK0001,2025-11-15 13:26:39,20251115,Applied,Withdrawn,2603
E000113,A00038,P0379,REQK0003,USERK0002,2025-11-15 23:15:58,20251115,Applied,Screen,113
E002872,A00871,P0054,REQK0003,USERK0003,2025-11-16 05:09:02,20251116,Interview,Rejected,2872
E002871,A00871,P0054,REQK0003,USERK0001,2025-11-16 05:09:02,20251116,Screen,Interview,2871
E002850,A00864,P0018,REQK0011,USERK0003,2025-11-16 05:33:50,20251116,Screen,Rejected,2850
E003409,A01032,P0006,REQK0014,USERK0003,2025-11-16 09:25:56,20251116,Screen,Withdrawn,3409
E003408,A01032,P0006,REQK0014,USERK0001,2025-11-16 09:25:56,20251116,Applied,Screen,3408
E000661,A00206,P0406,REQK0007,USERK0003,2025-11-16 12:59:55,20251116,Applied,Rejected,661
E002782,A00844,P0295,REQK0012,USERK0001,2025-11-16 13:45:46,20251116,Applied,Screen,2782
E003556,A01080,P0010,REQK0003,USERK0003,2025-11-16 15:21:25,20251116,Screen,Interview,3556
E001044,A00321,P0542,REQK0025,USERK0002,2025-11-16 16:09:56,20251116,Screen,Interview,1044
E001091,A00335,P0426,REQK0007,USERK0002,2025-11-17 01:07:04,20251117,Interview,Offer,1091
E002912,A00883,P0049,REQK0003,USERK0001,2025-11-17 08:49:52,20251117,Applied,Screen,2912
E002347,A00716,P0290,REQK0014,USERK0002,2025-11-17 16:05:36,20251117,Screen,Interview,2347
E002633,A00801,P0072,REQK0002,USERK0002,2025-11-18 01:07:43,20251118,Interview,Offer,2633
E004732,A01437,P0440,REQK0012,USERK0001,2025-11-18 09:31:42,20251118,Interview,Offer,4732
E002484,A00756,P0100,REQK0011,USERK0003,2025-11-18 09:34:40,20251118,Applied,Screen,2484
E002294,A00700,P0467,REQK0022,USERK0001,2025-11-18 10:27:01,20251118,Applied,Rejected,2294
E003448,A01045,P0063,REQK0017,USERK0001,2025-11-18 12:42:39,20251118,,Applied,3448
E001168,A00358,P0041,REQK0012,USERK0004,2025-11-18 18:48:26,20251118,Offer,Hired,1168
E001167,A00358,P0041,REQK0012,USERK0001,2025-11-18 18:48:26,20251118,Interview,Offer,1167
E001209,A00371,P0291,REQK0025,USERK0002,2025-11-18 22:21:13,20251118,Applied,Screen,1209
E001469,A00447,P0457,REQK0012,USERK0004,2025-11-19 01:57:12,20251119,,Applied,1469
E001285,A00394,P0292,REQK0009,USERK0003,2025-11-19 02:51:15,20251119,Applied,Screen,1285
E004620,A01404,P0320,REQK0011,USERK0004,2025-11-19 11:18:10,20251119,Interview,Offer,4620
E001282,A00393,P0177,REQK0009,USERK0001,2025-11-19 15:05:27,20251119,,Applied,1282
E003812,A01157,P0005,REQK0009,USERK0004,2025-11-19 16:24:04,20251119,Applied,Withdrawn,3812
E002330,A00711,P0276,REQK0009,USERK0004,2025-11-19 17:30:56,20251119,,Applied,2330
E003343,A01012,P0386,REQK0002,USERK0004,2025-11-20 02:50:40,20251120,Interview,Offer,3343
E001018,A00313,P0388,REQK0011,USERK0001,2025-11-20 03:57:05,20251120,Screen,Rejected,1018
E000521,A00162,P0018,REQK0003,USERK0001,2025-11-20 12:53:04,20251120,Applied,Screen,521
E003558,A01081,P0355,REQK0022,USERK0002,2025-11-20 13:48:08,20251120,,Applied,3558
E003182,A00965,P0011,REQK0017,USERK0004,2025-11-20 14:18:15,20251120,,Applied,3182
E003872,A01175,P0379,REQK0012,USERK0004,2025-11-20 21:24:59,20251120,Applied,Screen,3872
E003557,A01080,P0010,REQK0003,USERK0004,2025-11-20 22:21:25,20251120,Interview,Withdrawn,3557
E003042,A00923,P0215,REQK0007,USERK0003,2025-11-20 23:37:37,20251120,Interview,Offer,3042
E001210,A00371,P0291,REQK0025,USERK0004,2025-11-21 03:21:13,20251121,Screen,Rejected,1210
E002604,A00793,P0389,REQK0025,USERK0002,2025-11-21 04:28:32,20251121,,Applied,2604
E003404,A01031,P0190,REQK0009,USERK0003,2025-11-21 04:35:08,20251121,Applied,Screen,3404
E001877,A00574,P0440,REQK0022,USERK0004,2025-11-21 12:05:21,20251121,,Applied,1877
E003626,A01100,P0306,REQK0003,USERK0001,2025-11-21 12:10:09,20251121,Screen,Interview,3626
E004031,A01219,P0238,REQK0017,USERK0004,2025-11-21 12:12:41,20251121,,Applied,4031
E001470,A00447,P0457,REQK0012,USERK0004,2025-11-22 09:57:12,20251122,Applied,Withdrawn,1470
E004742,A01440,P0091,REQK0011,USERK0002,2025-11-22 11:56:16,20251122,Interview,Offer,4742
E000084,A00029,P0380,REQK0014,USERK0003,2025-11-22 12:41:26,20251122,,Applied,84
E000114,A00038,P0379,REQK0003,USERK0004,2025-11-22 16:15:58,20251122,Screen,Interview,114
E003559,A01081,P0355,REQK0022,USERK0003,2025-11-22 20:48:08,20251122,Applied,Screen,3559
E004468,A01355,P0367,REQK0025,USERK0003,2025-11-23 00:45:50,20251123,Screen,Rejected,4468
E003823,A01160,P0029,REQK0014,USERK0003,2025-11-23 03:15:07,20251123,,Applied,3823
E002029,A00619,P0537,REQK0011,USERK0004,2025-11-23 04:29:31,20251123,Screen,Withdrawn,2029
E001211,A00372,P0342,REQK0025,USERK0001,2025-11-23 08:06:57,20251123,,Applied,1211
E000305,A00095,P0117,REQK0009,USERK0004,2025-11-23 08:28:11,20251123,Screen,Rejected,305
E000304,A00095,P0117,REQK0009,USERK0002,2025-11-23 08:28:11,20251123,Applied,Screen,304
E003183,A00965,P0011,REQK0017,USERK0002,2025-11-23 14:18:15,20251123,Applied,Screen,3183
E004032,A01219,P0238,REQK0017,USERK0002,2025-11-23 16:12:41,20251123,Applied,Screen,4032
E001213,A00373,P0146,REQK0007,USERK0001,2025-11-23 18:32:50,20251123,,Applied,1213
E000944,A00291,P0543,REQK0014,USERK0004,2025-11-23 20:06:16,20251123,Screen,Withdrawn,944
E002913,A00883,P0049,REQK0003,USERK0002,2025-11-23 21:49:52,20251123,Screen,Interview,2913
E000677,A00212,P0163,REQK0014,USERK0002,2025-11-24 01:00:05,20251124,,Applied,677
E002061,A00630,P0388,REQK0009,USERK0001,2025-11-24 12:51:18,20251124,,Applied,2061
E002057,A00628,P0129,REQK0007,USERK0001,2025-11-24 13:30:07,20251124,Screen,Withdrawn,2057
E002783,A00844,P0295,REQK0012,USERK0002,2025-11-24 15:45:46,20251124,Screen,Interview,2783
E002121,A00648,P0371,REQK0011,USERK0003,2025-11-24 19:24:19,20251124,Applied,Screen,2121
E000849,A00264,P0458,REQK0022,USERK0003,2025-11-25 03:53:26,20251125,Applied,Screen,849
E000312,A00098,P0130,REQK0014,USERK0004,2025-11-25 04:35:20,20251125,,Applied,312
E003560,A01081,P0355,REQK0022,USERK0001,2025-11-25 05:48:08,20251125,Screen,Withdrawn,3560
E004216,A01274,P0493,REQK0011,USERK0002,2025-11-25 08:04:45,20251125,,Applied,4216
E000529,A00164,P0375,REQK0025,USERK0002,2025-11-25 12:23:18,20251125,Screen,Rejected,529
E001390,A00424,P0313,REQK0022,USERK0001,2025-11-25 14:04:23,20251125,Screen,Interview,1390
E000635,A00199,P0020,REQK0012,USERK0003,2025-11-25 21:54:57,20251125,,Applied,635
E004363,A01320,P0519,REQK0012,USERK0004,2025-11-25 22:09:58,20251125,Applied,Screen,4363
E000085,A00029,P0380,REQK0014,USERK0003,2025-11-26 01:41:26,20251126,Applied,Screen,85
E001794,A00551,P0517,REQK0017,USERK0001,2025-11-26 03:49:46,20251126,,Applied,1794
E002534,A00770,P0246,REQK0025,USERK0002,2025-11-26 04:53:16,20251126,Offer,Withdrawn,2534
E004762,A01447,P0160,REQK0025,USERK0002,2025-11-26 09:43:51,20251126,Interview,Withdrawn,4762
E004761,A01447,P0160,REQK0025,USERK0004,2025-11-26 09:43:51,20251126,Screen,Interview,4761
E001429,A00436,P0427,REQK0022,USERK0001,2025-11-26 11:50:07,20251126,Applied,Screen,1429
E001533,A00468,P0230,REQK0003,USERK0002,2025-11-26 12:37:24,20251126,,Applied,1533
E001531,A00467,P0310,REQK0002,USERK0003,2025-11-26 15:43:54,20251126,,Applied,1531
E001913,A00586,P0173,REQK0002,USERK0004,2025-11-27 02:32:31,20251127,,Applied,1913
E001286,A00394,P0292,REQK0009,USERK0002,2025-11-27 05:51:15,20251127,Screen,Interview,1286
E004497,A01364,P0004,REQK0002,USERK0004,2025-11-27 08:02:41,20251127,Applied,Screen,4497
E004364,A01320,P0519,REQK0012,USERK0004,2025-11-27 13:09:58,20251127,Screen,Rejected,4364
E001003,A00309,P0526,REQK0007,USERK0002,2025-11-27 16:48:26,20251127,,Applied,1003
E001214,A00373,P0146,REQK0007,USERK0002,2025-11-27 18:32:50,20251127,Applied,Screen,1214
E003449,A01045,P0063,REQK0017,USERK0002,2025-11-28 03:42:39,20251128,Applied,Screen,3449
E004548,A01383,P0479,REQK0002,USERK0001,2025-11-28 13:41:18,20251128,,Applied,4548
E004292,A01299,P0066,REQK0022,USERK0001,2025-11-28 15:24:04,20251128,,Applied,4292
E003873,A01175,P0379,REQK0012,USERK0003,2025-11-28 23:24:59,20251128,Screen,Withdrawn,3873
E000850,A00264,P0458,REQK0022,USERK0003,2025-11-29 04:53:26,20251129,Screen,Interview,850
E001532,A00467,P0310,REQK0002,USERK0003,2025-11-29 06:43:54,20251129,Applied,Rejected,1532
E000434,A00135,P0338,REQK0011,USERK0002,2025-11-29 07:59:19,20251129,Applied,Screen,434
E002348,A00716,P0290,REQK0014,USERK0003,2025-11-30 01:05:36,20251130,Interview,Rejected,2348
E003627,A01100,P0306,REQK0003,USERK0004,2025-11-30 02:10:09,20251130,Interview,Rejected,3627
E001283,A00393,P0177,REQK0009,USERK0003,2025-11-30 10:05:27,20251130,Applied,Rejected,1283
E002452,A00747,P0391,REQK0007,USERK0001,2025-11-30 17:37:25,20251130,,Applied,2452
E001050,A00323,P0405,REQK0022,USERK0002,2025-12-01 01:18:06,20251201,,Applied,1050
E004626,A01405,P0159,REQK0007,USERK0004,2025-12-01 05:59:12,20251201,Offer,Hired,4626
E004293,A01299,P0066,REQK0022,USERK0004,2025-12-01 09:24:04,20251201,Applied,Screen,4293
E000330,A00104,P0019,REQK0022,USERK0003,2025-12-01 10:24:01,20251201,,Applied,330
E003282,A00994,P0538,REQK0003,USERK0003,2025-12-01 10:46:10,20251201,,Applied,3282
E002546,A00775,P0183,REQK0007,USERK0002,2025-12-01 16:13:23,20251201,,Applied,2546
E004217,A01274,P0493,REQK0011,USERK0004,2025-12-01 19:04:45,20251201,Applied,Rejected,4217
E001004,A00309,P0526,REQK0007,USERK0004,2025-12-02 10:48:26,20251202,Applied,Screen,1004
E003896,A01182,P0174,REQK0017,USERK0004,2025-12-02 14:21:42,20251202,,Applied,3896
E000636,A00199,P0020,REQK0012,USERK0004,2025-12-02 15:54:57,20251202,Applied,Screen,636
E002485,A00756,P0100,REQK0011,USERK0002,2025-12-02 18:34:40,20251202,Screen,Interview,2485
E003290,A00996,P0400,REQK0014,USERK0002,2025-12-02 23:53:50,20251202,Applied,Screen,3290
E001914,A00586,P0173,REQK0002,USERK0004,2025-12-03 03:32:31,20251203,Applied,Screen,1914
E004621,A01404,P0320,REQK0011,USERK0002,2025-12-03 05:18:10,20251203,Offer,Rejected,4621
E001391,A00424,P0313,REQK0022,USERK0002,2025-12-03 09:04:23,20251203,Interview,Offer,1391
E001212,A00372,P0342,REQK0025,USERK0001,2025-12-03 17:06:57,20251203,Applied,Rejected,1212
E003043,A00923,P0215,REQK0007,USERK0001,2025-12-03 17:37:37,20251203,Offer,Rejected,3043
E002123,A00648,P0371,REQK0011,USERK0004,2025-12-03 19:24:19,20251203,Interview,Rejected,2123
E002122,A00648,P0371,REQK0011,USERK0002,2025-12-03 19:24:19,20251203,Screen,Interview,2122
E000630,A00197,P0055,REQK0011,USERK0003,2025-12-03 19:56:11,20251203,Applied,Screen,630
E004454,A01351,P0259,REQK0012,USERK0004,2025-12-03 19:57:04,20251203,,Applied,4454
E003373,A01021,P0032,REQK0009,USERK0001,2025-12-03 20:15:06,20251203,,Applied,3373
E001430,A00436,P0427,REQK0022,USERK0004,2025-12-03 22:50:07,20251203,Screen,Interview,1430
E000380,A00118,P0406,REQK0003,USERK0001,2025-12-03 23:42:21,20251203,,Applied,380
E004235,A01280,P0037,REQK0007,USERK0004,2025-12-04 01:10:23,20251204,,Applied,4235
E001878,A00574,P0440,REQK0022,USERK0004,2025-12-04 05:05:21,20251204,Applied,Withdrawn,1878
E001045,A00321,P0542,REQK0025,USERK0001,2025-12-04 12:09:56,20251204,Interview,Offer,1045
E001373,A00419,P0214,REQK0017,USERK0003,2025-12-04 19:40:43,20251204,,Applied,1373
E001686,A00517,P0537,REQK0007,USERK0003,2025-12-04 21:19:49,20251204,,Applied,1686
E002453,A00747,P0391,REQK0007,USERK0002,2025-12-05 01:37:25,20251205,Applied,Screen,2453
E002331,A00711,P0276,REQK0009,USERK0002,2025-12-05 05:30:56,20251205,Applied,Screen,2331
E000138,A00046,P0016,REQK0003,USERK0001,2025-12-05 12:34:19,20251205,,Applied,138
E000893,A00276,P0524,REQK0002,USERK0004,2025-12-05 15:30:54,20251205,Applied,Screen,893
E004455,A01351,P0259,REQK0012,USERK0003,2025-12-05 15:57:04,20251205,Applied,Withdrawn,4455
E003490,A01060,P0392,REQK0002,USERK0004,2025-12-06 04:31:33,20251206,Applied,Screen,3490
E003824,A01160,P0029,REQK0014,USERK0002,2025-12-06 08:15:07,20251206,Applied,Withdrawn,3824
E000115,A00038,P0379,REQK0003,USERK0002,2025-12-06 08:15:58,20251206,Interview,Offer,115
E002914,A00883,P0049,REQK0003,USERK0002,2025-12-06 08:49:52,20251206,Interview,Offer,2914
E002813,A00853,P0240,REQK0012,USERK0004,2025-12-06 14:16:31,20251206,Screen,Interview,2813
E003800,A01154,P0291,REQK0017,USERK0002,2025-12-06 14:38:51,20251206,,Applied,3800
E003925,A01191,P0356,REQK0014,USERK0003,2025-12-06 14:41:45,20251206,,Applied,3925
E003291,A00996,P0400,REQK0014,USERK0002,2025-12-06 15:53:50,20251206,Screen,Rejected,3291
E001643,A00504,P0253,REQK0011,USERK0002,2025-12-06 17:05:35,20251206,,Applied,1643
E002547,A00775,P0183,REQK0007,USERK0001,2025-12-06 20:13:23,20251206,Applied,Withdrawn,2547
E003722,A01129,P0048,REQK0014,USERK0004,2025-12-06 20:30:53,20251206,,Applied,3722
E001092,A00335,P0426,REQK0007,USERK0003,2025-12-07 01:07:04,20251207,Offer,Hired,1092
E000678,A00212,P0163,REQK0014,USERK0003,2025-12-07 03:00:05,20251207,Applied,Screen,678
E000331,A00104,P0019,REQK0022,USERK0003,2025-12-07 14:24:01,20251207,Applied,Withdrawn,331
E001795,A00551,P0517,REQK0017,USERK0002,2025-12-07 19:49:46,20251207,Applied,Rejected,1795
E001438,A00438,P0174,REQK0022,USERK0004,2025-12-07 23:41:26,20251207,,Applied,1438
E002784,A00844,P0295,REQK0012,USERK0004,2025-12-08 02:45:46,20251208,Interview,Offer,2784
E002851,A00865,P0514,REQK0022,USERK0003,2025-12-08 04:33:06,20251208,,Applied,2851
E002062,A00630,P0388,REQK0009,USERK0001,2025-12-08 05:51:18,20251208,Applied,Rejected,2062
E002753,A00834,P0091,REQK0007,USERK0002,2025-12-08 09:34:19,20251208,,Applied,2753
E001787,A00549,P0205,REQK0017,USERK0001,2025-12-08 17:12:06,20251208,,Applied,1787
E002605,A00793,P0389,REQK0025,USERK0002,2025-12-08 23:28:32,20251208,Applied,Screen,2605
E003184,A00965,P0011,REQK0017,USERK0001,2025-12-09 01:18:15,20251209,Screen,Interview,3184
E004294,A01299,P0066,REQK0022,USERK0002,2025-12-09 01:24:04,20251209,Screen,Interview,4294
E001665,A00511,P0443,REQK0012,USERK0004,2025-12-09 07:21:38,20251209,,Applied,1665
E000381,A00118,P0406,REQK0003,USERK0004,2025-12-09 10:42:21,20251209,Applied,Screen,381
E004192,A01267,P0097,REQK0014,USERK0001,2025-12-09 14:41:38,20251209,,Applied,4192
E003450,A01045,P0063,REQK0017,USERK0003,2025-12-09 15:42:39,20251209,Screen,Interview,3450
E000637,A00199,P0020,REQK0012,USERK0002,2025-12-09 20:54:57,20251209,Screen,Interview,637
E004498,A01364,P0004,REQK0002,USERK0004,2025-12-09 22:02:41,20251209,Screen,Rejected,4498
E001374,A00419,P0214,REQK0017,USERK0003,2025-12-10 08:40:43,20251210,Applied,Screen,1374
E000086,A00029,P0380,REQK0014,USERK0002,2025-12-10 13:41:26,20251210,Screen,Interview,86
E001392,A00424,P0313,REQK0022,USERK0004,2025-12-10 19:04:23,20251210,Offer,Withdrawn,1392
E002852,A00865,P0514,REQK0022,USERK0002,2025-12-10 21:33:06,20251210,Applied,Screen,2852
E002486,A00756,P0100,REQK0011,USERK0004,2025-12-11 11:34:40,20251211,Interview,Offer,2486
E002698,A00821,P0308,REQK0011,USERK0003,2025-12-11 12:16:48,20251211,,Applied,2698
E000313,A00098,P0130,REQK0014,USERK0003,2025-12-11 13:35:20,20251211,Applied,Screen,313
E003405,A01031,P0190,REQK0009,USERK0003,2025-12-11 17:35:08,20251211,Screen,Interview,3405
E004733,A01437,P0440,REQK0012,USERK0001,2025-12-11 19:31:42,20251211,Offer,Hired,4733
E002778,A00843,P0157,REQK0009,USERK0001,2025-12-11 21:38:02,20251211,,Applied,2778
E000522,A00162,P0018,REQK0003,USERK0003,2025-12-11 23:53:04,20251211,Screen,Interview,522
E001006,A00309,P0526,REQK0007,USERK0001,2025-12-12 03:48:26,20251212,Interview,Withdrawn,1006
E001005,A00309,P0526,REQK0007,USERK0004,2025-12-12 03:48:26,20251212,Screen,Interview,1005
E000852,A00264,P0458,REQK0022,USERK0002,2025-12-12 06:53:26,20251212,Offer,Hired,852
E000851,A00264,P0458,REQK0022,USERK0004,2025-12-12 06:53:26,20251212,Interview,Offer,851
E002261,A00688,P0036,REQK0007,USERK0001,2025-12-12 07:59:08,20251212,,Applied,2261
E003897,A01182,P0174,REQK0017,USERK0003,2025-12-12 08:21:42,20251212,Applied,Screen,3897
E001431,A00436,P0427,REQK0022,USERK0004,2025-12-12 16:50:07,20251212,Interview,Offer,1431
E001534,A00468,P0230,REQK0003,USERK0003,2025-12-12 17:37:24,20251212,Applied,Screen,1534
E004549,A01383,P0479,REQK0002,USERK0003,2025-12-13 01:41:18,20251213,Applied,Screen,4549
E004295,A01299,P0066,REQK0022,USERK0001,2025-12-13 12:24:04,20251213,Interview,Offer,4295
E000638,A00199,P0020,REQK0012,USERK0002,2025-12-13 14:54:57,20251213,Interview,Rejected,638
E002454,A00747,P0391,REQK0007,USERK0003,2025-12-13 19:37:25,20251213,Screen,Interview,2454
E001998,A00612,P0180,REQK0003,USERK0004,2025-12-13 22:25:26,20251213,,Applied,1998
E002108,A00644,P0288,REQK0017,USERK0001,2025-12-13 22:38:44,20251213,,Applied,2108
E003565,A01083,P0012,REQK0009,USERK0001,2025-12-14 04:45:52,20251214,,Applied,3565
E004033,A01219,P0238,REQK0017,USERK0002,2025-12-14 05:12:41,20251214,Screen,Interview,4033
E003374,A01021,P0032,REQK0009,USERK0004,2025-12-14 07:15:06,20251214,Applied,Screen,3374
E001288,A00394,P0292,REQK0009,USERK0003,2025-12-14 09:51:15,20251214,Offer,Hired,1288
E001287,A00394,P0292,REQK0009,USERK0004,2025-12-14 09:51:15,20251214,Interview,Offer,1287
E001687,A00517,P0537,REQK0007,USERK0003,2025-12-14 10:19:49,20251214,Applied,Screen,1687
E001051,A00323,P0405,REQK0022,USERK0004,2025-12-14 19:18:06,20251214,Applied,Withdrawn,1051
E000533,A00166,P0106,REQK0018,USERK0002,2025-12-14 19:22:24,20251214,,Applied,533
E002561,A00779,P0179,REQK0003,USERK0001,2025-12-14 19:23:10,20251214,,Applied,2561
E001522,A00464,P0249,REQK0003,USERK0002,2025-12-14 19:44:34,20251214,,Applied,1522
E001568,A00481,P0150,REQK0014,USERK0001,2025-12-14 21:01:18,20251214,,Applied,1568
E003724,A01129,P0048,REQK0014,USERK0001,2025-12-15 02:30:53,20251215,Screen,Rejected,3724
E003723,A01129,P0048,REQK0014,USERK0004,2025-12-15 02:30:53,20251215,Applied,Screen,3723
E004380,A01325,P0129,REQK0017,USERK0003,2025-12-15 05:14:47,20251215,,Applied,4380
E002634,A00801,P0072,REQK0002,USERK0004,2025-12-15 07:07:43,20251215,Offer,Hired,2634
E002548,A00776,P0459,REQK0007,USERK0003,2025-12-15 09:14:51,20251215,,Applied,2548
E000816,A00254,P0406,REQK0011,USERK0002,2025-12-15 13:46:18,20251215,,Applied,816
E002915,A00883,P0049,REQK0003,USERK0003,2025-12-15 13:49:52,20251215,Offer,Withdrawn,2915
E004236,A01280,P0037,REQK0007,USERK0001,2025-12-15 21:10:23,20251215,Applied,Screen,4236
E003483,A01058,P0425,REQK0011,USERK0004,2025-12-15 23:27:38,20251215,,Applied,3483
E002957,A00896,P0534,REQK0025,USERK0004,2025-12-16 03:34:24,20251216,,Applied,2957
E003566,A01083,P0012,REQK0009,USERK0001,2025-12-16 10:45:52,20251216,Applied,Screen,3566
E000631,A00197,P0055,REQK0011,USERK0002,2025-12-16 10:56:11,20251216,Screen,Withdrawn,631
E000862,A00268,P0414,REQK0011,USERK0002,2025-12-16 11:51:03,20251216,,Applied,862
E003375,A01021,P0032,REQK0009,USERK0004,2025-12-16 13:15:06,20251216,Screen,Withdrawn,3375
E004194,A01267,P0097,REQK0014,USERK0002,2025-12-16 16:41:38,20251216,Screen,Rejected,4194
E004193,A01267,P0097,REQK0014,USERK0001,2025-12-16 16:41:38,20251216,Applied,Screen,4193
E002699,A00821,P0308,REQK0011,USERK0004,2025-12-17 01:16:48,20251217,Applied,Screen,2699
E003662,A01109,P0240,REQK0022,USERK0004,2025-12-17 02:19:01,20251217,,Applied,3662
E001192,A00367,P0011,REQK0025,USERK0001,2025-12-17 12:14:40,20251217,,Applied,1192
E001215,A00373,P0146,REQK0007,USERK0004,2025-12-17 13:32:50,20251217,Screen,Interview,1215
E004691,A01427,P0218,REQK0007,USERK0001,2025-12-17 18:04:34,20251217,,Applied,4691
E003491,A01060,P0392,REQK0002,USERK0002,2025-12-17 19:31:33,20251217,Screen,Interview,3491
E004743,A01440,P0091,REQK0011,USERK0004,2025-12-18 00:56:16,20251218,Offer,Hired,4743
E001788,A00549,P0205,REQK0017,USERK0003,2025-12-18 02:12:06,20251218,Applied,Screen,1788
E001835,A00562,P0183,REQK0002,USERK0002,2025-12-18 08:07:58,20251218,,Applied,1835
E000864,A00268,P0414,REQK0011,USERK0001,2025-12-18 13:51:03,20251218,Screen,Withdrawn,864
E000863,A00268,P0414,REQK0011,USERK0004,2025-12-18 13:51:03,20251218,Applied,Screen,863
E002109,A00644,P0288,REQK0017,USERK0003,2025-12-18 18:38:44,20251218,Applied,Rejected,2109
E002672,A00813,P0450,REQK0002,USERK0004,2025-12-18 20:35:32,20251218,,Applied,2672
E004550,A01383,P0479,REQK0002,USERK0001,2025-12-18 21:41:18,20251218,Screen,Interview,4550
E002263,A00688,P0036,REQK0007,USERK0001,2025-12-18 23:59:08,20251218,Screen,Rejected,2263
E002262,A00688,P0036,REQK0007,USERK0003,2025-12-18 23:59:08,20251218,Applied,Screen,2262
E003898,A01182,P0174,REQK0017,USERK0003,2025-12-19 01:21:42,20251219,Screen,Interview,3898
E002606,A00793,P0389,REQK0025,USERK0002,2025-12-19 01:28:32,20251219,Screen,Interview,2606
E004692,A01427,P0218,REQK0007,USERK0003,2025-12-19 09:04:34,20251219,Applied,Withdrawn,4692
E001999,A00612,P0180,REQK0003,USERK0003,2025-12-19 14:25:26,20251219,Applied,Screen,1999
E000314,A00098,P0130,REQK0014,USERK0002,2025-12-19 15:35:20,20251219,Screen,Rejected,314
E001523,A00464,P0249,REQK0003,USERK0002,2025-12-19 15:44:34,20251219,Applied,Rejected,1523
E002455,A00747,P0391,REQK0007,USERK0002,2025-12-20 02:37:25,20251220,Interview,Withdrawn,2455
E000139,A00046,P0016,REQK0003,USERK0001,2025-12-20 03:34:19,20251220,Applied,Screen,139
E002445,A00745,P0156,REQK0018,USERK0004,2025-12-20 04:50:56,20251220,,Applied,2445
E003185,A00965,P0011,REQK0017,USERK0001,2025-12-20 05:18:15,20251220,Interview,Offer,3185
E000435,A00135,P0338,REQK0011,USERK0001,2025-12-20 07:59:19,20251220,Screen,Interview,435
E002332,A00711,P0276,REQK0009,USERK0002,2025-12-20 09:30:56,20251220,Screen,Interview,2332
E000523,A00162,P0018,REQK0003,USERK0003,2025-12-20 09:53:04,20251220,Interview,Offer,523
E002985,A00905,P0135,REQK0007,USERK0002,2025-12-20 13:12:35,20251220,,Applied,2985
E002754,A00834,P0091,REQK0007,USERK0002,2025-12-20 14:34:19,20251220,Applied,Rejected,2754
E001789,A00549,P0205,REQK0017,USERK0004,2025-12-20 16:12:06,20251220,Screen,Interview,1789
E003283,A00994,P0538,REQK0003,USERK0001,2025-12-20 16:46:10,20251220,Applied,Screen,3283
E003926,A01191,P0356,REQK0014,USERK0002,2025-12-20 19:41:45,20251220,Applied,Screen,3926
E001916,A00586,P0173,REQK0002,USERK0002,2025-12-20 23:32:31,20251220,Interview,Withdrawn,1916
E001915,A00586,P0173,REQK0002,USERK0001,2025-12-20 23:32:31,20251220,Screen,Interview,1915
E003451,A01045,P0063,REQK0017,USERK0003,2025-12-21 06:42:39,20251221,Interview,Rejected,3451
E000669,A00209,P0288,REQK0022,USERK0003,2025-12-21 09:42:19,20251221,,Applied,669
E000817,A00254,P0406,REQK0011,USERK0003,2025-12-21 14:46:18,20251221,Applied,Screen,817
E003567,A01083,P0012,REQK0009,USERK0002,2025-12-21 15:45:52,20251221,Screen,Rejected,3567
E002986,A00905,P0135,REQK0007,USERK0003,2025-12-21 18:12:35,20251221,Applied,Rejected,2986
E000679,A00212,P0163,REQK0014,USERK0001,2025-12-21 20:00:05,20251221,Screen,Withdrawn,679
E000534,A00166,P0106,REQK0018,USERK0002,2025-12-21 21:22:24,20251221,Applied,Screen,534
E001237,A00379,P0149,REQK0025,USERK0004,2025-12-21 22:30:33,20251221,,Applied,1237
E002780,A00843,P0157,REQK0009,USERK0003,2025-12-21 22:38:02,20251221,Screen,Withdrawn,2780
E002779,A00843,P0157,REQK0009,USERK0003,2025-12-21 22:38:02,20251221,Applied,Screen,2779
E000894,A00276,P0524,REQK0002,USERK0004,2025-12-22 02:30:54,20251222,Screen,Interview,894
E002000,A00612,P0180,REQK0003,USERK0001,2025-12-22 05:25:26,20251222,Screen,Interview,2000
E002853,A00865,P0514,REQK0022,USERK0001,2025-12-22 10:33:06,20251222,Screen,Rejected,2853
E001883,A00576,P0090,REQK0018,USERK0002,2025-12-22 10:59:35,20251222,,Applied,1883
E003606,A01095,P0541,REQK0009,USERK0004,2025-12-22 11:30:35,20251222,,Applied,3606
E002607,A00793,P0389,REQK0025,USERK0002,2025-12-22 15:28:32,20251222,Interview,Offer,2607
E004551,A01383,P0479,REQK0002,USERK0004,2025-12-22 23:41:18,20251222,Interview,Offer,4551
E003899,A01182,P0174,REQK0017,USERK0004,2025-12-23 14:21:42,20251223,Interview,Offer,3899
E000382,A00118,P0406,REQK0003,USERK0002,2025-12-23 15:42:21,20251223,Screen,Interview,382
E000087,A00029,P0380,REQK0014,USERK0002,2025-12-24 02:41:26,20251224,Interview,Offer,87
E002814,A00853,P0240,REQK0012,USERK0001,2025-12-24 06:16:31,20251224,Interview,Offer,2814
E000590,A00185,P0074,REQK0014,USERK0002,2025-12-24 09:03:19,20251224,,Applied,590
E000895,A00276,P0524,REQK0002,USERK0003,2025-12-24 11:30:54,20251224,Interview,Offer,895
E004237,A01280,P0037,REQK0007,USERK0003,2025-12-24 13:10:23,20251224,Screen,Interview,4237
E003801,A01154,P0291,REQK0017,USERK0002,2025-12-24 14:38:51,20251224,Applied,Screen,3801
E002200,A00670,P0118,REQK0009,USERK0003,2025-12-24 14:42:21,20251224,,Applied,2200
E000436,A00135,P0338,REQK0011,USERK0001,2025-12-24 14:59:19,20251224,Interview,Offer,436
E001375,A00419,P0214,REQK0017,USERK0004,2025-12-24 19:40:43,20251224,Screen,Rejected,1375
E002446,A00745,P0156,REQK0018,USERK0001,2025-12-24 19:50:56,20251224,Applied,Screen,2446
E004558,A01386,P0207,REQK0025,USERK0003,2025-12-24 23:51:58,20251224,,Applied,4558
E003598,A01092,P0018,REQK0018,USERK0002,2025-12-25 04:05:13,20251225,,Applied,3598
E003406,A01031,P0190,REQK0009,USERK0002,2025-12-25 07:35:08,20251225,Interview,Offer,3406
E000030,A00012,P0293,REQK0011,USERK0001,2025-12-25 08:22:54,20251225,,Applied,30
E000689,A00215,P0110,REQK0007,USERK0001,2025-12-25 10:37:38,20251225,,Applied,689
E001569,A00481,P0150,REQK0014,USERK0003,2025-12-25 12:01:18,20251225,Applied,Screen,1569
E002562,A00779,P0179,REQK0003,USERK0003,2025-12-25 12:23:10,20251225,Applied,Screen,2562
E002167,A00661,P0013,REQK0003,USERK0001,2025-12-25 15:12:39,20251225,,Applied,2167
E002958,A00896,P0534,REQK0025,USERK0002,2025-12-25 22:34:24,20251225,Applied,Rejected,2958
E001666,A00511,P0443,REQK0012,USERK0003,2025-12-25 23:21:38,20251225,Applied,Screen,1666
E001222,A00375,P0054,REQK0018,USERK0002,2025-12-26 00:53:12,20251226,,Applied,1222
E003663,A01109,P0240,REQK0022,USERK0004,2025-12-26 02:19:01,20251226,Applied,Rejected,3663
E001644,A00504,P0253,REQK0011,USERK0004,2025-12-26 11:05:35,20251226,Applied,Screen,1644
E004056,A01226,P0489,REQK0011,USERK0003,2025-12-26 15:49:37,20251226,,Applied,4056
E003504,A01065,P0071,REQK0009,USERK0003,2025-12-26 16:36:56,20251226,,Applied,3504
E003187,A00966,P0153,REQK0002,USERK0001,2025-12-26 19:51:24,20251226,,Applied,3187
E001836,A00562,P0183,REQK0002,USERK0003,2025-12-26 21:07:58,20251226,Applied,Withdrawn,1836
E000591,A00185,P0074,REQK0014,USERK0001,2025-12-26 22:03:19,20251226,Applied,Screen,591
E001432,A00436,P0427,REQK0022,USERK0003,2025-12-27 01:50:07,20251227,Offer,Rejected,1432
E002372,A00723,P0498,REQK0012,USERK0004,2025-12-27 02:15:32,20251227,,Applied,2372
E001378,A00421,P0114,REQK0017,USERK0002,2025-12-27 05:20:35,20251227,,Applied,1378
E003650,A01106,P0082,REQK0022,USERK0003,2025-12-27 10:12:54,20251227,,Applied,3650
E002487,A00756,P0100,REQK0011,USERK0001,2025-12-27 20:34:40,20251227,Offer,Hired,2487
E000332,A00105,P0009,REQK0025,USERK0002,2025-12-28 03:10:00,20251228,,Applied,332
E000690,A00215,P0110,REQK0007,USERK0004,2025-12-28 05:37:38,20251228,Applied,Rejected,690
E001667,A00511,P0443,REQK0012,USERK0004,2025-12-28 07:21:38,20251228,Screen,Interview,1667
E001439,A00438,P0174,REQK0022,USERK0002,2025-12-28 07:41:26,20251228,Applied,Screen,1439
E004552,A01383,P0479,REQK0002,USERK0003,2025-12-28 09:41:18,20251228,Offer,Rejected,4552
E002700,A00821,P0308,REQK0011,USERK0001,2025-12-28 10:16:48,20251228,Screen,Interview,2700
E000335,A00106,P0183,REQK0009,USERK0001,2025-12-28 12:01:30,20251228,,Applied,335
E003755,A01139,P0203,REQK0014,USERK0003,2025-12-28 14:22:16,20251228,,Applied,3755
E003492,A01060,P0392,REQK0002,USERK0002,2025-12-28 15:31:33,20251228,Interview,Rejected,3492
E002333,A00711,P0276,REQK0009,USERK0003,2025-12-28 16:30:56,20251228,Interview,Withdrawn,2333
E002673,A00813,P0450,REQK0002,USERK0001,2025-12-29 01:35:32,20251229,Applied,Withdrawn,2673
E000704,A00220,P0045,REQK0022,USERK0001,2025-12-29 06:50:10,20251229,,Applied,704
E000818,A00254,P0406,REQK0011,USERK0003,2025-12-29 08:46:18,20251229,Screen,Withdrawn,818
E001618,A00496,P0546,REQK0003,USERK0004,2025-12-29 10:08:42,20251229,,Applied,1618
E000805,A00251,P0354,REQK0025,USERK0001,2025-12-29 20:13:09,20251229,,Applied,805
E000610,A00191,P0135,REQK0018,USERK0003,2025-12-30 11:31:18,20251230,,Applied,610
E004381,A01325,P0129,REQK0017,USERK0002,2025-12-30 15:14:47,20251230,Applied,Screen,4381
E003484,A01058,P0425,REQK0011,USERK0001,2025-12-30 16:27:38,20251230,Applied,Screen,3484
E002201,A00670,P0118,REQK0009,USERK0004,2025-12-31 03:42:21,20251231,Applied,Rejected,2201
E002702,A00821,P0308,REQK0011,USERK0001,2025-12-31 06:16:48,20251231,Offer,Withdrawn,2702
E002701,A00821,P0308,REQK0011,USERK0002,2025-12-31 06:16:48,20251231,Interview,Offer,2701
E001590,A00487,P0234,REQK0003,USERK0002,2025-12-31 14:34:31,20251231,,Applied,1590
E000592,A00185,P0074,REQK0014,USERK0004,2025-12-31 15:03:19,20251231,Screen,Interview,592
E000383,A00118,P0406,REQK0003,USERK0004,2025-12-31 16:42:21,20251231,Interview,Offer,383
E003278,A00993,P0403,REQK0025,USERK0002,2025-12-31 19:25:55,20251231,,Applied,3278
E004365,A01321,P0289,REQK0006,USERK0002,2025-12-31 20:32:56,20251231,,Applied,4365
E002168,A00661,P0013,REQK0003,USERK0002,2026-01-01 00:12:39,20260101,Applied,Screen,2168
E003927,A01191,P0356,REQK0014,USERK0003,2026-01-01 03:41:45,20260101,Screen,Interview,3927
E000141,A00046,P0016,REQK0003,USERK0001,2026-01-01 04:34:19,20260101,Interview,Rejected,141
E000140,A00046,P0016,REQK0003,USERK0003,2026-01-01 04:34:19,20260101,Screen,Interview,140
E002815,A00853,P0240,REQK0012,USERK0002,2026-01-01 06:16:31,20260101,Offer,Withdrawn,2815
E004035,A01220,P0377,REQK0016,USERK0002,2026-01-01 09:14:43,20260101,,Applied,4035
E004039,A01221,P0325,REQK0006,USERK0004,2026-01-01 14:54:29,20260101,,Applied,4039
E001885,A00576,P0090,REQK0018,USERK0002,2026-01-01 16:59:35,20260101,Screen,Withdrawn,1885
E001884,A00576,P0090,REQK0018,USERK0003,2026-01-01 16:59:35,20260101,Applied,Screen,1884
E004034,A01219,P0238,REQK0017,USERK0004,2026-01-01 18:12:41,20260101,Interview,Offer,4034
E002002,A00612,P0180,REQK0003,USERK0004,2026-01-01 20:25:26,20260101,Offer,Hired,2002
E002001,A00612,P0180,REQK0003,USERK0002,2026-01-01 20:25:26,20260101,Interview,Offer,2001
E000333,A00105,P0009,REQK0025,USERK0004,2026-01-02 19:10:00,20260102,Applied,Screen,333
E003186,A00965,P0011,REQK0017,USERK0003,2026-01-02 19:18:15,20260102,Offer,Rejected,3186
E001216,A00373,P0146,REQK0007,USERK0003,2026-01-02 20:32:50,20260102,Interview,Offer,1216
E000670,A00209,P0288,REQK0022,USERK0002,2026-01-02 22:42:19,20260102,Applied,Screen,670
E000791,A00247,P0165,REQK0025,USERK0003,2026-01-02 23:30:42,20260102,,Applied,791
E002549,A00776,P0459,REQK0007,USERK0002,2026-01-03 01:14:51,20260103,Applied,Screen,2549
E001688,A00517,P0537,REQK0007,USERK0002,2026-01-03 05:19:49,20260103,Screen,Interview,1688
E001536,A00468,P0230,REQK0003,USERK0004,2026-01-03 09:37:24,20260103,Interview,Offer,1536
E001535,A00468,P0230,REQK0003,USERK0004,2026-01-03 09:37:24,20260103,Screen,Interview,1535
E000705,A00220,P0045,REQK0022,USERK0002,2026-01-03 10:50:10,20260103,Applied,Screen,705
E000611,A00191,P0135,REQK0018,USERK0004,2026-01-03 12:31:18,20260103,Applied,Rejected,611
E003802,A01154,P0291,REQK0017,USERK0003,2026-01-03 17:38:51,20260103,Screen,Interview,3802
E004609,A01402,P0350,REQK0002,USERK0003,2026-01-03 18:07:30,20260103,,Applied,4609
E000392,A00122,P0155,REQK0012,USERK0004,2026-01-03 18:28:38,20260103,,Applied,392
E004719,A01435,P0367,REQK0012,USERK0003,2026-01-03 22:05:41,20260103,,Applied,4719
E002619,A00798,P0388,REQK0012,USERK0002,2026-01-03 23:18:14,20260103,,Applied,2619
E002538,A00772,P0232,REQK0002,USERK0001,2026-01-04 12:20:05,20260104,,Applied,2538
E001223,A00375,P0054,REQK0018,USERK0004,2026-01-04 18:53:12,20260104,Applied,Rejected,1223
E002448,A00745,P0156,REQK0018,USERK0002,2026-01-04 19:50:56,20260104,Interview,Withdrawn,2448
E002447,A00745,P0156,REQK0018,USERK0001,2026-01-04 19:50:56,20260104,Screen,Interview,2447
E002010,A00615,P0429,REQK0022,USERK0004,2026-01-05 00:29:59,20260105,,Applied,2010
E002383,A00726,P0070,REQK0017,USERK0001,2026-01-05 04:04:38,20260105,,Applied,2383
E002273,A00692,P0227,REQK0017,USERK0004,2026-01-05 11:53:21,20260105,,Applied,2273
E004134,A01250,P0306,REQK0016,USERK0002,2026-01-05 14:26:08,20260105,,Applied,4134
E001238,A00379,P0149,REQK0025,USERK0003,2026-01-05 16:30:33,20260105,Applied,Rejected,1238
E000806,A00251,P0354,REQK0025,USERK0003,2026-01-06 00:13:09,20260106,Applied,Withdrawn,806
E002268,A00690,P0388,REQK0011,USERK0004,2026-01-06 03:37:30,20260106,,Applied,2268
E002317,A00708,P0121,REQK0016,USERK0004,2026-01-06 05:19:13,20260106,,Applied,2317
E002373,A00723,P0498,REQK0012,USERK0003,2026-01-06 06:15:32,20260106,Applied,Screen,2373
E003466,A01052,P0080,REQK0017,USERK0003,2026-01-06 06:47:46,20260106,,Applied,3466
E004559,A01386,P0207,REQK0025,USERK0004,2026-01-06 07:51:58,20260106,Applied,Withdrawn,4559
E001193,A00367,P0011,REQK0025,USERK0004,2026-01-06 08:14:40,20260106,Applied,Screen,1193
E001645,A00504,P0253,REQK0011,USERK0004,2026-01-06 12:05:35,20260106,Screen,Rejected,1645
E004640,A01410,P0298,REQK0017,USERK0003,2026-01-06 14:14:17,20260106,,Applied,4640
E002233,A00680,P0013,REQK0012,USERK0003,2026-01-06 19:29:08,20260106,,Applied,2233
E000530,A00165,P0202,REQK0025,USERK0001,2026-01-06 21:15:48,20260106,,Applied,530
E001570,A00481,P0150,REQK0014,USERK0004,2026-01-06 22:01:18,20260106,Screen,Rejected,1570
E003789,A01150,P0086,REQK0016,USERK0003,2026-01-07 04:04:21,20260107,,Applied,3789
E003279,A00993,P0403,REQK0025,USERK0001,2026-01-07 05:25:55,20260107,Applied,Screen,3279
E003188,A00966,P0153,REQK0002,USERK0002,2026-01-07 06:51:24,20260107,Applied,Withdrawn,3188
E001790,A00549,P0205,REQK0017,USERK0004,2026-01-07 07:12:06,20260107,Interview,Offer,1790
E003485,A01058,P0425,REQK0011,USERK0004,2026-01-07 10:27:38,20260107,Screen,Rejected,3485
E001619,A00496,P0546,REQK0003,USERK0002,2026-01-07 15:08:42,20260107,Applied,Screen,1619
E001604,A00491,P0010,REQK0012,USERK0004,2026-01-08 07:54:25,20260108,,Applied,1604
E002274,A00692,P0227,REQK0017,USERK0003,2026-01-08 21:53:21,20260108,Applied,Withdrawn,2274
E003607,A01095,P0541,REQK0009,USERK0004,2026-01-08 23:30:35,20260108,Applied,Screen,3607
E004239,A01280,P0037,REQK0007,USERK0004,2026-01-09 03:10:23,20260109,Offer,Hired,4239
E004238,A01280,P0037,REQK0007,USERK0004,2026-01-09 03:10:23,20260109,Interview,Offer,4238
E004565,A01388,P0067,REQK0006,USERK0003,2026-01-09 05:00:53,20260109,,Applied,4565
E003928,A01191,P0356,REQK0014,USERK0003,2026-01-09 06:41:45,20260109,Interview,Rejected,3928
E003284,A00994,P0538,REQK0003,USERK0002,2026-01-09 07:46:10,20260109,Screen,Interview,3284
E002234,A00680,P0013,REQK0012,USERK0004,2026-01-09 08:29:08,20260109,Applied,Screen,2234
E004036,A01220,P0377,REQK0016,USERK0003,2026-01-09 09:14:43,20260109,Applied,Screen,4036
E000535,A00166,P0106,REQK0018,USERK0002,2026-01-09 09:22:24,20260109,Screen,Interview,535
E001440,A00438,P0174,REQK0022,USERK0004,2026-01-09 09:41:26,20260109,Screen,Interview,1440
E004064,A01229,P0197,REQK0025,USERK0004,2026-01-09 09:41:36,20260109,,Applied,4064
E003666,A01111,P0341,REQK0011,USERK0003,2026-01-09 13:59:40,20260109,,Applied,3666
E002563,A00779,P0179,REQK0003,USERK0003,2026-01-09 15:23:10,20260109,Screen,Interview,2563
E001505,A00459,P0319,REQK0014,USERK0002,2026-01-09 21:41:35,20260109,,Applied,1505
E001217,A00373,P0146,REQK0007,USERK0002,2026-01-09 22:32:50,20260109,Offer,Rejected,1217
E003955,A01200,P0269,REQK0016,USERK0002,2026-01-09 23:29:41,20260109,,Applied,3955
E002170,A00661,P0013,REQK0003,USERK0004,2026-01-10 03:12:39,20260110,Interview,Withdrawn,2170
E002169,A00661,P0013,REQK0003,USERK0003,2026-01-10 03:12:39,20260110,Screen,Interview,2169
E001023,A00315,P0047,REQK0013,USERK0003,2026-01-10 04:54:50,20260110,,Applied,1023
E003940,A01196,P0120,REQK0002,USERK0003,2026-01-10 10:15:34,20260110,,Applied,3940
E000031,A00012,P0293,REQK0011,USERK0002,2026-01-10 12:22:54,20260110,Applied,Screen,31
E003803,A01154,P0291,REQK0017,USERK0001,2026-01-10 18:38:51,20260110,Interview,Rejected,3803
E003900,A01182,P0174,REQK0017,USERK0002,2026-01-10 20:21:42,20260110,Offer,Hired,3900
E002539,A00772,P0232,REQK0002,USERK0004,2026-01-10 23:20:05,20260110,Applied,Rejected,2539
E000336,A00106,P0183,REQK0009,USERK0002,2026-01-11 03:01:30,20260111,Applied,Withdrawn,336
E000334,A00105,P0009,REQK0025,USERK0003,2026-01-11 06:10:00,20260111,Screen,Rejected,334
E000069,A00024,P0107,REQK0003,USERK0004,2026-01-11 06:35:13,20260111,,Applied,69
E000278,A00087,P0062,REQK0022,USERK0003,2026-01-11 13:01:58,20260111,,Applied,278
E000386,A00120,P0035,REQK0002,USERK0003,2026-01-11 13:10:27,20260111,,Applied,386
E001228,A00377,P0088,REQK0006,USERK0002,2026-01-11 15:54:46,20260111,,Applied,1228
E003275,A00992,P0437,REQK0017,USERK0001,2026-01-11 15:54:53,20260111,,Applied,3275
E002258,A00687,P0343,REQK0009,USERK0003,2026-01-11 15:56:27,20260111,,Applied,2258
E004057,A01226,P0489,REQK0011,USERK0001,2026-01-11 17:49:37,20260111,Applied,Screen,4057
E001849,A00567,P0433,REQK0016,USERK0002,2026-01-11 18:26:58,20260111,,Applied,1849
E004037,A01220,P0377,REQK0016,USERK0001,2026-01-11 23:14:43,20260111,Screen,Interview,4037
E003651,A01106,P0082,REQK0022,USERK0001,2026-01-12 00:12:54,20260112,Applied,Screen,3651
E004366,A01321,P0289,REQK0006,USERK0002,2026-01-12 00:32:56,20260112,Applied,Screen,4366
E003436,A01042,P0172,REQK0016,USERK0004,2026-01-12 11:49:27,20260112,,Applied,3436
E000792,A00247,P0165,REQK0025,USERK0001,2026-01-12 13:30:42,20260112,Applied,Screen,792
E001668,A00511,P0443,REQK0012,USERK0002,2026-01-12 14:21:38,20260112,Interview,Offer,1668
E000593,A00185,P0074,REQK0014,USERK0004,2026-01-12 15:03:19,20260112,Interview,Offer,593
E000965,A00298,P0461,REQK0013,USERK0002,2026-01-12 18:48:11,20260112,,Applied,965
E002785,A00844,P0295,REQK0012,USERK0002,2026-01-12 21:45:46,20260112,Offer,Hired,2785
E002269,A00690,P0388,REQK0011,USERK0003,2026-01-12 23:37:30,20260112,Applied,Screen,2269
E000602,A00188,P0330,REQK0022,USERK0004,2026-01-13 03:43:35,20260113,,Applied,602
E000218,A00069,P0325,REQK0017,USERK0003,2026-01-13 07:40:27,20260113,,Applied,218
E001380,A00421,P0114,REQK0017,USERK0001,2026-01-13 10:20:35,20260113,Screen,Rejected,1380
E001379,A00421,P0114,REQK0017,USERK0002,2026-01-13 10:20:35,20260113,Applied,Screen,1379
E002433,A00741,P0150,REQK0013,USERK0003,2026-01-13 15:54:01,20260113,,Applied,2433
E003285,A00994,P0538,REQK0003,USERK0003,2026-01-13 16:46:10,20260113,Interview,Offer,3285
E000680,A00213,P0359,REQK0014,USERK0003,2026-01-13 20:18:56,20260113,,Applied,680
E004135,A01250,P0306,REQK0016,USERK0002,2026-01-13 20:26:08,20260113,Applied,Screen,4135
E004382,A01325,P0129,REQK0017,USERK0002,2026-01-13 22:14:47,20260113,Screen,Withdrawn,4382
E003837,A01165,P0058,REQK0017,USERK0001,2026-01-13 23:19:46,20260113,,Applied,3837
E003756,A01139,P0203,REQK0014,USERK0001,2026-01-14 05:22:16,20260114,Applied,Screen,3756
E001461,A00445,P0334,REQK0017,USERK0004,2026-01-14 10:59:37,20260114,,Applied,1461
E001689,A00517,P0537,REQK0007,USERK0001,2026-01-14 14:19:49,20260114,Interview,Rejected,1689
E004136,A01250,P0306,REQK0016,USERK0001,2026-01-14 23:26:08,20260114,Screen,Withdrawn,4136
E003667,A01111,P0341,REQK0011,USERK0003,2026-01-15 00:59:40,20260115,Applied,Rejected,3667
E003287,A00995,P0114,REQK0006,USERK0001,2026-01-15 04:16:57,20260115,,Applied,3287
E000344,A00109,P0144,REQK0007,USERK0004,2026-01-15 05:43:03,20260115,,Applied,344
E004038,A01220,P0377,REQK0016,USERK0004,2026-01-15 06:14:43,20260115,Interview,Withdrawn,4038
E001506,A00459,P0319,REQK0014,USERK0002,2026-01-15 07:41:35,20260115,Applied,Screen,1506
E003600,A01092,P0018,REQK0018,USERK0001,2026-01-15 09:05:13,20260115,Screen,Rejected,3600
E003599,A01092,P0018,REQK0018,USERK0003,2026-01-15 09:05:13,20260115,Applied,Screen,3599
E001850,A00567,P0433,REQK0016,USERK0002,2026-01-15 10:26:58,20260115,Applied,Rejected,1850
E004695,A01429,P0037,REQK0013,USERK0001,2026-01-15 11:48:33,20260115,,Applied,4695
E000632,A00198,P0179,REQK0006,USERK0002,2026-01-15 13:13:56,20260115,,Applied,632
E002011,A00615,P0429,REQK0022,USERK0001,2026-01-15 16:29:59,20260115,Applied,Screen,2011
E000998,A00308,P0169,REQK0007,USERK0003,2026-01-15 20:08:45,20260115,,Applied,998
E000706,A00220,P0045,REQK0022,USERK0002,2026-01-15 22:50:10,20260115,Screen,Rejected,706
E000531,A00165,P0202,REQK0025,USERK0002,2026-01-16 00:15:48,20260116,Applied,Screen,531
E003919,A01189,P0261,REQK0012,USERK0001,2026-01-16 01:54:45,20260116,,Applied,3919
E003391,A01027,P0444,REQK0016,USERK0003,2026-01-16 01:59:23,20260116,,Applied,3391
E003437,A01042,P0172,REQK0016,USERK0003,2026-01-16 11:49:27,20260116,Applied,Rejected,3437
E002012,A00615,P0429,REQK0022,USERK0002,2026-01-16 20:29:59,20260116,Screen,Withdrawn,2012
E000070,A00024,P0107,REQK0003,USERK0003,2026-01-16 21:35:13,20260116,Applied,Withdrawn,70
E000279,A00087,P0062,REQK0022,USERK0001,2026-01-16 22:01:58,20260116,Applied,Rejected,279
E000793,A00247,P0165,REQK0025,USERK0003,2026-01-16 23:30:42,20260116,Screen,Interview,793
E000059,A00020,P0207,REQK0017,USERK0001,2026-01-17 00:54:50,20260117,,Applied,59
E004058,A01226,P0489,REQK0011,USERK0003,2026-01-17 02:49:37,20260117,Screen,Withdrawn,4058
E001605,A00491,P0010,REQK0012,USERK0003,2026-01-17 03:54:25,20260117,Applied,Withdrawn,1605
E002575,A00783,P0481,REQK0014,USERK0004,2026-01-17 10:01:24,20260117,,Applied,2575
E003505,A01065,P0071,REQK0009,USERK0001,2026-01-17 10:36:56,20260117,Applied,Screen,3505
E003277,A00992,P0437,REQK0017,USERK0001,2026-01-17 11:54:53,20260117,Screen,Withdrawn,3277
E003276,A00992,P0437,REQK0017,USERK0004,2026-01-17 11:54:53,20260117,Applied,Screen,3276
E003941,A01196,P0120,REQK0002,USERK0004,2026-01-17 12:15:34,20260117,Applied,Screen,3941
E000032,A00012,P0293,REQK0011,USERK0003,2026-01-17 13:22:54,20260117,Screen,Rejected,32
E002384,A00726,P0070,REQK0017,USERK0001,2026-01-17 18:04:38,20260117,Applied,Screen,2384
E000387,A00120,P0035,REQK0002,USERK0001,2026-01-17 18:10:27,20260117,Applied,Rejected,387
E003608,A01095,P0541,REQK0009,USERK0003,2026-01-17 18:30:35,20260117,Screen,Interview,3608
E001194,A00367,P0011,REQK0025,USERK0003,2026-01-17 23:14:40,20260117,Screen,Withdrawn,1194
E000681,A00213,P0359,REQK0014,USERK0003,2026-01-18 04:18:56,20260118,Applied,Screen,681
E000672,A00209,P0288,REQK0022,USERK0003,2026-01-18 05:42:19,20260118,Interview,Withdrawn,672
E000671,A00209,P0288,REQK0022,USERK0002,2026-01-18 05:42:19,20260118,Screen,Interview,671
E000450,A00140,P0404,REQK0006,USERK0003,2026-01-18 14:46:23,20260118,,Applied,450
E002127,A00650,P0033,REQK0016,USERK0001,2026-01-18 17:58:47,20260118,,Applied,2127
E003280,A00993,P0403,REQK0025,USERK0001,2026-01-18 18:25:55,20260118,Screen,Interview,3280
E002295,A00701,P0005,REQK0014,USERK0003,2026-01-18 21:12:36,20260118,,Applied,2295
E001591,A00487,P0234,REQK0003,USERK0002,2026-01-18 21:34:31,20260118,Applied,Screen,1591
E002299,A00702,P0137,REQK0006,USERK0002,2026-01-18 23:03:05,20260118,,Applied,2299
E001620,A00496,P0546,REQK0003,USERK0003,2026-01-19 07:08:42,20260119,Screen,Withdrawn,1620
E002620,A00798,P0388,REQK0012,USERK0001,2026-01-19 07:18:14,20260119,Applied,Screen,2620
E000953,A00294,P0422,REQK0018,USERK0002,2026-01-19 13:25:49,20260119,,Applied,953
E003957,A01200,P0269,REQK0016,USERK0002,2026-01-19 17:29:41,20260119,Screen,Rejected,3957
E003956,A01200,P0269,REQK0016,USERK0002,2026-01-19 17:29:41,20260119,Applied,Screen,3956
E004641,A01410,P0298,REQK0017,USERK0001,2026-01-19 18:14:17,20260119,Applied,Rejected,4641
E003866,A01174,P0360,REQK0025,USERK0001,2026-01-19 20:24:16,20260119,,Applied,3866
E000988,A00305,P0489,REQK0012,USERK0003,2026-01-20 00:32:08,20260120,,Applied,988
E004577,A01392,P0357,REQK0011,USERK0003,2026-01-20 01:44:51,20260120,,Applied,4577
E001507,A00459,P0319,REQK0014,USERK0001,2026-01-20 02:41:35,20260120,Screen,Interview,1507
E004670,A01420,P0350,REQK0009,USERK0001,2026-01-20 05:25:56,20260120,,Applied,4670
E003350,A01015,P0202,REQK0006,USERK0003,2026-01-20 08:02:30,20260120,,Applied,3350
E003410,A01033,P0103,REQK0022,USERK0004,2026-01-20 16:19:24,20260120,,Applied,3410
E001593,A00488,P0448,REQK0009,USERK0003,2026-01-20 21:38:11,20260120,,Applied,1593
E004720,A01435,P0367,REQK0012,USERK0004,2026-01-20 22:05:41,20260120,Applied,Screen,4720
E001823,A00559,P0527,REQK0011,USERK0004,2026-01-20 23:12:33,20260120,,Applied,1823
E002270,A00690,P0388,REQK0011,USERK0002,2026-01-20 23:37:30,20260120,Screen,Withdrawn,2270
E001229,A00377,P0088,REQK0006,USERK0003,2026-01-21 01:54:46,20260121,Applied,Screen,1229
E002550,A00776,P0459,REQK0007,USERK0004,2026-01-21 10:14:51,20260121,Screen,Interview,2550
E002235,A00680,P0013,REQK0012,USERK0003,2026-01-21 10:29:08,20260121,Screen,Interview,2235
E002259,A00687,P0343,REQK0009,USERK0004,2026-01-21 22:56:27,20260121,Applied,Screen,2259
E000393,A00122,P0155,REQK0012,USERK0003,2026-01-22 06:28:38,20260122,Applied,Screen,393
E000345,A00109,P0144,REQK0007,USERK0003,2026-01-22 06:43:03,20260122,Applied,Screen,345
E004040,A01221,P0325,REQK0006,USERK0002,2026-01-22 06:54:29,20260122,Applied,Screen,4040
E004069,A01231,P0258,REQK0013,USERK0001,2026-01-22 08:36:24,20260122,,Applied,4069
E000524,A00162,P0018,REQK0003,USERK0004,2026-01-22 09:53:04,20260122,Offer,Hired,524
E004405,A01334,P0018,REQK0016,USERK0004,2026-01-22 10:20:18,20260122,,Applied,4405
E001024,A00315,P0047,REQK0013,USERK0003,2026-01-22 10:54:50,20260122,Applied,Screen,1024
E004578,A01392,P0357,REQK0011,USERK0002,2026-01-22 16:44:51,20260122,Applied,Screen,4578
E003467,A01052,P0080,REQK0017,USERK0001,2026-01-22 16:47:46,20260122,Applied,Screen,3467
E002385,A00726,P0070,REQK0017,USERK0003,2026-01-22 20:04:38,20260122,Screen,Withdrawn,2385
E002260,A00687,P0343,REQK0009,USERK0003,2026-01-22 23:56:27,20260122,Screen,Withdrawn,2260
E003757,A01139,P0203,REQK0014,USERK0001,2026-01-23 01:22:16,20260123,Screen,Interview,3757
E002564,A00779,P0179,REQK0003,USERK0003,2026-01-23 01:23:10,20260123,Interview,Offer,2564
E004296,A01299,P0066,REQK0022,USERK0002,2026-01-23 01:24:04,20260123,Offer,Hired,4296
E004065,A01229,P0197,REQK0025,USERK0003,2026-01-23 04:41:36,20260123,Applied,Withdrawn,4065
E004566,A01388,P0067,REQK0006,USERK0004,2026-01-23 09:00:53,20260123,Applied,Screen,4566
E004610,A01402,P0350,REQK0002,USERK0004,2026-01-23 14:07:30,20260123,Applied,Screen,4610
E003454,A01047,P0036,REQK0009,USERK0002,2026-01-23 15:57:42,20260123,,Applied,3454
E002608,A00793,P0389,REQK0025,USERK0004,2026-01-23 17:28:32,20260123,Offer,Hired,2608
E000060,A00020,P0207,REQK0017,USERK0002,2026-01-24 00:54:50,20260124,Applied,Withdrawn,60
E003867,A01174,P0360,REQK0025,USERK0001,2026-01-24 02:24:16,20260124,Applied,Screen,3867
E003979,A01207,P0085,REQK0003,USERK0002,2026-01-24 03:02:44,20260124,,Applied,3979
E003288,A00995,P0114,REQK0006,USERK0002,2026-01-24 06:16:57,20260124,Applied,Withdrawn,3288
E002318,A00708,P0121,REQK0016,USERK0002,2026-01-24 08:19:13,20260124,Applied,Screen,2318
E004700,A01430,P0223,REQK0016,USERK0001,2026-01-24 09:41:26,20260124,,Applied,4700
E002312,A00706,P0458,REQK0007,USERK0001,2026-01-24 11:00:37,20260124,,Applied,2312
E001571,A00482,P0301,REQK0015,USERK0003,2026-01-24 13:00:15,20260124,,Applied,1571
E002374,A00723,P0498,REQK0012,USERK0003,2026-01-24 14:15:32,20260124,Screen,Interview,2374
E003920,A01189,P0261,REQK0012,USERK0003,2026-01-24 15:54:45,20260124,Applied,Rejected,3920
E001508,A00459,P0319,REQK0014,USERK0003,2026-01-24 18:41:35,20260124,Interview,Withdrawn,1508
E003351,A01015,P0202,REQK0006,USERK0001,2026-01-24 19:02:30,20260124,Applied,Screen,3351
E000536,A00166,P0106,REQK0018,USERK0001,2026-01-24 22:22:24,20260124,Interview,Offer,536
E000999,A00308,P0169,REQK0007,USERK0003,2026-01-25 00:08:45,20260125,Applied,Screen,999
E000538,A00167,P0001,REQK0006,USERK0002,2026-01-25 01:06:16,20260125,,Applied,538
E000532,A00165,P0202,REQK0025,USERK0003,2026-01-25 04:15:48,20260125,Screen,Withdrawn,532
E004041,A01221,P0325,REQK0006,USERK0003,2026-01-25 08:54:29,20260125,Screen,Rejected,4041
E000232,A00073,P0415,REQK0015,USERK0003,2026-01-25 11:10:20,20260125,,Applied,232
E001433,A00437,P0212,REQK0011,USERK0004,2026-01-25 16:42:40,20260125,,Applied,1433
E001205,A00370,P0358,REQK0015,USERK0004,2026-01-25 19:53:23,20260125,,Applied,1205
E000691,A00216,P0365,REQK0003,USERK0004,2026-01-25 22:38:33,20260125,,Applied,691
E004367,A01321,P0289,REQK0006,USERK0003,2026-01-26 10:32:56,20260126,Screen,Interview,4367
E000132,A00044,P0362,REQK0006,USERK0004,2026-01-26 13:12:54,20260126,,Applied,132
E001441,A00438,P0174,REQK0022,USERK0003,2026-01-26 13:41:26,20260126,Interview,Offer,1441
E000219,A00069,P0325,REQK0017,USERK0002,2026-01-26 14:40:27,20260126,Applied,Screen,219
E000896,A00276,P0524,REQK0002,USERK0002,2026-01-26 17:30:54,20260126,Offer,Hired,896
E004390,A01329,P0240,REQK0006,USERK0001,2026-01-27 08:37:57,20260127,,Applied,4390
E003506,A01065,P0071,REQK0009,USERK0004,2026-01-27 11:36:56,20260127,Screen,Interview,3506
E003392,A01027,P0444,REQK0016,USERK0001,2026-01-27 11:59:23,20260127,Applied,Withdrawn,3392
E003790,A01150,P0086,REQK0016,USERK0001,2026-01-27 13:04:21,20260127,Applied,Screen,3790
E000954,A00294,P0422,REQK0018,USERK0003,2026-01-27 13:25:49,20260127,Applied,Screen,954
E001739,A00535,P0402,REQK0012,USERK0002,2026-01-27 14:24:59,20260127,,Applied,1739
E002128,A00650,P0033,REQK0016,USERK0004,2026-01-27 17:58:47,20260127,Applied,Screen,2128
E001195,A00368,P0168,REQK0018,USERK0002,2026-01-27 20:22:19,20260127,,Applied,1195
E000603,A00188,P0330,REQK0022,USERK0001,2026-01-27 21:43:35,20260127,Applied,Withdrawn,603
E002435,A00741,P0150,REQK0013,USERK0004,2026-01-28 01:54:01,20260128,Screen,Withdrawn,2435
E002434,A00741,P0150,REQK0013,USERK0001,2026-01-28 01:54:01,20260128,Applied,Screen,2434
E000021,A00009,P0152,REQK0018,USERK0004,2026-01-28 02:03:53,20260128,,Applied,21
E003281,A00993,P0403,REQK0025,USERK0003,2026-01-28 08:25:55,20260128,Interview,Offer,3281
E001230,A00377,P0088,REQK0006,USERK0004,2026-01-28 14:54:46,20260128,Screen,Interview,1230
E000120,A00040,P0442,REQK0011,USERK0003,2026-01-28 16:40:37,20260128,,Applied,120
E003502,A01064,P0223,REQK0013,USERK0004,2026-01-28 16:53:58,20260128,,Applied,3502
E001791,A00549,P0205,REQK0017,USERK0003,2026-01-28 23:12:06,20260128,Offer,Hired,1791
E004460,A01353,P0539,REQK0015,USERK0001,2026-01-29 02:47:27,20260129,,Applied,4460
E003980,A01207,P0085,REQK0003,USERK0004,2026-01-29 03:02:44,20260129,Applied,Screen,3980
E001592,A00487,P0234,REQK0003,USERK0004,2026-01-29 03:34:31,20260129,Screen,Rejected,1592
E000989,A00305,P0489,REQK0012,USERK0001,2026-01-29 04:32:08,20260129,Applied,Screen,989
E001345,A00411,P0039,REQK0007,USERK0004,2026-01-29 07:30:27,20260129,,Applied,1345
E004525,A01375,P0431,REQK0015,USERK0001,2026-01-29 07:33:50,20260129,,Applied,4525
E004078,A01233,P0515,REQK0022,USERK0003,2026-01-29 14:37:57,20260129,,Applied,4078
E004701,A01430,P0223,REQK0016,USERK0004,2026-01-29 16:41:26,20260129,Applied,Screen,4701
E002313,A00706,P0458,REQK0007,USERK0001,2026-01-29 19:00:37,20260129,Applied,Screen,2313
E000065,A00022,P0411,REQK0016,USERK0002,2026-01-29 19:54:42,20260129,,Applied,65
E003791,A01150,P0086,REQK0016,USERK0002,2026-01-30 08:04:21,20260130,Screen,Rejected,3791
E002375,A00723,P0498,REQK0012,USERK0003,2026-01-30 08:15:32,20260130,Interview,Offer,2375
E004308,A01303,P0527,REQK0017,USERK0002,2026-01-30 12:31:00,20260130,,Applied,4308
E000537,A00166,P0106,REQK0018,USERK0003,2026-01-30 14:22:24,20260130,Offer,Withdrawn,537
E000556,A00173,P0293,REQK0006,USERK0003,2026-01-30 17:17:40,20260130,,Applied,556
E004696,A01429,P0037,REQK0013,USERK0002,2026-01-30 22:48:33,20260130,Applied,Screen,4696
E003480,A01057,P0544,REQK0009,USERK0001,2026-01-31 01:17:55,20260131,,Applied,3480
E002314,A00706,P0458,REQK0007,USERK0001,2026-01-31 06:00:37,20260131,Screen,Withdrawn,2314
E002300,A00702,P0137,REQK0006,USERK0003,2026-01-31 07:03:05,20260131,Applied,Rejected,2300
E003338,A01011,P0262,REQK0015,USERK0001,2026-01-31 07:30:45,20260131,,Applied,3338
E000966,A00298,P0461,REQK0013,USERK0004,2026-01-31 09:48:11,20260131,Applied,Screen,966
E004579,A01392,P0357,REQK0011,USERK0004,2026-01-31 11:44:51,20260131,Screen,Withdrawn,4579
E001207,A00370,P0358,REQK0015,USERK0004,2026-01-31 12:53:23,20260131,Screen,Withdrawn,1207
E001206,A00370,P0358,REQK0015,USERK0003,2026-01-31 12:53:23,20260131,Applied,Screen,1206
E002376,A00723,P0498,REQK0012,USERK0004,2026-01-31 19:15:32,20260131,Offer,Rejected,2376
E000088,A00029,P0380,REQK0014,USERK0001,2026-01-31 21:41:26,20260131,Offer,Hired,88
E002063,A00631,P0399,REQK0016,USERK0001,2026-01-31 23:45:55,20260131,,Applied,2063
E001895,A00580,P0002,REQK0011,USERK0004,2026-02-01 01:53:33,20260201,,Applied,1895
E003659,A01108,P0052,REQK0006,USERK0001,2026-02-01 12:07:43,20260201,,Applied,3659
E003652,A01106,P0082,REQK0022,USERK0004,2026-02-01 15:12:54,20260201,Screen,Interview,3652
E001931,A00592,P0009,REQK0012,USERK0004,2026-02-01 17:28:10,20260201,,Applied,1931
E000915,A00282,P0039,REQK0016,USERK0002,2026-02-01 19:24:42,20260201,,Applied,915
E002703,A00822,P0362,REQK0012,USERK0002,2026-02-01 23:42:23,20260201,,Applied,2703
E000022,A00009,P0152,REQK0018,USERK0002,2026-02-02 03:03:53,20260202,Applied,Screen,22
E002551,A00776,P0459,REQK0007,USERK0001,2026-02-02 04:14:51,20260202,Interview,Offer,2551
E000557,A00173,P0293,REQK0006,USERK0002,2026-02-02 09:17:40,20260202,Applied,Rejected,557
E003838,A01165,P0058,REQK0017,USERK0003,2026-02-02 09:19:46,20260202,Applied,Screen,3838
E000061,A00021,P0002,REQK0002,USERK0001,2026-02-02 09:31:43,20260202,,Applied,61
E000346,A00109,P0144,REQK0007,USERK0004,2026-02-02 09:43:03,20260202,Screen,Withdrawn,346
E003736,A01134,P0432,REQK0017,USERK0004,2026-02-02 11:50:19,20260202,,Applied,3736
E001196,A00368,P0168,REQK0018,USERK0001,2026-02-02 13:22:19,20260202,Applied,Screen,1196
E000990,A00305,P0489,REQK0012,USERK0002,2026-02-02 13:32:08,20260202,Screen,Withdrawn,990
E004399,A01332,P0434,REQK0009,USERK0003,2026-02-02 14:05:44,20260202,,Applied,4399
E003868,A01174,P0360,REQK0025,USERK0002,2026-02-02 16:24:16,20260202,Screen,Interview,3868
E004391,A01329,P0240,REQK0006,USERK0001,2026-02-02 20:37:57,20260202,Applied,Withdrawn,4391
E000133,A00044,P0362,REQK0006,USERK0001,2026-02-02 22:12:54,20260202,Applied,Withdrawn,133
E004309,A01303,P0527,REQK0017,USERK0003,2026-02-02 23:31:00,20260202,Applied,Screen,4309
E001714,A00526,P0515,REQK0012,USERK0002,2026-02-03 04:04:33,20260203,,Applied,1714
E002296,A00701,P0005,REQK0014,USERK0004,2026-02-03 04:12:36,20260203,Applied,Screen,2296
E004461,A01353,P0539,REQK0015,USERK0003,2026-02-03 06:47:27,20260203,Applied,Withdrawn,4461
E004671,A01420,P0350,REQK0009,USERK0003,2026-02-03 10:25:56,20260203,Applied,Screen,4671
E003758,A01139,P0203,REQK0014,USERK0002,2026-02-03 12:22:16,20260203,Interview,Rejected,3758
E000130,A00043,P0404,REQK0018,USERK0004,2026-02-03 15:11:37,20260203,,Applied,130
E004520,A01373,P0505,REQK0017,USERK0002,2026-02-03 15:32:22,20260203,,Applied,4520
E003468,A01052,P0080,REQK0017,USERK0002,2026-02-03 16:47:46,20260203,Screen,Rejected,3468
E003712,A01125,P0108,REQK0022,USERK0002,2026-02-04 01:08:56,20260204,,Applied,3712
E000473,A00146,P0331,REQK0003,USERK0002,2026-02-04 01:50:39,20260204,,Applied,473
E000066,A00022,P0411,REQK0016,USERK0002,2026-02-04 01:54:42,20260204,Applied,Rejected,66
E001462,A00445,P0334,REQK0017,USERK0003,2026-02-04 03:59:37,20260204,Applied,Screen,1462
E003318,A01005,P0513,REQK0012,USERK0003,2026-02-04 04:21:37,20260204,,Applied,3318
E003970,A01204,P0255,REQK0022,USERK0002,2026-02-04 05:24:07,20260204,,Applied,3970
E000121,A00040,P0442,REQK0011,USERK0002,2026-02-04 07:40:37,20260204,Applied,Withdrawn,121
E002129,A00650,P0033,REQK0016,USERK0001,2026-02-04 10:58:47,20260204,Screen,Interview,2129
E000881,A00273,P0488,REQK0017,USERK0002,2026-02-04 12:19:00,20260204,,Applied,881
E001740,A00535,P0402,REQK0012,USERK0002,2026-02-04 18:24:59,20260204,Applied,Screen,1740
E003610,A01095,P0541,REQK0009,USERK0004,2026-02-05 01:30:35,20260205,Offer,Hired,3610
E003609,A01095,P0541,REQK0009,USERK0003,2026-02-05 01:30:35,20260205,Interview,Offer,3609
E000633,A00198,P0179,REQK0006,USERK0003,2026-02-05 04:13:56,20260205,Applied,Screen,633
E004756,A01446,P0141,REQK0025,USERK0001,2026-02-05 05:50:08,20260205,,Applied,4756
E000451,A00140,P0404,REQK0006,USERK0002,2026-02-05 06:46:23,20260205,Applied,Screen,451
E001346,A00411,P0039,REQK0007,USERK0002,2026-02-05 07:30:27,20260205,Applied,Screen,1346
E002933,A00889,P0266,REQK0006,USERK0003,2026-02-05 08:35:47,20260205,,Applied,2933
E003455,A01047,P0036,REQK0009,USERK0004,2026-02-05 11:57:42,20260205,Applied,Rejected,3455
E004680,A01424,P0263,REQK0002,USERK0003,2026-02-05 12:17:53,20260205,,Applied,4680
E001715,A00526,P0515,REQK0012,USERK0002,2026-02-05 13:04:33,20260205,Applied,Withdrawn,1715
E001197,A00368,P0168,REQK0018,USERK0001,2026-02-05 13:22:19,20260205,Screen,Interview,1197
E002576,A00783,P0481,REQK0014,USERK0004,2026-02-05 17:01:24,20260205,Applied,Screen,2576
E001813,A00557,P0490,REQK0018,USERK0003,2026-02-05 17:21:13,20260205,,Applied,1813
E001896,A00580,P0002,REQK0011,USERK0002,2026-02-05 20:53:33,20260205,Applied,Withdrawn,1896
E000682,A00213,P0359,REQK0014,USERK0003,2026-02-05 21:18:56,20260205,Screen,Interview,682
E002819,A00855,P0392,REQK0006,USERK0002,2026-02-06 00:31:09,20260206,,Applied,2819
E004642,A01411,P0389,REQK0012,USERK0002,2026-02-06 04:50:26,20260206,,Applied,4642
E004567,A01388,P0067,REQK0006,USERK0003,2026-02-06 16:00:53,20260206,Screen,Withdrawn,4567
E002064,A00631,P0399,REQK0016,USERK0002,2026-02-06 16:45:55,20260206,Applied,Withdrawn,2064
E001572,A00482,P0301,REQK0015,USERK0001,2026-02-06 20:00:15,20260206,Applied,Rejected,1572
E000233,A00073,P0415,REQK0015,USERK0002,2026-02-06 20:10:20,20260206,Applied,Screen,233
E003339,A01011,P0262,REQK0015,USERK0001,2026-02-06 21:30:45,20260206,Applied,Withdrawn,3339
E001434,A00437,P0212,REQK0011,USERK0001,2026-02-06 23:42:40,20260206,Applied,Screen,1434
E003481,A01057,P0544,REQK0009,USERK0001,2026-02-07 07:17:55,20260207,Applied,Screen,3481
E000539,A00167,P0001,REQK0006,USERK0002,2026-02-07 08:06:16,20260207,Applied,Screen,539
E000394,A00122,P0155,REQK0012,USERK0002,2026-02-07 08:28:38,20260207,Screen,Interview,394
E003869,A01174,P0360,REQK0025,USERK0002,2026-02-07 09:24:16,20260207,Interview,Offer,3869
E004526,A01375,P0431,REQK0015,USERK0004,2026-02-07 09:33:50,20260207,Applied,Screen,4526
E001824,A00559,P0527,REQK0011,USERK0004,2026-02-07 11:12:33,20260207,Applied,Screen,1824
E002622,A00798,P0388,REQK0012,USERK0003,2026-02-07 16:18:14,20260207,Interview,Rejected,2622
E002621,A00798,P0388,REQK0012,USERK0003,2026-02-07 16:18:14,20260207,Screen,Interview,2621
E003411,A01033,P0103,REQK0022,USERK0002,2026-02-07 17:19:24,20260207,Applied,Screen,3411
E003737,A01134,P0432,REQK0017,USERK0002,2026-02-07 17:50:19,20260207,Applied,Screen,3737
E000794,A00247,P0165,REQK0025,USERK0003,2026-02-07 19:30:42,20260207,Interview,Offer,794
E000452,A00140,P0404,REQK0006,USERK0001,2026-02-07 19:46:23,20260207,Screen,Interview,452
E003942,A01196,P0120,REQK0002,USERK0004,2026-02-08 02:15:34,20260208,Screen,Interview,3942
E000692,A00216,P0365,REQK0003,USERK0003,2026-02-08 04:38:33,20260208,Applied,Screen,692
E004697,A01429,P0037,REQK0013,USERK0003,2026-02-08 04:48:33,20260208,Screen,Interview,4697
E001256,A00385,P0293,REQK0002,USERK0001,2026-02-08 05:33:50,20260208,,Applied,1256
E003993,A01210,P0124,REQK0003,USERK0002,2026-02-08 10:28:03,20260208,,Applied,3993
E004125,A01248,P0319,REQK0007,USERK0003,2026-02-08 14:06:25,20260208,,Applied,4125
E004368,A01321,P0289,REQK0006,USERK0003,2026-02-08 17:32:56,20260208,Interview,Offer,4368
E003493,A01061,P0060,REQK0025,USERK0003,2026-02-08 23:02:19,20260208,,Applied,3493
E004672,A01420,P0350,REQK0009,USERK0004,2026-02-09 01:25:56,20260209,Screen,Withdrawn,4672
E002236,A00680,P0013,REQK0012,USERK0003,2026-02-09 01:29:08,20260209,Interview,Offer,2236
E003503,A01064,P0223,REQK0013,USERK0001,2026-02-09 04:53:58,20260209,Applied,Withdrawn,3503
E001025,A00315,P0047,REQK0013,USERK0001,2026-02-09 04:54:50,20260209,Screen,Interview,1025
E004611,A01402,P0350,REQK0002,USERK0001,2026-02-09 05:07:30,20260209,Screen,Interview,4611
E001669,A00511,P0443,REQK0012,USERK0002,2026-02-09 06:21:38,20260209,Offer,Hired,1669
E003745,A01136,P0072,REQK0007,USERK0002,2026-02-09 08:38:25,20260209,,Applied,3745
E000062,A00021,P0002,REQK0002,USERK0003,2026-02-09 09:31:43,20260209,Applied,Screen,62
E001594,A00488,P0448,REQK0009,USERK0002,2026-02-09 09:38:11,20260209,Applied,Screen,1594
E004206,A01271,P0517,REQK0018,USERK0001,2026-02-09 10:18:31,20260209,,Applied,4206
E002934,A00889,P0266,REQK0006,USERK0001,2026-02-09 10:35:47,20260209,Applied,Rejected,2934
E004702,A01430,P0223,REQK0016,USERK0003,2026-02-09 11:41:26,20260209,Screen,Interview,4702
E004644,A01411,P0389,REQK0012,USERK0002,2026-02-09 16:50:26,20260209,Screen,Rejected,4644
E004643,A01411,P0389,REQK0012,USERK0003,2026-02-09 16:50:26,20260209,Applied,Screen,4643
E004406,A01334,P0018,REQK0016,USERK0004,2026-02-09 20:20:18,20260209,Applied,Screen,4406
E000779,A00244,P0346,REQK0022,USERK0002,2026-02-10 01:18:17,20260210,,Applied,779
E001376,A00420,P0349,REQK0018,USERK0001,2026-02-10 07:51:24,20260210,,Applied,1376
E000023,A00009,P0152,REQK0018,USERK0002,2026-02-10 08:03:53,20260210,Screen,Interview,23
E004721,A01435,P0367,REQK0012,USERK0003,2026-02-10 10:05:41,20260210,Screen,Interview,4721
E000650,A00203,P0232,REQK0013,USERK0003,2026-02-10 11:15:03,20260210,,Applied,650
E001071,A00330,P0100,REQK0002,USERK0004,2026-02-10 13:08:31,20260210,,Applied,1071
E003243,A00982,P0411,REQK0011,USERK0001,2026-02-10 14:10:09,20260210,,Applied,3243
E003507,A01065,P0071,REQK0009,USERK0003,2026-02-10 16:36:56,20260210,Interview,Offer,3507
E004079,A01233,P0515,REQK0022,USERK0004,2026-02-10 16:37:57,20260210,Applied,Screen,4079
E002319,A00708,P0121,REQK0016,USERK0004,2026-02-10 21:19:13,20260210,Screen,Interview,2319
E001463,A00445,P0334,REQK0017,USERK0003,2026-02-10 22:59:37,20260210,Screen,Rejected,1463
E000955,A00294,P0422,REQK0018,USERK0004,2026-02-11 01:25:49,20260211,Screen,Withdrawn,955
E004310,A01303,P0527,REQK0017,USERK0001,2026-02-11 01:31:00,20260211,Screen,Interview,4310
E003189,A00967,P0496,REQK0015,USERK0004,2026-02-11 02:05:01,20260211,,Applied,3189
E002297,A00701,P0005,REQK0014,USERK0004,2026-02-11 04:12:36,20260211,Screen,Interview,2297
E003352,A01015,P0202,REQK0006,USERK0004,2026-02-11 05:02:30,20260211,Screen,Interview,3352
E000673,A00210,P0170,REQK0011,USERK0001,2026-02-11 05:52:47,20260211,,Applied,673
E000188,A00061,P0354,REQK0017,USERK0002,2026-02-11 07:39:00,20260211,,Applied,188
E003952,A01199,P0319,REQK0017,USERK0004,2026-02-11 09:32:10,20260211,,Applied,3952
E003738,A01134,P0432,REQK0017,USERK0004,2026-02-11 12:50:19,20260211,Screen,Interview,3738
E002130,A00650,P0033,REQK0016,USERK0002,2026-02-11 19:58:47,20260211,Interview,Offer,2130
E004518,A01372,P0028,REQK0006,USERK0001,2026-02-11 22:26:52,20260211,,Applied,4518
E003244,A00982,P0411,REQK0011,USERK0001,2026-02-11 23:10:09,20260211,Applied,Rejected,3244
E004400,A01332,P0434,REQK0009,USERK0001,2026-02-12 05:05:44,20260212,Applied,Rejected,4400
E003713,A01125,P0108,REQK0022,USERK0003,2026-02-12 08:08:56,20260212,Applied,Rejected,3713
E000634,A00198,P0179,REQK0006,USERK0002,2026-02-12 08:13:56,20260212,Screen,Withdrawn,634
E000162,A00054,P0208,REQK0002,USERK0001,2026-02-12 11:45:03,20260212,,Applied,162
E001377,A00420,P0349,REQK0018,USERK0003,2026-02-12 16:51:24,20260212,Applied,Rejected,1377
E002309,A00705,P0440,REQK0013,USERK0004,2026-02-12 19:32:19,20260212,,Applied,2309
E000185,A00060,P0033,REQK0013,USERK0001,2026-02-12 20:26:44,20260212,,Applied,185
E004070,A01231,P0258,REQK0013,USERK0002,2026-02-12 20:36:24,20260212,Applied,Screen,4070
E001814,A00557,P0490,REQK0018,USERK0002,2026-02-12 21:21:13,20260212,Applied,Screen,1814
E004555,A01385,P0252,REQK0013,USERK0003,2026-02-13 03:59:44,20260213,,Applied,4555
E003273,A00991,P0125,REQK0017,USERK0004,2026-02-13 04:32:40,20260213,,Applied,3273
E004311,A01303,P0527,REQK0017,USERK0002,2026-02-13 07:31:00,20260213,Interview,Offer,4311
E001231,A00377,P0088,REQK0006,USERK0004,2026-02-13 07:54:46,20260213,Interview,Offer,1231
E001171,A00360,P0356,REQK0013,USERK0004,2026-02-13 16:36:05,20260213,,Applied,1171
E003660,A01108,P0052,REQK0006,USERK0001,2026-02-13 18:07:43,20260213,Applied,Screen,3660
E003839,A01165,P0058,REQK0017,USERK0001,2026-02-14 03:19:46,20260214,Screen,Withdrawn,3839
E002577,A00783,P0481,REQK0014,USERK0001,2026-02-14 05:01:24,20260214,Screen,Interview,2577
E003319,A01005,P0513,REQK0012,USERK0001,2026-02-14 05:21:37,20260214,Applied,Screen,3319
E004612,A01402,P0350,REQK0002,USERK0004,2026-02-14 07:07:30,20260214,Interview,Offer,4612
E003482,A01057,P0544,REQK0009,USERK0004,2026-02-14 07:17:55,20260214,Screen,Rejected,3482
E004325,A01308,P0023,REQK0006,USERK0004,2026-02-14 08:09:08,20260214,,Applied,4325
E001000,A00308,P0169,REQK0007,USERK0001,2026-02-14 17:08:45,20260214,Screen,Interview,1000
E003953,A01199,P0319,REQK0017,USERK0002,2026-02-14 18:32:10,20260214,Applied,Screen,3953
E000540,A00167,P0001,REQK0006,USERK0003,2026-02-14 19:06:16,20260214,Screen,Withdrawn,540
E002623,A00799,P0259,REQK0014,USERK0003,2026-02-15 05:16:56,20260215,,Applied,2623
E004521,A01373,P0505,REQK0017,USERK0003,2026-02-15 08:32:22,20260215,Applied,Withdrawn,4521
E003870,A01174,P0360,REQK0025,USERK0003,2026-02-15 12:24:16,20260215,Offer,Rejected,3870
E000163,A00054,P0208,REQK0002,USERK0001,2026-02-15 13:45:03,20260215,Applied,Screen,163
E004703,A01430,P0223,REQK0016,USERK0004,2026-02-15 14:41:26,20260215,Interview,Offer,4703
E003486,A01059,P0057,REQK0025,USERK0001,2026-02-15 14:50:11,20260215,,Applied,3486
E000220,A00069,P0325,REQK0017,USERK0001,2026-02-15 15:40:27,20260215,Screen,Interview,220
E002820,A00855,P0392,REQK0006,USERK0004,2026-02-15 16:31:09,20260215,Applied,Screen,2820
E000693,A00216,P0365,REQK0003,USERK0001,2026-02-15 18:38:33,20260215,Screen,Withdrawn,693
E001232,A00377,P0088,REQK0006,USERK0001,2026-02-15 18:54:46,20260215,Offer,Rejected,1232
E003471,A01054,P0141,REQK0015,USERK0001,2026-02-15 21:12:39,20260215,,Applied,3471
E003981,A01207,P0085,REQK0003,USERK0004,2026-02-16 06:02:44,20260216,Screen,Interview,3981
E002704,A00822,P0362,REQK0012,USERK0002,2026-02-16 06:42:23,20260216,Applied,Screen,2704
E003353,A01015,P0202,REQK0006,USERK0001,2026-02-16 07:02:30,20260216,Interview,Offer,3353
E000131,A00043,P0404,REQK0018,USERK0003,2026-02-16 10:11:37,20260216,Applied,Withdrawn,131
E000967,A00298,P0461,REQK0013,USERK0004,2026-02-16 11:48:11,20260216,Screen,Interview,967
E002298,A00701,P0005,REQK0014,USERK0003,2026-02-16 17:12:36,20260216,Interview,Withdrawn,2298
E001299,A00398,P0060,REQK0014,USERK0002,2026-02-16 22:25:27,20260216,,Applied,1299
E001001,A00308,P0169,REQK0007,USERK0002,2026-02-17 01:08:45,20260217,Interview,Offer,1001
E003166,A00961,P0413,REQK0002,USERK0002,2026-02-17 07:35:37,20260217,,Applied,3166
E000474,A00146,P0331,REQK0003,USERK0003,2026-02-17 10:50:39,20260217,Applied,Screen,474
E001157,A00355,P0152,REQK0007,USERK0003,2026-02-17 15:27:08,20260217,,Applied,1157
E000683,A00213,P0359,REQK0014,USERK0004,2026-02-17 17:18:56,20260217,Interview,Offer,683
E003412,A01033,P0103,REQK0022,USERK0001,2026-02-17 19:19:24,20260217,Screen,Interview,3412
E003661,A01108,P0052,REQK0006,USERK0002,2026-02-17 23:07:43,20260217,Screen,Withdrawn,3661
E000786,A00246,P0280,REQK0007,USERK0003,2026-02-18 07:29:42,20260218,,Applied,786
E001297,A00397,P0208,REQK0006,USERK0004,2026-02-18 09:19:13,20260218,,Applied,1297
E000807,A00252,P0482,REQK0022,USERK0001,2026-02-18 11:43:10,20260218,,Applied,807
E001034,A00319,P0198,REQK0015,USERK0003,2026-02-18 14:17:52,20260218,,Applied,1034
E003850,A01169,P0339,REQK0018,USERK0003,2026-02-18 17:48:40,20260218,,Applied,3850
E003508,A01065,P0071,REQK0009,USERK0002,2026-02-18 19:36:56,20260218,Offer,Rejected,3508
E003804,A01155,P0372,REQK0012,USERK0003,2026-02-18 21:20:38,20260218,,Applied,3804
E000221,A00069,P0325,REQK0017,USERK0003,2026-02-18 21:40:27,20260218,Interview,Withdrawn,221
E000475,A00146,P0331,REQK0003,USERK0004,2026-02-18 21:50:39,20260218,Screen,Withdrawn,475
E000234,A00073,P0415,REQK0015,USERK0002,2026-02-18 23:10:20,20260218,Screen,Interview,234
E002500,A00760,P0406,REQK0016,USERK0002,2026-02-19 04:59:35,20260219,,Applied,2500
E000453,A00140,P0404,REQK0006,USERK0002,2026-02-19 05:46:23,20260219,Interview,Offer,453
E000882,A00273,P0488,REQK0017,USERK0003,2026-02-19 06:19:00,20260219,Applied,Withdrawn,882
E000594,A00185,P0074,REQK0014,USERK0004,2026-02-19 07:03:19,20260219,Offer,Hired,594
E003654,A01106,P0082,REQK0022,USERK0004,2026-02-19 08:12:54,20260219,Offer,Rejected,3654
E003653,A01106,P0082,REQK0022,USERK0001,2026-02-19 08:12:54,20260219,Interview,Offer,3653
E004527,A01375,P0431,REQK0015,USERK0001,2026-02-19 09:33:50,20260219,Screen,Rejected,4527
E000024,A00009,P0152,REQK0018,USERK0004,2026-02-19 13:03:53,20260219,Interview,Offer,24
E003286,A00994,P0538,REQK0003,USERK0003,2026-02-19 16:46:10,20260219,Offer,Hired,3286
E004698,A01429,P0037,REQK0013,USERK0002,2026-02-19 16:48:33,20260219,Interview,Offer,4698
E003825,A01161,P0486,REQK0022,USERK0002,2026-02-19 17:12:19,20260219,,Applied,3825
E003550,A01079,P0177,REQK0014,USERK0003,2026-02-19 19:34:35,20260219,,Applied,3550
E000186,A00060,P0033,REQK0013,USERK0004,2026-02-19 22:26:44,20260219,Applied,Screen,186
E004556,A01385,P0252,REQK0013,USERK0003,2026-02-19 22:59:44,20260219,Applied,Screen,4556
E004681,A01424,P0263,REQK0002,USERK0002,2026-02-19 23:17:53,20260219,Applied,Screen,4681
E003270,A00990,P0365,REQK0025,USERK0004,2026-02-19 23:20:34,20260219,,Applied,3270
E001741,A00535,P0402,REQK0012,USERK0001,2026-02-19 23:24:59,20260219,Screen,Interview,1741
E004126,A01248,P0319,REQK0007,USERK0004,2026-02-20 02:06:25,20260220,Applied,Screen,4126
E004320,A01307,P0241,REQK0009,USERK0003,2026-02-20 04:19:31,20260220,,Applied,4320
E004462,A01354,P0386,REQK0022,USERK0001,2026-02-20 10:03:06,20260220,,Applied,4462
E002237,A00680,P0013,REQK0012,USERK0002,2026-02-20 11:29:08,20260220,Offer,Rejected,2237
E000787,A00246,P0280,REQK0007,USERK0001,2026-02-20 18:29:42,20260220,Applied,Screen,787
E000063,A00021,P0002,REQK0002,USERK0002,2026-02-20 19:31:43,20260220,Screen,Interview,63
E004401,A01333,P0419,REQK0016,USERK0004,2026-02-20 20:28:58,20260220,,Applied,4401
E001762,A00541,P0186,REQK0014,USERK0002,2026-02-21 00:25:38,20260221,,Applied,1762
E000916,A00282,P0039,REQK0016,USERK0001,2026-02-21 03:24:42,20260221,Applied,Screen,916
E001825,A00559,P0527,REQK0011,USERK0001,2026-02-21 07:12:33,20260221,Screen,Withdrawn,1825
E000674,A00210,P0170,REQK0011,USERK0003,2026-02-21 08:52:47,20260221,Applied,Withdrawn,674
E004519,A01372,P0028,REQK0006,USERK0002,2026-02-21 12:26:52,20260221,Applied,Rejected,4519
E000662,A00207,P0535,REQK0025,USERK0002,2026-02-21 14:07:39,20260221,,Applied,662
E001435,A00437,P0212,REQK0011,USERK0004,2026-02-21 18:42:40,20260221,Screen,Interview,1435
E000780,A00244,P0346,REQK0022,USERK0003,2026-02-21 20:18:17,20260221,Applied,Withdrawn,780
E004275,A01292,P0151,REQK0003,USERK0004,2026-02-21 21:19:21,20260221,,Applied,4275
E004407,A01334,P0018,REQK0016,USERK0004,2026-02-21 22:20:18,20260221,Screen,Interview,4407
E003739,A01134,P0432,REQK0017,USERK0003,2026-02-21 22:50:19,20260221,Interview,Offer,3739
E001595,A00488,P0448,REQK0009,USERK0002,2026-02-22 01:38:11,20260222,Screen,Interview,1595
E004757,A01446,P0141,REQK0025,USERK0002,2026-02-22 01:50:08,20260222,Applied,Screen,4757
E000395,A00122,P0155,REQK0012,USERK0001,2026-02-22 02:28:38,20260222,Interview,Offer,395
E003746,A01136,P0072,REQK0007,USERK0002,2026-02-22 02:38:25,20260222,Applied,Screen,3746
E004723,A01435,P0367,REQK0012,USERK0004,2026-02-22 06:05:41,20260222,Offer,Hired,4723
E004722,A01435,P0367,REQK0012,USERK0004,2026-02-22 06:05:41,20260222,Interview,Offer,4722
E003851,A01169,P0339,REQK0018,USERK0002,2026-02-22 08:48:40,20260222,Applied,Screen,3851
E001573,A00483,P0156,REQK0013,USERK0002,2026-02-22 16:09:20,20260222,,Applied,1573
E002565,A00779,P0179,REQK0003,USERK0004,2026-02-22 18:23:10,20260222,Offer,Hired,2565
E002552,A00776,P0459,REQK0007,USERK0002,2026-02-22 19:14:51,20260222,Offer,Hired,2552
E000189,A00061,P0354,REQK0017,USERK0004,2026-02-22 19:39:00,20260222,Applied,Screen,189
E001932,A00592,P0009,REQK0012,USERK0004,2026-02-23 01:28:10,20260223,Applied,Screen,1932
E004080,A01233,P0515,REQK0022,USERK0001,2026-02-23 02:37:57,20260223,Screen,Interview,4080
E003532,A01074,P0249,REQK0007,USERK0003,2026-02-23 04:27:29,20260223,,Applied,3532
E004276,A01292,P0151,REQK0003,USERK0001,2026-02-23 05:19:21,20260223,Applied,Withdrawn,4276
E003190,A00967,P0496,REQK0015,USERK0003,2026-02-23 07:05:01,20260223,Applied,Screen,3190
E001026,A00315,P0047,REQK0013,USERK0003,2026-02-23 21:54:50,20260223,Interview,Rejected,1026
E001564,A00479,P0202,REQK0009,USERK0003,2026-02-23 23:22:18,20260223,,Applied,1564
E003852,A01169,P0339,REQK0018,USERK0004,2026-02-24 03:48:40,20260224,Screen,Rejected,3852
E001035,A00319,P0198,REQK0015,USERK0001,2026-02-24 04:17:52,20260224,Applied,Screen,1035
E001596,A00488,P0448,REQK0009,USERK0001,2026-02-24 06:38:11,20260224,Interview,Offer,1596
E001815,A00557,P0490,REQK0018,USERK0003,2026-02-24 07:21:13,20260224,Screen,Interview,1815
E001442,A00438,P0174,REQK0022,USERK0001,2026-02-24 07:41:26,20260224,Offer,Hired,1442
E004699,A01429,P0037,REQK0013,USERK0002,2026-02-24 08:48:33,20260224,Offer,Rejected,4699
E002501,A00760,P0406,REQK0016,USERK0002,2026-02-24 16:59:35,20260224,Applied,Screen,2501
E003413,A01033,P0103,REQK0022,USERK0003,2026-02-24 21:19:24,20260224,Interview,Offer,3413
E004353,A01317,P0111,REQK0022,USERK0001,2026-02-24 22:08:37,20260224,,Applied,4353
E000164,A00054,P0208,REQK0002,USERK0002,2026-02-25 01:45:03,20260225,Screen,Interview,164
E000454,A00140,P0404,REQK0006,USERK0001,2026-02-25 01:46:23,20260225,Offer,Rejected,454
E004704,A01430,P0223,REQK0016,USERK0003,2026-02-25 02:41:26,20260225,Offer,Withdrawn,4704
E003632,A01102,P0507,REQK0025,USERK0001,2026-02-25 03:38:28,20260225,,Applied,3632
E003472,A01054,P0141,REQK0015,USERK0004,2026-02-25 04:12:39,20260225,Applied,Screen,3472
E003971,A01204,P0255,REQK0022,USERK0002,2026-02-25 07:24:07,20260225,Applied,Screen,3971
E004758,A01446,P0141,REQK0025,USERK0001,2026-02-25 11:50:08,20260225,Screen,Withdrawn,4758
E003344,A01013,P0213,REQK0009,USERK0002,2026-02-25 12:35:59,20260225,,Applied,3344
E001172,A00360,P0356,REQK0013,USERK0004,2026-02-25 12:36:05,20260225,Applied,Rejected,1172
E001574,A00483,P0156,REQK0013,USERK0001,2026-02-25 16:09:20,20260225,Applied,Screen,1574
E003429,A01039,P0046,REQK0013,USERK0002,2026-02-25 18:31:55,20260225,,Applied,3429
E001198,A00368,P0168,REQK0018,USERK0001,2026-02-25 20:22:19,20260225,Interview,Offer,1198
E001763,A00541,P0186,REQK0014,USERK0001,2026-02-25 20:25:38,20260225,Applied,Screen,1763
E001257,A00385,P0293,REQK0002,USERK0003,2026-02-25 22:33:50,20260225,Applied,Screen,1257
E003274,A00991,P0125,REQK0017,USERK0001,2026-02-25 23:32:40,20260225,Applied,Withdrawn,3274
E004402,A01333,P0419,REQK0016,USERK0004,2026-02-26 00:28:58,20260226,Applied,Screen,4402
E001348,A00411,P0039,REQK0007,USERK0002,2026-02-26 02:30:27,20260226,Interview,Offer,1348
E001347,A00411,P0039,REQK0007,USERK0001,2026-02-26 02:30:27,20260226,Screen,Interview,1347
E002285,A00697,P0047,REQK0013,USERK0002,2026-02-26 03:48:24,20260226,,Applied,2285
E004463,A01354,P0386,REQK0022,USERK0002,2026-02-26 05:03:06,20260226,Applied,Screen,4463
E001248,A00382,P0240,REQK0018,USERK0001,2026-02-26 05:03:40,20260226,,Applied,1248
E001851,A00568,P0040,REQK0018,USERK0004,2026-02-26 05:48:55,20260226,,Applied,1851
E003131,A00949,P0094,REQK0007,USERK0004,2026-02-26 07:33:29,20260226,,Applied,3131
E003533,A01074,P0249,REQK0007,USERK0004,2026-02-26 08:27:29,20260226,Applied,Screen,3533
E003167,A00961,P0413,REQK0002,USERK0001,2026-02-26 16:35:37,20260226,Applied,Screen,3167
E003747,A01136,P0072,REQK0007,USERK0003,2026-02-26 17:38:25,20260226,Screen,Withdrawn,3747
E003494,A01061,P0060,REQK0025,USERK0002,2026-02-26 18:02:19,20260226,Applied,Screen,3494
E003983,A01207,P0085,REQK0003,USERK0002,2026-02-26 20:02:44,20260226,Offer,Hired,3983
E003982,A01207,P0085,REQK0003,USERK0002,2026-02-26 20:02:44,20260226,Interview,Offer,3982
E000093,A00031,P0308,REQK0017,USERK0001,2026-02-26 20:08:00,20260226,,Applied,93
E003707,A01124,P0202,REQK0014,USERK0004,2026-02-26 21:23:08,20260226,,Applied,3707
E003984,A01208,P0217,REQK0018,USERK0003,2026-02-26 21:57:36,20260226,,Applied,3984
E001036,A00319,P0198,REQK0015,USERK0003,2026-02-26 22:17:52,20260226,Screen,Interview,1036
E001623,A00498,P0139,REQK0016,USERK0004,2026-02-26 23:11:44,20260226,,Applied,1623
E000968,A00298,P0461,REQK0013,USERK0003,2026-02-27 00:48:11,20260227,Interview,Offer,968
E001742,A00535,P0402,REQK0012,USERK0001,2026-02-27 02:24:59,20260227,Interview,Offer,1742
E001721,A00528,P0168,REQK0017,USERK0001,2026-02-27 03:26:35,20260227,,Applied,1721
E000160,A00053,P0454,REQK0013,USERK0003,2026-02-27 06:45:34,20260227,,Applied,160
E003398,A01029,P0375,REQK0016,USERK0002,2026-02-27 08:21:43,20260227,,Applied,3398
E000788,A00246,P0280,REQK0007,USERK0003,2026-02-27 08:29:42,20260227,Screen,Interview,788
E003320,A01005,P0513,REQK0012,USERK0002,2026-02-27 10:21:37,20260227,Screen,Rejected,3320
E000187,A00060,P0033,REQK0013,USERK0001,2026-02-27 14:26:44,20260227,Screen,Withdrawn,187
E003954,A01199,P0319,REQK0017,USERK0003,2026-02-27 14:32:10,20260227,Screen,Withdrawn,3954
E001300,A00398,P0060,REQK0014,USERK0001,2026-02-27 15:25:27,20260227,Applied,Screen,1300
E000651,A00203,P0232,REQK0013,USERK0004,2026-02-27 18:15:03,20260227,Applied,Screen,651
E001575,A00483,P0156,REQK0013,USERK0002,2026-02-27 19:09:20,20260227,Screen,Interview,1575
E004207,A01271,P0517,REQK0018,USERK0001,2026-02-27 19:18:31,20260227,Applied,Screen,4207
E000190,A00061,P0354,REQK0017,USERK0002,2026-02-27 23:39:00,20260227,Screen,Rejected,190
E003414,A01033,P0103,REQK0022,USERK0002,2026-02-28 00:19:24,20260228,Offer,Withdrawn,3414
E000917,A00282,P0039,REQK0016,USERK0003,2026-02-28 03:24:42,20260228,Screen,Interview,917
E002624,A00799,P0259,REQK0014,USERK0004,2026-02-28 05:16:56,20260228,Applied,Withdrawn,2624
E002995,A00909,P0048,REQK0022,USERK0002,2026-02-28 06:21:48,20260228,,Applied,2995
E003354,A01015,P0202,REQK0006,USERK0004,2026-02-28 15:02:30,20260228,Offer,Withdrawn,3354
E002578,A00783,P0481,REQK0014,USERK0004,2026-02-28 17:01:24,20260228,Interview,Offer,2578
E002597,A00790,P0017,REQK0005,USERK0001,2026-02-28 20:44:21,20260228,,Applied,2597
E001933,A00592,P0009,REQK0012,USERK0002,2026-02-28 21:28:10,20260228,Screen,Interview,1933
E001199,A00368,P0168,REQK0018,USERK0002,2026-02-28 22:22:19,20260228,Offer,Withdrawn,1199
E001670,A00512,P0529,REQK0023,USERK0002,2026-02-28 22:50:11,20260228,,Applied,1670
E003096,A00938,P0176,REQK0025,USERK0001,2026-03-01 00:49:26,20260301,,Applied,3096
E002804,A00851,P0557,REQK0025,USERK0003,2026-03-01 04:58:47,20260301,,Applied,2804
E001073,A00330,P0100,REQK0002,USERK0001,2026-03-01 05:08:31,20260301,Screen,Withdrawn,1073
E001072,A00330,P0100,REQK0002,USERK0001,2026-03-01 05:08:31,20260301,Applied,Screen,1072
E003526,A01071,P0453,REQK0017,USERK0003,2026-03-01 05:53:19,20260301,,Applied,3526
E002013,A00616,P0055,REQK0002,USERK0002,2026-03-01 07:50:02,20260301,,Applied,2013
E004627,A01406,P0523,REQK0012,USERK0001,2026-03-01 08:19:00,20260301,,Applied,4627
E001743,A00535,P0402,REQK0012,USERK0002,2026-03-01 09:24:59,20260301,Offer,Rejected,1743
E003994,A01210,P0124,REQK0003,USERK0004,2026-03-01 14:28:03,20260301,Applied,Screen,3994
E001060,A00327,P0003,REQK0012,USERK0003,2026-03-01 14:57:26,20260301,,Applied,1060
E001385,A00423,P0439,REQK0007,USERK0004,2026-03-01 16:52:57,20260301,,Applied,1385
E001298,A00397,P0208,REQK0006,USERK0004,2026-03-01 17:19:13,20260301,Applied,Withdrawn,1298
E002162,A00660,P0101,REQK0006,USERK0003,2026-03-01 17:56:08,20260301,,Applied,2162
E003943,A01196,P0120,REQK0002,USERK0002,2026-03-01 20:15:34,20260301,Interview,Offer,3943
E001436,A00437,P0212,REQK0011,USERK0002,2026-03-01 20:42:40,20260301,Interview,Offer,1436
E002321,A00708,P0121,REQK0016,USERK0001,2026-03-02 05:19:13,20260302,Offer,Rejected,2321
E002320,A00708,P0121,REQK0016,USERK0001,2026-03-02 05:19:13,20260302,Interview,Offer,2320
E003826,A01161,P0486,REQK0022,USERK0002,2026-03-02 07:12:19,20260302,Applied,Screen,3826
E001663,A00510,P0432,REQK0018,USERK0003,2026-03-02 07:23:46,20260302,,Applied,1663
E000161,A00053,P0454,REQK0013,USERK0004,2026-03-02 07:45:34,20260302,Applied,Withdrawn,161
E003551,A01079,P0177,REQK0014,USERK0004,2026-03-02 09:34:35,20260302,Applied,Screen,3551
E004326,A01308,P0023,REQK0006,USERK0004,2026-03-02 11:09:08,20260302,Applied,Screen,4326
E002705,A00822,P0362,REQK0012,USERK0001,2026-03-02 12:42:23,20260302,Screen,Withdrawn,2705
E002579,A00783,P0481,REQK0014,USERK0004,2026-03-03 01:01:24,20260303,Offer,Withdrawn,2579
E004354,A01317,P0111,REQK0022,USERK0001,2026-03-03 02:08:37,20260303,Applied,Screen,4354
E002728,A00829,P0292,REQK0023,USERK0003,2026-03-03 06:54:08,20260303,,Applied,2728
E004628,A01406,P0523,REQK0012,USERK0004,2026-03-03 10:19:00,20260303,Applied,Screen,4628
E004404,A01333,P0419,REQK0016,USERK0004,2026-03-03 16:28:58,20260303,Interview,Offer,4404
E004403,A01333,P0419,REQK0016,USERK0004,2026-03-03 16:28:58,20260303,Screen,Interview,4403
E004557,A01385,P0252,REQK0013,USERK0001,2026-03-03 16:59:44,20260303,Screen,Rejected,4557
E000226,A00071,P0303,REQK0020,USERK0004,2026-03-03 17:47:18,20260303,,Applied,226
E001386,A00423,P0439,REQK0007,USERK0001,2026-03-03 18:52:57,20260303,Applied,Screen,1386
E004071,A01231,P0258,REQK0013,USERK0004,2026-03-04 00:36:24,20260304,Screen,Interview,4071
E000064,A00021,P0002,REQK0002,USERK0002,2026-03-04 05:31:43,20260304,Interview,Rejected,64
E003487,A01059,P0057,REQK0025,USERK0001,2026-03-04 05:50:11,20260304,Applied,Screen,3487
E002163,A00660,P0101,REQK0006,USERK0004,2026-03-04 06:56:08,20260304,Applied,Screen,2163
E001765,A00541,P0186,REQK0014,USERK0004,2026-03-04 07:25:38,20260304,Interview,Rejected,1765
E001764,A00541,P0186,REQK0014,USERK0001,2026-03-04 07:25:38,20260304,Screen,Interview,1764
E003886,A01179,P0360,REQK0010,USERK0004,2026-03-04 08:38:27,20260304,,Applied,3886
E004042,A01222,P0064,REQK0010,USERK0003,2026-03-04 14:36:16,20260304,,Applied,4042
E002396,A00729,P0304,REQK0009,USERK0001,2026-03-04 14:44:37,20260304,,Applied,2396
E003805,A01155,P0372,REQK0012,USERK0003,2026-03-04 16:20:38,20260304,Applied,Screen,3805
E004321,A01307,P0241,REQK0009,USERK0004,2026-03-04 18:19:31,20260304,Applied,Screen,4321
E002821,A00855,P0392,REQK0006,USERK0004,2026-03-04 23:31:09,20260304,Screen,Interview,2821
E001664,A00510,P0432,REQK0018,USERK0004,2026-03-05 01:23:46,20260305,Applied,Withdrawn,1664
E002971,A00900,P0271,REQK0016,USERK0003,2026-03-05 02:37:26,20260305,,Applied,2971
E001158,A00355,P0152,REQK0007,USERK0004,2026-03-05 05:27:08,20260305,Applied,Screen,1158
E003552,A01079,P0177,REQK0014,USERK0002,2026-03-05 05:34:35,20260305,Screen,Interview,3552
E004659,A01416,P0238,REQK0016,USERK0003,2026-03-05 05:43:48,20260305,,Applied,4659
E003473,A01054,P0141,REQK0015,USERK0002,2026-03-05 09:12:39,20260305,Screen,Withdrawn,3473
E000437,A00136,P0166,REQK0015,USERK0004,2026-03-05 10:19:04,20260305,,Applied,437
E001565,A00479,P0202,REQK0009,USERK0002,2026-03-05 10:22:18,20260305,Applied,Withdrawn,1565
E001254,A00384,P0388,REQK0023,USERK0001,2026-03-05 10:50:51,20260305,,Applied,1254
E001002,A00308,P0169,REQK0007,USERK0004,2026-03-05 13:08:45,20260305,Offer,Hired,1002
E003534,A01074,P0249,REQK0007,USERK0001,2026-03-05 19:27:29,20260305,Screen,Interview,3534
E002909,A00882,P0383,REQK0010,USERK0002,2026-03-05 19:41:39,20260305,,Applied,2909
E003527,A01071,P0453,REQK0017,USERK0002,2026-03-05 20:53:19,20260305,Applied,Withdrawn,3527
E000227,A00071,P0303,REQK0020,USERK0002,2026-03-05 23:47:18,20260305,Applied,Screen,227
E003934,A01194,P0059,REQK0010,USERK0004,2026-03-06 03:40:32,20260306,,Applied,3934
E002397,A00729,P0304,REQK0009,USERK0004,2026-03-06 05:44:37,20260306,Applied,Withdrawn,2397
E001726,A00530,P0379,REQK0010,USERK0002,2026-03-06 06:56:46,20260306,,Applied,1726
E004408,A01334,P0018,REQK0016,USERK0001,2026-03-06 07:20:18,20260306,Interview,Withdrawn,4408
E001737,A00534,P0076,REQK0016,USERK0002,2026-03-06 08:02:55,20260306,,Applied,1737
E003003,A00911,P0330,REQK0005,USERK0004,2026-03-06 09:10:10,20260306,,Applied,3003
E002311,A00705,P0440,REQK0013,USERK0003,2026-03-06 12:32:19,20260306,Screen,Withdrawn,2311
E002310,A00705,P0440,REQK0013,USERK0003,2026-03-06 12:32:19,20260306,Applied,Screen,2310
E000808,A00252,P0482,REQK0022,USERK0001,2026-03-06 16:43:10,20260306,Applied,Screen,808
E002014,A00616,P0055,REQK0002,USERK0001,2026-03-06 18:50:02,20260306,Applied,Screen,2014
E003434,A01041,P0457,REQK0010,USERK0002,2026-03-06 20:13:48,20260306,,Applied,3434
E000396,A00122,P0155,REQK0012,USERK0003,2026-03-06 22:28:38,20260306,Offer,Withdrawn,396
E001818,A00558,P0327,REQK0005,USERK0001,2026-03-07 00:17:28,20260307,,Applied,1818
E003271,A00990,P0365,REQK0025,USERK0002,2026-03-07 00:20:34,20260307,Applied,Screen,3271
E000211,A00067,P0029,REQK0017,USERK0003,2026-03-07 02:33:59,20260307,,Applied,211
E004629,A01406,P0523,REQK0012,USERK0002,2026-03-07 03:19:00,20260307,Screen,Interview,4629
E003887,A01179,P0360,REQK0010,USERK0001,2026-03-07 03:38:27,20260307,Applied,Rejected,3887
E001543,A00472,P0188,REQK0002,USERK0003,2026-03-07 05:23:02,20260307,,Applied,1543
E004683,A01424,P0263,REQK0002,USERK0001,2026-03-07 07:17:53,20260307,Interview,Withdrawn,4683
E004682,A01424,P0263,REQK0002,USERK0003,2026-03-07 07:17:53,20260307,Screen,Interview,4682
E001671,A00512,P0529,REQK0023,USERK0001,2026-03-07 08:50:11,20260307,Applied,Rejected,1671
E002436,A00742,P0412,REQK0006,USERK0003,2026-03-07 12:35:56,20260307,,Applied,2436
E001258,A00385,P0293,REQK0002,USERK0004,2026-03-07 17:33:50,20260307,Screen,Rejected,1258
E004082,A01233,P0515,REQK0022,USERK0002,2026-03-07 17:37:57,20260307,Offer,Rejected,4082
E004081,A01233,P0515,REQK0022,USERK0002,2026-03-07 17:37:57,20260307,Interview,Offer,4081
E002972,A00900,P0271,REQK0016,USERK0002,2026-03-07 18:37:26,20260307,Applied,Rejected,2972
E003488,A01059,P0057,REQK0025,USERK0004,2026-03-07 23:50:11,20260307,Screen,Withdrawn,3488
E002492,A00758,P0330,REQK0013,USERK0004,2026-03-08 04:21:47,20260308,,Applied,2492
E003544,A01077,P0154,REQK0020,USERK0001,2026-03-08 14:04:42,20260308,,Applied,3544
E004208,A01271,P0517,REQK0018,USERK0003,2026-03-08 15:18:31,20260308,Screen,Rejected,4208
E001301,A00398,P0060,REQK0014,USERK0004,2026-03-08 16:25:27,20260308,Screen,Interview,1301
E000354,A00112,P0361,REQK0020,USERK0003,2026-03-08 18:06:01,20260308,,Applied,354
E002282,A00696,P0346,REQK0013,USERK0003,2026-03-08 18:14:28,20260308,,Applied,2282
E004282,A01295,P0533,REQK0016,USERK0004,2026-03-08 22:04:04,20260308,,Applied,4282
E003132,A00949,P0094,REQK0007,USERK0001,2026-03-08 22:33:29,20260308,Applied,Screen,3132
E001727,A00530,P0379,REQK0010,USERK0004,2026-03-08 22:56:46,20260308,Applied,Screen,1727
E003985,A01208,P0217,REQK0018,USERK0002,2026-03-08 23:57:36,20260308,Applied,Screen,3985
E000410,A00128,P0302,REQK0016,USERK0002,2026-03-09 02:04:33,20260309,,Applied,410
E000420,A00131,P0303,REQK0023,USERK0004,2026-03-09 03:49:38,20260309,,Applied,420
E002805,A00851,P0557,REQK0025,USERK0001,2026-03-09 04:58:47,20260309,Applied,Screen,2805
E004613,A01402,P0350,REQK0002,USERK0004,2026-03-09 07:07:30,20260309,Offer,Hired,4613
E003553,A01079,P0177,REQK0014,USERK0001,2026-03-09 11:34:35,20260309,Interview,Withdrawn,3553
E003097,A00938,P0176,REQK0025,USERK0003,2026-03-09 14:49:26,20260309,Applied,Screen,3097
E001738,A00534,P0076,REQK0016,USERK0001,2026-03-09 17:02:55,20260309,Applied,Rejected,1738
E002171,A00662,P0169,REQK0020,USERK0002,2026-03-09 20:39:11,20260309,,Applied,2171
E004660,A01416,P0238,REQK0016,USERK0001,2026-03-09 22:43:48,20260309,Applied,Withdrawn,4660
E003495,A01061,P0060,REQK0025,USERK0001,2026-03-09 23:02:19,20260309,Screen,Interview,3495
E004283,A01295,P0533,REQK0016,USERK0001,2026-03-10 06:04:04,20260310,Applied,Rejected,4283
E000918,A00282,P0039,REQK0016,USERK0003,2026-03-10 07:24:42,20260310,Interview,Offer,918
E000558,A00174,P0279,REQK0017,USERK0002,2026-03-10 08:36:37,20260310,,Applied,558
E002980,A00903,P0512,REQK0020,USERK0002,2026-03-10 08:53:38,20260310,,Applied,2980
E002164,A00660,P0101,REQK0006,USERK0004,2026-03-10 09:56:08,20260310,Screen,Interview,2164
E001819,A00558,P0327,REQK0005,USERK0003,2026-03-10 12:17:28,20260310,Applied,Screen,1819
E004072,A01231,P0258,REQK0013,USERK0002,2026-03-10 15:36:24,20260310,Interview,Offer,4072
E003192,A00967,P0496,REQK0015,USERK0003,2026-03-10 16:05:01,20260310,Interview,Withdrawn,3192
E003191,A00967,P0496,REQK0015,USERK0002,2026-03-10 16:05:01,20260310,Screen,Interview,3191
E000262,A00081,P0376,REQK0015,USERK0004,2026-03-10 17:36:25,20260310,,Applied,262
E001852,A00568,P0040,REQK0018,USERK0004,2026-03-10 17:48:55,20260310,Applied,Screen,1852
E001699,A00522,P0527,REQK0011,USERK0004,2026-03-11 01:17:27,20260311,,Applied,1699
E004322,A01307,P0241,REQK0009,USERK0002,2026-03-11 01:19:31,20260311,Screen,Interview,4322
E003134,A00949,P0094,REQK0007,USERK0004,2026-03-11 03:33:29,20260311,Interview,Withdrawn,3134
E003133,A00949,P0094,REQK0007,USERK0002,2026-03-11 03:33:29,20260311,Screen,Interview,3133
E001855,A00569,P0422,REQK0020,USERK0001,2026-03-11 04:46:08,20260311,,Applied,1855
E002922,A00886,P0267,REQK0015,USERK0004,2026-03-11 06:53:11,20260311,,Applied,2922
E000552,A00171,P0490,REQK0018,USERK0002,2026-03-11 07:33:36,20260311,,Applied,552
E000809,A00252,P0482,REQK0022,USERK0002,2026-03-11 09:43:10,20260311,Screen,Interview,809
E001255,A00384,P0388,REQK0023,USERK0002,2026-03-11 12:50:51,20260311,Applied,Rejected,1255
E000094,A00031,P0308,REQK0017,USERK0002,2026-03-11 13:08:00,20260311,Applied,Rejected,94
E002996,A00909,P0048,REQK0022,USERK0004,2026-03-11 16:21:48,20260311,Applied,Screen,2996
E003169,A00961,P0413,REQK0002,USERK0003,2026-03-11 16:35:37,20260311,Interview,Withdrawn,3169
E003168,A00961,P0413,REQK0002,USERK0002,2026-03-11 16:35:37,20260311,Screen,Interview,3168
E001115,A00344,P0265,REQK0023,USERK0004,2026-03-11 17:47:08,20260311,,Applied,1115
E001364,A00417,P0131,REQK0011,USERK0004,2026-03-11 18:13:48,20260311,,Applied,1364
E003973,A01204,P0255,REQK0022,USERK0004,2026-03-11 18:24:07,20260311,Interview,Offer,3973
E003972,A01204,P0255,REQK0022,USERK0001,2026-03-11 18:24:07,20260311,Screen,Interview,3972
E001934,A00592,P0009,REQK0012,USERK0004,2026-03-11 22:28:10,20260311,Interview,Offer,1934
E001816,A00557,P0490,REQK0018,USERK0001,2026-03-11 23:21:13,20260311,Interview,Offer,1816
E001722,A00528,P0168,REQK0017,USERK0003,2026-03-11 23:26:35,20260311,Applied,Rejected,1722
E003932,A01193,P0335,REQK0023,USERK0002,2026-03-12 00:33:44,20260312,,Applied,3932
E000684,A00213,P0359,REQK0014,USERK0004,2026-03-12 02:18:56,20260312,Offer,Hired,684
E000235,A00073,P0415,REQK0015,USERK0001,2026-03-12 03:10:20,20260312,Interview,Offer,235
E002733,A00830,P0170,REQK0005,USERK0002,2026-03-12 03:17:58,20260312,,Applied,2733
E000789,A00246,P0280,REQK0007,USERK0004,2026-03-12 03:29:42,20260312,Interview,Offer,789
E000795,A00247,P0165,REQK0025,USERK0003,2026-03-12 03:30:42,20260312,Offer,Hired,795
E000421,A00131,P0303,REQK0023,USERK0002,2026-03-12 03:49:38,20260312,Applied,Screen,421
E001773,A00544,P0306,REQK0003,USERK0003,2026-03-12 05:40:00,20260312,,Applied,1773
E000663,A00207,P0535,REQK0025,USERK0003,2026-03-12 07:07:39,20260312,Applied,Screen,663
E003677,A01115,P0292,REQK0014,USERK0002,2026-03-12 14:47:29,20260312,,Applied,3677
E001152,A00354,P0549,REQK0023,USERK0003,2026-03-12 20:16:45,20260312,,Applied,1152
E004312,A01303,P0527,REQK0017,USERK0002,2026-03-12 22:31:00,20260312,Offer,Hired,4312
E001180,A00363,P0455,REQK0023,USERK0004,2026-03-12 23:18:34,20260312,,Applied,1180
E003430,A01039,P0046,REQK0013,USERK0002,2026-03-13 01:31:55,20260313,Applied,Screen,3430
E004673,A01421,P0084,REQK0009,USERK0003,2026-03-13 03:45:21,20260313,,Applied,4673
E002502,A00760,P0406,REQK0016,USERK0001,2026-03-13 05:59:35,20260313,Screen,Interview,2502
E000013,A00006,P0159,REQK0017,USERK0002,2026-03-13 06:56:58,20260313,,Applied,13
E003415,A01034,P0145,REQK0025,USERK0002,2026-03-13 08:31:29,20260313,,Applied,3415
E004127,A01248,P0319,REQK0007,USERK0002,2026-03-13 09:06:25,20260313,Screen,Interview,4127
E003272,A00990,P0365,REQK0025,USERK0001,2026-03-13 11:20:34,20260313,Screen,Rejected,3272
E000422,A00131,P0303,REQK0023,USERK0003,2026-03-13 11:49:38,20260313,Screen,Withdrawn,422
E002131,A00651,P0036,REQK0005,USERK0002,2026-03-13 15:15:10,20260313,,Applied,2131
E004513,A01370,P0328,REQK0022,USERK0003,2026-03-13 18:33:59,20260313,,Applied,4513
E003399,A01029,P0375,REQK0016,USERK0001,2026-03-13 20:21:43,20260313,Applied,Withdrawn,3399
E001159,A00355,P0152,REQK0007,USERK0004,2026-03-13 22:27:08,20260313,Screen,Rejected,1159
E003376,A01022,P0056,REQK0013,USERK0002,2026-03-13 23:29:51,20260313,,Applied,3376
E003098,A00938,P0176,REQK0025,USERK0002,2026-03-13 23:49:26,20260313,Screen,Withdrawn,3098
E004091,A01237,P0368,REQK0013,USERK0004,2026-03-13 23:53:04,20260313,,Applied,4091
E000134,A00045,P0410,REQK0006,USERK0003,2026-03-14 01:26:13,20260314,,Applied,134
E004265,A01289,P0286,REQK0020,USERK0001,2026-03-14 03:40:08,20260314,,Applied,4265
E004356,A01317,P0111,REQK0022,USERK0003,2026-03-14 04:08:37,20260314,Interview,Offer,4356
E004355,A01317,P0111,REQK0022,USERK0004,2026-03-14 04:08:37,20260314,Screen,Interview,4355
E002283,A00696,P0346,REQK0013,USERK0001,2026-03-14 06:14:28,20260314,Applied,Screen,2283
E001516,A00462,P0231,REQK0022,USERK0001,2026-03-14 07:41:00,20260314,,Applied,1516
E002598,A00790,P0017,REQK0005,USERK0003,2026-03-14 11:44:21,20260314,Applied,Withdrawn,2598
E002015,A00616,P0055,REQK0002,USERK0001,2026-03-14 11:50:02,20260314,Screen,Interview,2015
E000865,A00269,P0414,REQK0022,USERK0001,2026-03-14 12:51:31,20260314,,Applied,865
E001860,A00570,P0253,REQK0015,USERK0004,2026-03-14 14:16:32,20260314,,Applied,1860
E001249,A00382,P0240,REQK0018,USERK0003,2026-03-14 15:03:40,20260314,Applied,Screen,1249
E004327,A01308,P0023,REQK0006,USERK0001,2026-03-14 15:09:08,20260314,Screen,Withdrawn,4327
E002244,A00683,P0205,REQK0013,USERK0004,2026-03-14 15:30:46,20260314,,Applied,2244
E000165,A00054,P0208,REQK0002,USERK0004,2026-03-14 19:45:03,20260314,Interview,Offer,165
E001411,A00430,P0364,REQK0007,USERK0003,2026-03-14 20:37:54,20260314,,Applied,1411
E003114,A00944,P0493,REQK0011,USERK0004,2026-03-14 21:12:52,20260314,,Applied,3114
E004171,A01262,P0282,REQK0011,USERK0003,2026-03-15 01:49:43,20260315,,Applied,4171
E003345,A01013,P0213,REQK0009,USERK0004,2026-03-15 03:35:59,20260315,Applied,Screen,3345
E003708,A01124,P0202,REQK0014,USERK0001,2026-03-15 04:23:08,20260315,Applied,Screen,3708
E002503,A00760,P0406,REQK0016,USERK0001,2026-03-15 09:59:35,20260315,Interview,Offer,2503
E000819,A00255,P0304,REQK0011,USERK0003,2026-03-15 10:07:09,20260315,,Applied,819
E001544,A00472,P0188,REQK0002,USERK0001,2026-03-15 13:23:02,20260315,Applied,Withdrawn,1544
E001830,A00561,P0087,REQK0025,USERK0002,2026-03-15 20:26:25,20260315,,Applied,1830
E001387,A00423,P0439,REQK0007,USERK0002,2026-03-15 23:52:57,20260315,Screen,Withdrawn,1387
E003496,A01061,P0060,REQK0025,USERK0003,2026-03-16 00:02:19,20260316,Interview,Offer,3496
E001302,A00398,P0060,REQK0014,USERK0001,2026-03-16 00:25:27,20260316,Interview,Offer,1302
E003935,A01194,P0059,REQK0010,USERK0001,2026-03-16 04:40:32,20260316,Applied,Withdrawn,3935
E002806,A00851,P0557,REQK0025,USERK0001,2026-03-16 07:58:47,20260316,Screen,Interview,2806
E001700,A00522,P0527,REQK0011,USERK0003,2026-03-16 08:17:27,20260316,Applied,Screen,1700
E003037,A00922,P0030,REQK0023,USERK0001,2026-03-16 08:43:11,20260316,,Applied,3037
E001774,A00544,P0306,REQK0003,USERK0004,2026-03-16 09:40:00,20260316,Applied,Screen,1774
E002286,A00697,P0047,REQK0013,USERK0004,2026-03-16 12:48:24,20260316,Applied,Screen,2286
E001624,A00498,P0139,REQK0016,USERK0001,2026-03-16 14:11:44,20260316,Applied,Screen,1624
E002419,A00736,P0445,REQK0012,USERK0002,2026-03-16 19:10:18,20260316,,Applied,2419
E002493,A00758,P0330,REQK0013,USERK0004,2026-03-16 19:21:47,20260316,Applied,Screen,2493
E004148,A01256,P0066,REQK0014,USERK0003,2026-03-16 19:29:06,20260316,,Applied,4148
E002729,A00829,P0292,REQK0023,USERK0003,2026-03-16 19:54:08,20260316,Applied,Screen,2729
E000553,A00171,P0490,REQK0018,USERK0002,2026-03-16 22:33:36,20260316,Applied,Withdrawn,553
E003004,A00911,P0330,REQK0005,USERK0003,2026-03-17 00:10:10,20260317,Applied,Withdrawn,3004
E000127,A00042,P0557,REQK0025,USERK0004,2026-03-17 01:27:52,20260317,,Applied,127
E001139,A00351,P0276,REQK0017,USERK0003,2026-03-17 07:16:29,20260317,,Applied,1139
E000166,A00054,P0208,REQK0002,USERK0001,2026-03-17 07:45:03,20260317,Offer,Withdrawn,166
E004543,A01381,P0383,REQK0006,USERK0002,2026-03-17 09:33:45,20260317,,Applied,4543
E003198,A00970,P0373,REQK0017,USERK0004,2026-03-17 09:43:04,20260317,,Applied,3198
E004059,A01227,P0054,REQK0020,USERK0001,2026-03-17 09:57:57,20260317,,Applied,4059
E003393,A01028,P0293,REQK0018,USERK0003,2026-03-17 15:16:36,20260317,,Applied,3393
E004464,A01354,P0386,REQK0022,USERK0004,2026-03-17 17:03:06,20260317,Screen,Interview,4464
E000925,A00285,P0183,REQK0003,USERK0003,2026-03-17 17:13:43,20260317,,Applied,925
E001625,A00498,P0139,REQK0016,USERK0001,2026-03-17 18:11:44,20260317,Screen,Withdrawn,1625
E004630,A01406,P0523,REQK0012,USERK0002,2026-03-17 19:19:00,20260317,Interview,Offer,4630
E002615,A00796,P0256,REQK0025,USERK0003,2026-03-17 20:46:57,20260317,,Applied,2615
E002136,A00652,P0532,REQK0018,USERK0003,2026-03-17 23:14:39,20260317,,Applied,2136
E004240,A01281,P0198,REQK0017,USERK0004,2026-03-18 01:03:02,20260318,,Applied,4240
E003435,A01041,P0457,REQK0010,USERK0002,2026-03-18 06:13:48,20260318,Applied,Withdrawn,3435
E003535,A01074,P0249,REQK0007,USERK0001,2026-03-18 06:27:29,20260318,Interview,Offer,3535
E000355,A00112,P0361,REQK0020,USERK0001,2026-03-18 11:06:01,20260318,Applied,Screen,355
E002822,A00855,P0392,REQK0006,USERK0002,2026-03-18 11:31:09,20260318,Interview,Rejected,2822
E003633,A01102,P0507,REQK0025,USERK0003,2026-03-18 11:38:28,20260318,Applied,Screen,3633
E001037,A00319,P0198,REQK0015,USERK0003,2026-03-18 18:17:52,20260318,Interview,Offer,1037
E001102,A00340,P0278,REQK0010,USERK0002,2026-03-18 18:19:50,20260318,,Applied,1102
E000135,A00045,P0410,REQK0006,USERK0003,2026-03-18 18:26:13,20260318,Applied,Screen,135
E003417,A01035,P0186,REQK0002,USERK0003,2026-03-18 22:16:17,20260318,,Applied,3417
E001233,A00378,P0385,REQK0013,USERK0003,2026-03-18 22:53:34,20260318,,Applied,1233
E000363,A00114,P0509,REQK0010,USERK0002,2026-03-18 23:14:56,20260318,,Applied,363
E001061,A00327,P0003,REQK0012,USERK0003,2026-03-19 00:57:26,20260319,Applied,Screen,1061
E000230,A00072,P0013,REQK0016,USERK0001,2026-03-19 03:48:23,20260319,,Applied,230
E004514,A01370,P0328,REQK0022,USERK0002,2026-03-19 08:33:59,20260319,Applied,Rejected,4514
E003806,A01155,P0372,REQK0012,USERK0002,2026-03-19 09:20:38,20260319,Screen,Interview,3806
E001576,A00483,P0156,REQK0013,USERK0004,2026-03-19 12:09:20,20260319,Interview,Offer,1576
E002172,A00662,P0169,REQK0020,USERK0001,2026-03-19 13:39:11,20260319,Applied,Screen,2172
E001853,A00568,P0040,REQK0018,USERK0002,2026-03-19 13:48:55,20260319,Screen,Interview,1853
E000412,A00128,P0302,REQK0016,USERK0004,2026-03-19 19:04:33,20260319,Screen,Withdrawn,412
E000411,A00128,P0302,REQK0016,USERK0002,2026-03-19 19:04:33,20260319,Applied,Screen,411
E002757,A00836,P0281,REQK0005,USERK0003,2026-03-19 19:26:50,20260319,,Applied,2757
E000202,A00065,P0114,REQK0020,USERK0004,2026-03-19 23:50:07,20260319,,Applied,202
E000438,A00136,P0166,REQK0015,USERK0002,2026-03-20 00:19:04,20260320,Applied,Withdrawn,438
E003208,A00973,P0184,REQK0018,USERK0004,2026-03-20 01:07:35,20260320,,Applied,3208
E001153,A00354,P0549,REQK0023,USERK0002,2026-03-20 04:16:45,20260320,Applied,Screen,1153
E004266,A01289,P0286,REQK0020,USERK0002,2026-03-20 05:40:08,20260320,Applied,Withdrawn,4266
E003536,A01074,P0249,REQK0007,USERK0003,2026-03-20 07:27:29,20260320,Offer,Withdrawn,3536
E002141,A00653,P0077,REQK0016,USERK0002,2026-03-20 07:42:26,20260320,,Applied,2141
E002616,A00796,P0256,REQK0025,USERK0001,2026-03-20 08:46:57,20260320,Applied,Withdrawn,2616
E002734,A00830,P0170,REQK0005,USERK0003,2026-03-20 09:17:58,20260320,Applied,Screen,2734
E003933,A01193,P0335,REQK0023,USERK0004,2026-03-20 11:33:44,20260320,Applied,Rejected,3933
E002910,A00882,P0383,REQK0010,USERK0001,2026-03-20 11:41:39,20260320,Applied,Withdrawn,2910
E004535,A01379,P0214,REQK0012,USERK0004,2026-03-20 13:16:01,20260320,,Applied,4535
E004674,A01421,P0084,REQK0009,USERK0002,2026-03-20 18:45:21,20260320,Applied,Withdrawn,4674
E003714,A01126,P0382,REQK0012,USERK0003,2026-03-20 19:05:01,20260320,,Applied,3714
E000212,A00067,P0029,REQK0017,USERK0004,2026-03-20 20:33:59,20260320,Applied,Screen,212
E003995,A01210,P0124,REQK0003,USERK0004,2026-03-20 21:28:03,20260320,Screen,Interview,3995
E004710,A01432,P0236,REQK0022,USERK0003,2026-03-20 22:32:03,20260320,,Applied,4710
E003829,A01162,P0125,REQK0011,USERK0001,2026-03-20 22:42:54,20260320,,Applied,3829
E002997,A00909,P0048,REQK0022,USERK0001,2026-03-21 02:21:48,20260321,Screen,Interview,2997
E004183,A01265,P0089,REQK0012,USERK0001,2026-03-21 02:36:39,20260321,,Applied,4183
E000356,A00112,P0361,REQK0020,USERK0001,2026-03-21 05:06:01,20260321,Screen,Interview,356
E004770,A01450,P0356,REQK0013,USERK0003,2026-03-21 05:06:15,20260321,,Applied,4770
E004465,A01354,P0386,REQK0022,USERK0004,2026-03-21 09:03:06,20260321,Interview,Rejected,4465
E002459,A00749,P0052,REQK0025,USERK0002,2026-03-21 10:16:16,20260321,,Applied,2459
E000652,A00203,P0232,REQK0013,USERK0003,2026-03-21 11:15:03,20260321,Screen,Interview,652
E000263,A00081,P0376,REQK0015,USERK0002,2026-03-21 12:36:25,20260321,Applied,Withdrawn,263
E001893,A00579,P0229,REQK0022,USERK0001,2026-03-21 13:40:30,20260321,,Applied,1893
E001181,A00363,P0455,REQK0023,USERK0003,2026-03-21 18:18:34,20260321,Applied,Withdrawn,1181
E000810,A00252,P0482,REQK0022,USERK0001,2026-03-21 19:43:10,20260321,Interview,Rejected,810
E003827,A01161,P0486,REQK0022,USERK0004,2026-03-21 23:12:19,20260321,Screen,Interview,3827
E004369,A01321,P0289,REQK0006,USERK0001,2026-03-22 03:32:56,20260322,Offer,Hired,4369
E003678,A01115,P0292,REQK0014,USERK0003,2026-03-22 04:47:29,20260322,Applied,Withdrawn,3678
E002280,A00695,P0066,REQK0020,USERK0004,2026-03-22 06:22:46,20260322,,Applied,2280
E000926,A00285,P0183,REQK0003,USERK0001,2026-03-22 08:13:43,20260322,Applied,Withdrawn,926
E004241,A01281,P0198,REQK0017,USERK0004,2026-03-22 12:03:02,20260322,Applied,Screen,4241
E004536,A01379,P0214,REQK0012,USERK0003,2026-03-22 15:16:01,20260322,Applied,Screen,4536
E004092,A01237,P0368,REQK0013,USERK0004,2026-03-22 18:53:04,20260322,Applied,Screen,4092
E001696,A00521,P0302,REQK0023,USERK0002,2026-03-22 22:29:14,20260322,,Applied,1696
E003388,A01026,P0306,REQK0018,USERK0001,2026-03-23 05:54:38,20260323,,Applied,3388
E003830,A01162,P0125,REQK0011,USERK0003,2026-03-23 09:42:54,20260323,Applied,Withdrawn,3830
E003689,A01119,P0254,REQK0012,USERK0003,2026-03-23 10:19:54,20260323,,Applied,3689
E003199,A00970,P0373,REQK0017,USERK0001,2026-03-23 13:43:04,20260323,Applied,Withdrawn,3199
E000866,A00269,P0414,REQK0022,USERK0003,2026-03-23 16:51:31,20260323,Applied,Screen,866
E003346,A01013,P0213,REQK0009,USERK0004,2026-03-23 18:35:59,20260323,Screen,Interview,3346
E004383,A01326,P0261,REQK0007,USERK0003,2026-03-23 20:02:15,20260323,,Applied,4383
E004544,A01381,P0383,REQK0006,USERK0001,2026-03-23 22:33:45,20260323,Applied,Screen,4544
E001831,A00561,P0087,REQK0025,USERK0004,2026-03-24 01:26:25,20260324,Applied,Screen,1831
E002856,A00867,P0545,REQK0003,USERK0001,2026-03-24 02:27:17,20260324,,Applied,2856
E003416,A01034,P0145,REQK0025,USERK0004,2026-03-24 02:31:29,20260324,Applied,Withdrawn,3416
E002668,A00811,P0532,REQK0023,USERK0004,2026-03-24 03:31:18,20260324,,Applied,2668
E002553,A00777,P0194,REQK0018,USERK0003,2026-03-24 11:09:00,20260324,,Applied,2553
E001917,A00587,P0423,REQK0022,USERK0002,2026-03-24 12:31:41,20260324,,Applied,1917
E003828,A01161,P0486,REQK0022,USERK0001,2026-03-24 15:12:19,20260324,Interview,Rejected,3828
E003807,A01155,P0372,REQK0012,USERK0001,2026-03-24 17:20:38,20260324,Interview,Withdrawn,3807
E003545,A01077,P0154,REQK0020,USERK0004,2026-03-24 19:04:42,20260324,Applied,Screen,3545
E001861,A00570,P0253,REQK0015,USERK0001,2026-03-24 20:16:32,20260324,Applied,Screen,1861
E002889,A00876,P0555,REQK0011,USERK0004,2026-03-25 00:09:20,20260325,,Applied,2889
E001140,A00351,P0276,REQK0017,USERK0001,2026-03-25 00:16:29,20260325,Applied,Screen,1140
E001412,A00430,P0364,REQK0007,USERK0002,2026-03-25 11:37:54,20260325,Applied,Screen,1412
E003686,A01118,P0127,REQK0006,USERK0004,2026-03-25 11:54:01,20260325,,Applied,3686
E003115,A00944,P0493,REQK0011,USERK0003,2026-03-25 13:12:52,20260325,Applied,Rejected,3115
E001856,A00569,P0422,REQK0020,USERK0004,2026-03-25 15:46:08,20260325,Applied,Screen,1856
E002287,A00697,P0047,REQK0013,USERK0002,2026-03-25 15:48:24,20260325,Screen,Rejected,2287
E002349,A00717,P0363,REQK0002,USERK0002,2026-03-25 16:34:15,20260325,,Applied,2349
E004184,A01265,P0089,REQK0012,USERK0002,2026-03-25 16:36:39,20260325,Applied,Screen,4184
E001316,A00403,P0324,REQK0022,USERK0002,2026-03-25 16:45:17,20260325,,Applied,1316
E000228,A00071,P0303,REQK0020,USERK0004,2026-03-25 17:47:18,20260325,Screen,Interview,228
E001365,A00417,P0131,REQK0011,USERK0002,2026-03-25 20:13:48,20260325,Applied,Screen,1365
E002525,A00768,P0485,REQK0020,USERK0002,2026-03-25 22:45:02,20260325,,Applied,2525
E004553,A01384,P0166,REQK0005,USERK0002,2026-03-25 23:12:50,20260325,,Applied,4553
E002165,A00660,P0101,REQK0006,USERK0003,2026-03-25 23:56:08,20260325,Interview,Offer,2165
E002966,A00899,P0130,REQK0015,USERK0002,2026-03-26 02:56:05,20260326,,Applied,2966
E003431,A01039,P0046,REQK0013,USERK0003,2026-03-26 06:31:55,20260326,Screen,Rejected,3431
E004043,A01222,P0064,REQK0010,USERK0004,2026-03-26 07:36:16,20260326,Applied,Screen,4043
E001701,A00522,P0527,REQK0011,USERK0001,2026-03-26 09:17:27,20260326,Screen,Interview,1701
E003715,A01126,P0382,REQK0012,USERK0004,2026-03-26 10:05:01,20260326,Applied,Rejected,3715
E000643,A00201,P0404,REQK0005,USERK0004,2026-03-26 11:05:50,20260326,,Applied,643
E003903,A01184,P0032,REQK0015,USERK0001,2026-03-26 12:56:49,20260326,,Applied,3903
E000664,A00207,P0535,REQK0025,USERK0004,2026-03-26 14:07:39,20260326,Screen,Withdrawn,664
E000976,A00301,P0448,REQK0023,USERK0001,2026-03-26 16:01:22,20260326,,Applied,976
E001820,A00558,P0327,REQK0005,USERK0004,2026-03-26 17:17:28,20260326,Screen,Interview,1820
E002916,A00884,P0172,REQK0023,USERK0002,2026-03-26 17:18:33,20260326,,Applied,2916
E001817,A00557,P0490,REQK0018,USERK0001,2026-03-26 17:21:13,20260326,Offer,Rejected,1817
E000790,A00246,P0280,REQK0007,USERK0002,2026-03-26 19:29:42,20260326,Offer,Hired,790
E002460,A00749,P0052,REQK0025,USERK0002,2026-03-26 21:16:16,20260326,Applied,Screen,2460
E003634,A01102,P0507,REQK0025,USERK0002,2026-03-27 07:38:28,20260327,Screen,Withdrawn,3634
E002420,A00736,P0445,REQK0012,USERK0002,2026-03-27 10:10:18,20260327,Applied,Screen,2420
E000559,A00174,P0279,REQK0017,USERK0004,2026-03-27 10:36:37,20260327,Applied,Screen,559
E001129,A00348,P0109,REQK0003,USERK0003,2026-03-27 12:02:59,20260327,,Applied,1129
E004242,A01281,P0198,REQK0017,USERK0002,2026-03-27 12:03:02,20260327,Screen,Interview,4242
E003690,A01119,P0254,REQK0012,USERK0001,2026-03-27 17:19:54,20260327,Applied,Screen,3690
E002284,A00696,P0346,REQK0013,USERK0002,2026-03-27 20:14:28,20260327,Screen,Withdrawn,2284
E001340,A00410,P0146,REQK0014,USERK0004,2026-03-27 20:42:22,20260327,,Applied,1340
E000231,A00072,P0013,REQK0016,USERK0002,2026-03-27 21:48:23,20260327,Applied,Withdrawn,231
E001894,A00579,P0229,REQK0022,USERK0003,2026-03-27 22:40:30,20260327,Applied,Withdrawn,1894
E000578,A00181,P0175,REQK0023,USERK0003,2026-03-28 03:45:22,20260328,,Applied,578
E000648,A00202,P0132,REQK0017,USERK0003,2026-03-28 07:59:05,20260328,,Applied,648
E002526,A00768,P0485,REQK0020,USERK0003,2026-03-28 08:45:02,20260328,Applied,Withdrawn,2526
E001775,A00544,P0306,REQK0003,USERK0004,2026-03-28 10:40:00,20260328,Screen,Rejected,1775
E000213,A00067,P0029,REQK0017,USERK0003,2026-03-28 14:33:59,20260328,Screen,Rejected,213
E002437,A00742,P0412,REQK0006,USERK0002,2026-03-28 14:35:56,20260328,Applied,Screen,2437
E000025,A00009,P0152,REQK0018,USERK0002,2026-03-28 21:03:53,20260328,Offer,Hired,25
E001116,A00344,P0265,REQK0023,USERK0001,2026-03-28 21:47:08,20260328,Applied,Screen,1116
E002132,A00651,P0036,REQK0005,USERK0001,2026-03-28 23:15:10,20260328,Applied,Screen,2132
E002808,A00852,P0267,REQK0005,USERK0004,2026-03-29 00:50:54,20260329,,Applied,2808
E002173,A00662,P0169,REQK0020,USERK0002,2026-03-29 03:39:11,20260329,Screen,Interview,2173
E003418,A01035,P0186,REQK0002,USERK0001,2026-03-29 08:16:17,20260329,Applied,Rejected,3418
E002892,A00877,P0141,REQK0020,USERK0002,2026-03-29 10:06:52,20260329,,Applied,2892
E002421,A00736,P0445,REQK0012,USERK0003,2026-03-29 10:10:18,20260329,Screen,Withdrawn,2421
E003038,A00922,P0030,REQK0023,USERK0003,2026-03-29 12:43:11,20260329,Applied,Rejected,3038
E002137,A00652,P0532,REQK0018,USERK0002,2026-03-29 13:14:39,20260329,Applied,Screen,2137
E001857,A00569,P0422,REQK0020,USERK0003,2026-03-29 15:46:08,20260329,Screen,Interview,1857
E004323,A01307,P0241,REQK0009,USERK0002,2026-03-29 16:19:31,20260329,Interview,Offer,4323
E002923,A00886,P0267,REQK0015,USERK0002,2026-03-29 18:53:11,20260329,Applied,Screen,2923
E000649,A00202,P0132,REQK0017,USERK0002,2026-03-29 21:59:05,20260329,Applied,Withdrawn,649
E002758,A00836,P0281,REQK0005,USERK0003,2026-03-30 00:26:50,20260330,Applied,Withdrawn,2758
E001119,A00345,P0094,REQK0013,USERK0003,2026-03-30 02:56:17,20260330,,Applied,1119
E003986,A01208,P0217,REQK0018,USERK0004,2026-03-30 03:57:36,20260330,Screen,Interview,3986
E000019,A00008,P0478,REQK0016,USERK0003,2026-03-30 04:28:52,20260330,,Applied,19
E000128,A00042,P0557,REQK0025,USERK0004,2026-03-30 06:27:52,20260330,Applied,Screen,128
E002414,A00735,P0159,REQK0023,USERK0002,2026-03-30 06:30:14,20260330,,Applied,2414
E000721,A00226,P0493,REQK0017,USERK0002,2026-03-30 06:44:47,20260330,,Applied,721
E003225,A00977,P0258,REQK0020,USERK0001,2026-03-30 08:34:45,20260330,,Applied,3225
E004313,A01304,P0452,REQK0010,USERK0004,2026-03-30 10:55:40,20260330,,Applied,4313
E001517,A00462,P0231,REQK0022,USERK0002,2026-03-30 11:41:00,20260330,Applied,Screen,1517
E001728,A00530,P0379,REQK0010,USERK0003,2026-03-30 11:56:46,20260330,Screen,Interview,1728
E002513,A00764,P0544,REQK0020,USERK0004,2026-03-30 15:03:11,20260330,,Applied,2513
E001154,A00354,P0549,REQK0023,USERK0003,2026-03-30 16:16:45,20260330,Screen,Interview,1154
E004648,A01413,P0103,REQK0010,USERK0003,2026-03-30 16:44:31,20260330,,Applied,4648
E001539,A00470,P0509,REQK0009,USERK0001,2026-03-30 17:30:17,20260330,,Applied,1539
E004073,A01231,P0258,REQK0013,USERK0004,2026-03-30 19:36:24,20260330,Offer,Hired,4073
E001702,A00522,P0527,REQK0011,USERK0004,2026-03-30 22:17:27,20260330,Interview,Offer,1702
E002625,A00800,P0111,REQK0023,USERK0003,2026-03-31 00:35:19,20260331,,Applied,2625
E002281,A00695,P0066,REQK0020,USERK0003,2026-03-31 02:22:46,20260331,Applied,Rejected,2281
E001341,A00410,P0146,REQK0014,USERK0001,2026-03-31 02:42:22,20260331,Applied,Screen,1341
E000867,A00269,P0414,REQK0022,USERK0001,2026-03-31 03:51:31,20260331,Screen,Interview,867
E004337,A01312,P0273,REQK0016,USERK0003,2026-03-31 05:50:33,20260331,,Applied,4337
E003377,A01022,P0056,REQK0013,USERK0003,2026-03-31 06:29:51,20260331,Applied,Screen,3377
E003740,A01134,P0432,REQK0017,USERK0002,2026-03-31 06:50:19,20260331,Offer,Hired,3740
E001455,A00442,P0309,REQK0007,USERK0002,2026-03-31 14:04:49,20260331,,Applied,1455
E000781,A00245,P0283,REQK0018,USERK0003,2026-03-31 15:43:04,20260331,,Applied,781
E001692,A00519,P0414,REQK0015,USERK0002,2026-03-31 16:03:11,20260331,,Applied,1692
E001858,A00569,P0422,REQK0020,USERK0001,2026-03-31 18:46:08,20260331,Interview,Offer,1858
E002514,A00764,P0544,REQK0020,USERK0004,2026-03-31 20:03:11,20260331,Applied,Rejected,2514
E000970,A00299,P0264,REQK0023,USERK0002,2026-03-31 21:27:30,20260331,,Applied,970
E002730,A00829,P0292,REQK0023,USERK0003,2026-03-31 21:54:08,20260331,Screen,Interview,2730
E001640,A00503,P0431,REQK0010,USERK0001,2026-03-31 21:54:56,20260331,,Applied,1640
E002245,A00683,P0205,REQK0013,USERK0001,2026-04-01 00:30:46,20260401,Applied,Screen,2245
E002981,A00903,P0512,REQK0020,USERK0002,2026-04-01 00:53:38,20260401,Applied,Screen,2981
E002016,A00616,P0055,REQK0002,USERK0004,2026-04-01 01:50:02,20260401,Interview,Offer,2016
E004128,A01248,P0319,REQK0007,USERK0002,2026-04-01 02:06:25,20260401,Interview,Offer,4128
E000207,A00066,P0495,REQK0023,USERK0003,2026-04-01 02:16:08,20260401,,Applied,207
E002461,A00749,P0052,REQK0025,USERK0004,2026-04-01 02:16:16,20260401,Screen,Interview,2461
E001103,A00340,P0278,REQK0010,USERK0001,2026-04-01 02:19:50,20260401,Applied,Screen,1103
E001990,A00610,P0487,REQK0011,USERK0003,2026-04-01 02:50:06,20260401,,Applied,1990
E001062,A00327,P0003,REQK0012,USERK0001,2026-04-01 02:57:26,20260401,Screen,Interview,1062
E004060,A01227,P0054,REQK0020,USERK0003,2026-04-01 03:57:57,20260401,Applied,Rejected,4060
E001224,A00376,P0293,REQK0002,USERK0003,2026-04-01 05:25:31,20260401,,Applied,1224
E002890,A00876,P0555,REQK0011,USERK0002,2026-04-01 09:09:20,20260401,Applied,Screen,2890
E002735,A00830,P0170,REQK0005,USERK0001,2026-04-01 09:17:58,20260401,Screen,Interview,2735
E000656,A00205,P0049,REQK0022,USERK0002,2026-04-01 09:58:07,20260401,,Applied,656
E000501,A00156,P0040,REQK0003,USERK0001,2026-04-01 11:27:32,20260401,,Applied,501
E001659,A00509,P0031,REQK0017,USERK0003,2026-04-01 12:21:45,20260401,,Applied,1659
E000707,A00221,P0154,REQK0010,USERK0001,2026-04-01 12:27:33,20260401,,Applied,707
E000203,A00065,P0114,REQK0020,USERK0003,2026-04-01 13:50:07,20260401,Applied,Screen,203
E000179,A00058,P0010,REQK0005,USERK0004,2026-04-01 13:56:01,20260401,,Applied,179
E003687,A01118,P0127,REQK0006,USERK0004,2026-04-01 14:54:01,20260401,Applied,Screen,3687
E000579,A00181,P0175,REQK0023,USERK0001,2026-04-01 15:45:22,20260401,Applied,Screen,579
E000560,A00174,P0279,REQK0017,USERK0001,2026-04-01 18:36:37,20260401,Screen,Withdrawn,560
E001250,A00382,P0240,REQK0018,USERK0001,2026-04-01 20:03:40,20260401,Screen,Interview,1250
E000014,A00006,P0159,REQK0017,USERK0001,2026-04-02 00:56:58,20260402,Applied,Screen,14
E000644,A00201,P0404,REQK0005,USERK0002,2026-04-02 01:05:50,20260402,Applied,Screen,644
E002133,A00651,P0036,REQK0005,USERK0004,2026-04-02 02:15:10,20260402,Screen,Interview,2133
E000237,A00074,P0139,REQK0018,USERK0003,2026-04-02 02:16:10,20260402,,Applied,237
E003509,A01066,P0012,REQK0016,USERK0002,2026-04-02 02:38:27,20260402,,Applied,3509
E003843,A01167,P0107,REQK0006,USERK0002,2026-04-02 06:56:57,20260402,,Applied,3843
E000820,A00255,P0304,REQK0011,USERK0003,2026-04-02 10:07:09,20260402,Applied,Screen,820
E000868,A00269,P0414,REQK0022,USERK0002,2026-04-02 12:51:31,20260402,Interview,Offer,868
E001854,A00568,P0040,REQK0018,USERK0001,2026-04-02 13:48:55,20260402,Interview,Withdrawn,1854
E001577,A00483,P0156,REQK0013,USERK0003,2026-04-02 14:09:20,20260402,Offer,Rejected,1577
E004545,A01381,P0383,REQK0006,USERK0003,2026-04-02 16:33:45,20260402,Screen,Withdrawn,4545
E004338,A01312,P0273,REQK0016,USERK0003,2026-04-02 18:50:33,20260402,Applied,Screen,4338
E002982,A00903,P0512,REQK0020,USERK0004,2026-04-02 20:53:38,20260402,Screen,Rejected,2982
E001729,A00530,P0379,REQK0010,USERK0003,2026-04-02 20:56:46,20260402,Interview,Offer,1729
E002891,A00876,P0555,REQK0011,USERK0001,2026-04-02 23:09:20,20260402,Screen,Withdrawn,2891
E004537,A01379,P0214,REQK0012,USERK0004,2026-04-02 23:16:01,20260402,Screen,Withdrawn,4537
E002186,A00666,P0214,REQK0009,USERK0001,2026-04-02 23:22:39,20260402,,Applied,2186
E001317,A00403,P0324,REQK0022,USERK0004,2026-04-03 00:45:17,20260403,Applied,Rejected,1317
E002809,A00852,P0267,REQK0005,USERK0001,2026-04-03 00:50:54,20260403,Applied,Screen,2809
E004711,A01432,P0236,REQK0022,USERK0003,2026-04-03 01:32:03,20260403,Applied,Screen,4711
E003389,A01026,P0306,REQK0018,USERK0003,2026-04-03 01:54:38,20260403,Applied,Screen,3389
E000502,A00156,P0040,REQK0003,USERK0001,2026-04-03 02:27:32,20260403,Applied,Rejected,502
E000167,A00055,P0327,REQK0023,USERK0002,2026-04-03 03:58:20,20260403,,Applied,167
E004384,A01326,P0261,REQK0007,USERK0003,2026-04-03 04:02:15,20260403,Applied,Withdrawn,4384
E002731,A00829,P0292,REQK0023,USERK0002,2026-04-03 05:54:08,20260403,Interview,Offer,2731
E002246,A00683,P0205,REQK0013,USERK0003,2026-04-03 07:30:46,20260403,Screen,Withdrawn,2246
E000722,A00226,P0493,REQK0017,USERK0001,2026-04-03 07:44:47,20260403,Applied,Rejected,722
E002176,A00663,P0124,REQK0015,USERK0003,2026-04-03 08:58:08,20260403,,Applied,2176
E000977,A00301,P0448,REQK0023,USERK0002,2026-04-03 09:01:22,20260403,Applied,Rejected,977
E002415,A00735,P0159,REQK0023,USERK0002,2026-04-03 10:30:14,20260403,Applied,Screen,2415
E002669,A00811,P0532,REQK0023,USERK0001,2026-04-03 11:31:18,20260403,Applied,Withdrawn,2669
E002998,A00909,P0048,REQK0022,USERK0001,2026-04-03 13:21:48,20260403,Interview,Withdrawn,2998
E001744,A00536,P0133,REQK0020,USERK0004,2026-04-03 17:10:20,20260403,,Applied,1744
E000657,A00205,P0049,REQK0022,USERK0004,2026-04-03 17:58:07,20260403,Applied,Screen,657
E000136,A00045,P0410,REQK0006,USERK0003,2026-04-03 18:26:13,20260403,Screen,Interview,136
E000241,A00075,P0140,REQK0023,USERK0001,2026-04-03 20:16:21,20260403,,Applied,241
E002142,A00653,P0077,REQK0016,USERK0002,2026-04-03 20:42:26,20260403,Applied,Rejected,2142
E004300,A01301,P0385,REQK0013,USERK0002,2026-04-03 22:21:36,20260403,,Applied,4300
E000796,A00248,P0381,REQK0023,USERK0001,2026-04-04 02:04:30,20260404,,Applied,796
E003209,A00973,P0184,REQK0018,USERK0002,2026-04-04 02:07:35,20260404,Applied,Screen,3209
E002917,A00884,P0172,REQK0023,USERK0004,2026-04-04 04:18:33,20260404,Applied,Screen,2917
E001031,A00318,P0119,REQK0022,USERK0001,2026-04-04 04:21:08,20260404,,Applied,1031
E003753,A01138,P0548,REQK0010,USERK0003,2026-04-04 04:32:30,20260404,,Applied,3753
E000653,A00203,P0232,REQK0013,USERK0004,2026-04-04 05:15:03,20260404,Interview,Withdrawn,653
E004106,A01241,P0526,REQK0009,USERK0003,2026-04-04 05:21:32,20260404,,Applied,4106
E000020,A00008,P0478,REQK0016,USERK0004,2026-04-04 05:28:52,20260404,Applied,Withdrawn,20
E001541,A00471,P0137,REQK0012,USERK0003,2026-04-04 05:35:00,20260404,,Applied,1541
E000580,A00181,P0175,REQK0023,USERK0001,2026-04-04 05:45:22,20260404,Screen,Withdrawn,580
E004314,A01304,P0452,REQK0010,USERK0001,2026-04-04 06:55:40,20260404,Applied,Rejected,4314
E000315,A00099,P0398,REQK0006,USERK0004,2026-04-04 09:00:00,20260404,,Applied,315
E000357,A00112,P0361,REQK0020,USERK0004,2026-04-04 10:06:01,20260404,Interview,Offer,357
E002527,A00769,P0060,REQK0013,USERK0002,2026-04-04 11:11:06,20260404,,Applied,2527
E002134,A00651,P0036,REQK0005,USERK0003,2026-04-04 12:15:10,20260404,Interview,Offer,2134
E003546,A01077,P0154,REQK0020,USERK0002,2026-04-04 13:04:42,20260404,Screen,Rejected,3546
E001366,A00417,P0131,REQK0011,USERK0002,2026-04-04 13:13:48,20260404,Screen,Interview,1366
E002807,A00851,P0557,REQK0025,USERK0001,2026-04-04 13:58:47,20260404,Interview,Offer,2807
E001218,A00374,P0186,REQK0013,USERK0002,2026-04-04 14:50:43,20260404,,Applied,1218
E004243,A01281,P0198,REQK0017,USERK0001,2026-04-04 15:03:02,20260404,Interview,Rejected,4243
E000581,A00182,P0192,REQK0007,USERK0004,2026-04-04 15:22:58,20260404,,Applied,581
E000757,A00238,P0453,REQK0025,USERK0004,2026-04-04 18:24:04,20260404,,Applied,757
E000855,A00266,P0211,REQK0008,USERK0004,2026-04-04 19:39:15,20260404,,Applied,855
E002174,A00662,P0169,REQK0020,USERK0003,2026-04-04 20:39:11,20260404,Interview,Offer,2174
E003860,A01172,P0394,REQK0008,USERK0002,2026-04-04 21:30:03,20260404,,Applied,3860
E003709,A01124,P0202,REQK0014,USERK0004,2026-04-04 22:23:08,20260404,Screen,Interview,3709
E004149,A01256,P0066,REQK0014,USERK0004,2026-04-04 23:29:06,20260404,Applied,Screen,4149
E003796,A01152,P0086,REQK0002,USERK0004,2026-04-05 00:38:09,20260405,,Applied,3796
E001141,A00351,P0276,REQK0017,USERK0002,2026-04-05 04:16:29,20260405,Screen,Interview,1141
E002219,A00676,P0440,REQK0002,USERK0004,2026-04-05 04:22:25,20260405,,Applied,2219
E001280,A00392,P0437,REQK0023,USERK0003,2026-04-05 05:21:25,20260405,,Applied,1280
E000222,A00070,P0272,REQK0008,USERK0002,2026-04-05 06:09:11,20260405,,Applied,222
E001542,A00471,P0137,REQK0012,USERK0003,2026-04-05 06:35:00,20260405,Applied,Rejected,1542
E004172,A01262,P0282,REQK0011,USERK0002,2026-04-05 08:49:43,20260405,Applied,Screen,4172
E002857,A00867,P0545,REQK0003,USERK0003,2026-04-05 10:27:17,20260405,Applied,Withdrawn,2857
E002626,A00800,P0111,REQK0023,USERK0003,2026-04-05 12:35:19,20260405,Applied,Screen,2626
E000286,A00090,P0180,REQK0020,USERK0001,2026-04-05 13:25:20,20260405,,Applied,286
E002464,A00750,P0161,REQK0017,USERK0002,2026-04-05 16:28:20,20260405,,Applied,2464
E002424,A00738,P0496,REQK0014,USERK0004,2026-04-05 17:13:43,20260405,,Applied,2424
E003347,A01013,P0213,REQK0009,USERK0004,2026-04-05 20:35:59,20260405,Interview,Offer,3347
E002494,A00758,P0330,REQK0013,USERK0002,2026-04-05 22:21:47,20260405,Screen,Interview,2494
E001413,A00430,P0364,REQK0007,USERK0001,2026-04-06 00:37:54,20260406,Screen,Withdrawn,1413
E002967,A00899,P0130,REQK0015,USERK0002,2026-04-06 02:56:05,20260406,Applied,Screen,2967
E002220,A00676,P0440,REQK0002,USERK0002,2026-04-06 05:22:25,20260406,Applied,Rejected,2220
E002088,A00638,P0459,REQK0005,USERK0004,2026-04-06 06:00:39,20260406,,Applied,2088
E003497,A01061,P0060,REQK0025,USERK0001,2026-04-06 06:02:19,20260406,Offer,Hired,3497
E002810,A00852,P0267,REQK0005,USERK0003,2026-04-06 09:50:54,20260406,Screen,Rejected,2810
E000442,A00138,P0065,REQK0003,USERK0001,2026-04-06 10:48:13,20260406,,Applied,442
E004554,A01384,P0166,REQK0005,USERK0002,2026-04-06 13:12:50,20260406,Applied,Withdrawn,4554
E000625,A00196,P0516,REQK0009,USERK0003,2026-04-06 13:48:04,20260406,,Applied,625
E001991,A00610,P0487,REQK0011,USERK0004,2026-04-06 13:50:06,20260406,Applied,Screen,1991
E002554,A00777,P0194,REQK0018,USERK0002,2026-04-06 14:09:00,20260406,Applied,Screen,2554
E001832,A00561,P0087,REQK0025,USERK0004,2026-04-06 17:26:25,20260406,Screen,Interview,1832
E000710,A00222,P0504,REQK0008,USERK0002,2026-04-06 20:34:46,20260406,,Applied,710
E004415,A01337,P0179,REQK0002,USERK0004,2026-04-06 22:45:55,20260406,,Applied,4415
E001745,A00536,P0133,REQK0020,USERK0002,2026-04-06 23:10:20,20260406,Applied,Screen,1745
E003394,A01028,P0293,REQK0018,USERK0001,2026-04-07 01:16:36,20260407,Applied,Screen,3394
E002693,A00820,P0084,REQK0008,USERK0002,2026-04-07 01:28:38,20260407,,Applied,2693
E000364,A00114,P0509,REQK0010,USERK0003,2026-04-07 04:14:56,20260407,Applied,Screen,364
E001281,A00392,P0437,REQK0023,USERK0004,2026-04-07 07:21:25,20260407,Applied,Withdrawn,1281
E000238,A00074,P0139,REQK0018,USERK0002,2026-04-07 09:16:10,20260407,Applied,Screen,238
E001978,A00606,P0462,REQK0025,USERK0001,2026-04-07 10:39:36,20260407,,Applied,1978
E001479,A00451,P0410,REQK0002,USERK0001,2026-04-07 10:50:38,20260407,,Applied,1479
E000547,A00170,P0349,REQK0022,USERK0003,2026-04-07 12:14:49,20260407,,Applied,547
E004763,A01448,P0443,REQK0010,USERK0001,2026-04-07 13:11:33,20260407,,Applied,4763
E003754,A01138,P0548,REQK0010,USERK0002,2026-04-07 13:32:30,20260407,Applied,Rejected,3754
E001417,A00432,P0394,REQK0016,USERK0003,2026-04-07 14:38:27,20260407,,Applied,1417
E000969,A00298,P0461,REQK0013,USERK0002,2026-04-07 14:48:11,20260407,Offer,Hired,969
E002709,A00824,P0256,REQK0015,USERK0003,2026-04-07 15:15:43,20260407,,Applied,2709
E001104,A00340,P0278,REQK0010,USERK0004,2026-04-07 17:19:50,20260407,Screen,Interview,1104
E001225,A00376,P0293,REQK0002,USERK0004,2026-04-07 17:25:31,20260407,Applied,Screen,1225
E004515,A01371,P0208,REQK0008,USERK0004,2026-04-07 18:34:11,20260407,,Applied,4515
E003519,A01069,P0074,REQK0022,USERK0003,2026-04-07 18:47:06,20260407,,Applied,3519
E001548,A00474,P0135,REQK0012,USERK0003,2026-04-07 22:43:53,20260407,,Applied,1548
E004155,A01258,P0335,REQK0025,USERK0004,2026-04-08 02:35:51,20260408,,Applied,4155
E001155,A00354,P0549,REQK0023,USERK0003,2026-04-08 03:16:45,20260408,Interview,Offer,1155
E003734,A01133,P0285,REQK0008,USERK0003,2026-04-08 07:05:30,20260408,,Applied,3734
E003378,A01022,P0056,REQK0013,USERK0002,2026-04-08 07:29:51,20260408,Screen,Interview,3378
E002072,A00634,P0010,REQK0008,USERK0002,2026-04-08 08:25:57,20260408,,Applied,2072
E001234,A00378,P0385,REQK0013,USERK0003,2026-04-08 08:53:34,20260408,Applied,Screen,1234
E000743,A00234,P0032,REQK0005,USERK0004,2026-04-08 08:55:39,20260408,,Applied,743
E000541,A00168,P0194,REQK0017,USERK0001,2026-04-08 09:40:38,20260408,,Applied,541
E001693,A00519,P0414,REQK0015,USERK0003,2026-04-08 11:03:11,20260408,Applied,Withdrawn,1693
E001540,A00470,P0509,REQK0009,USERK0004,2026-04-08 13:30:17,20260408,Applied,Rejected,1540
E002350,A00717,P0363,REQK0002,USERK0003,2026-04-08 16:34:15,20260408,Applied,Screen,2350
E004185,A01265,P0089,REQK0012,USERK0004,2026-04-08 17:36:39,20260408,Screen,Interview,4185
E002135,A00651,P0036,REQK0005,USERK0003,2026-04-08 19:15:10,20260408,Offer,Withdrawn,2135
E000821,A00255,P0304,REQK0011,USERK0001,2026-04-08 22:07:09,20260408,Screen,Interview,821
E000229,A00071,P0303,REQK0020,USERK0004,2026-04-09 02:47:18,20260409,Interview,Rejected,229
E000856,A00266,P0211,REQK0008,USERK0002,2026-04-09 05:39:15,20260409,Applied,Screen,856
E001583,A00485,P0138,REQK0006,USERK0002,2026-04-09 06:35:16,20260409,,Applied,1583
E001545,A00473,P0133,REQK0007,USERK0004,2026-04-09 06:51:28,20260409,,Applied,1545
E002422,A00737,P0459,REQK0006,USERK0004,2026-04-09 07:07:23,20260409,,Applied,2422
E003904,A01184,P0032,REQK0015,USERK0002,2026-04-09 07:56:49,20260409,Applied,Withdrawn,3904
E000582,A00182,P0192,REQK0007,USERK0002,2026-04-09 10:22:58,20260409,Applied,Rejected,582
E003996,A01210,P0124,REQK0003,USERK0002,2026-04-09 10:28:03,20260409,Interview,Offer,3996
E002438,A00742,P0412,REQK0006,USERK0001,2026-04-09 10:35:56,20260409,Screen,Interview,2438
E002425,A00738,P0496,REQK0014,USERK0004,2026-04-09 17:13:43,20260409,Applied,Withdrawn,2425
E001979,A00606,P0462,REQK0025,USERK0003,2026-04-09 17:39:36,20260409,Applied,Screen,1979
E004649,A01413,P0103,REQK0010,USERK0004,2026-04-09 17:44:31,20260409,Applied,Screen,4649
E004771,A01450,P0356,REQK0013,USERK0001,2026-04-09 18:06:15,20260409,Applied,Screen,4771
E003861,A01172,P0394,REQK0008,USERK0004,2026-04-09 21:30:03,20260409,Applied,Screen,3861
E004324,A01307,P0241,REQK0009,USERK0003,2026-04-09 23:19:31,20260409,Offer,Withdrawn,4324
E000588,A00184,P0050,REQK0017,USERK0004,2026-04-10 03:32:51,20260410,,Applied,588
E003175,A00963,P0195,REQK0008,USERK0003,2026-04-10 07:57:49,20260410,,Applied,3175
E000080,A00027,P0168,REQK0011,USERK0004,2026-04-10 08:08:08,20260410,,Applied,80
E003691,A01119,P0254,REQK0012,USERK0003,2026-04-10 08:19:54,20260410,Screen,Interview,3691
E001697,A00521,P0302,REQK0023,USERK0003,2026-04-10 10:29:14,20260410,Applied,Screen,1697
E003844,A01167,P0107,REQK0006,USERK0003,2026-04-10 11:56:57,20260410,Applied,Screen,3844
E003226,A00977,P0258,REQK0020,USERK0002,2026-04-10 14:34:45,20260410,Applied,Screen,3226
E002183,A00665,P0280,REQK0011,USERK0001,2026-04-10 14:49:48,20260410,,Applied,2183
E004301,A01301,P0385,REQK0013,USERK0001,2026-04-10 15:21:36,20260410,Applied,Screen,4301
E004272,A01291,P0321,REQK0004,USERK0001,2026-04-10 16:21:32,20260410,,Applied,4272
E004168,A01261,P0367,REQK0025,USERK0003,2026-04-10 18:57:45,20260410,,Applied,4168
E000658,A00205,P0049,REQK0022,USERK0002,2026-04-10 19:58:07,20260410,Screen,Interview,658
E000365,A00114,P0509,REQK0010,USERK0001,2026-04-10 21:14:56,20260410,Screen,Interview,365
E000204,A00065,P0114,REQK0020,USERK0001,2026-04-11 00:50:07,20260411,Screen,Interview,204
E002405,A00732,P0138,REQK0015,USERK0001,2026-04-11 01:44:58,20260411,,Applied,2405
E001862,A00570,P0253,REQK0015,USERK0004,2026-04-11 03:16:32,20260411,Screen,Interview,1862
E004409,A01335,P0008,REQK0004,USERK0002,2026-04-11 04:09:59,20260411,,Applied,4409
E003251,A00985,P0419,REQK0020,USERK0004,2026-04-11 05:38:26,20260411,,Applied,3251
E000822,A00255,P0304,REQK0011,USERK0004,2026-04-11 06:07:09,20260411,Interview,Rejected,822
E004142,A01253,P0508,REQK0020,USERK0001,2026-04-11 06:42:42,20260411,,Applied,4142
E001981,A00607,P0074,REQK0005,USERK0002,2026-04-11 08:36:23,20260411,,Applied,1981
E001235,A00378,P0385,REQK0013,USERK0001,2026-04-11 08:53:34,20260411,Screen,Interview,1235
E000180,A00058,P0010,REQK0005,USERK0004,2026-04-11 08:56:01,20260411,Applied,Screen,180
E004303,A01302,P0426,REQK0005,USERK0002,2026-04-11 10:46:43,20260411,,Applied,4303
E004456,A01352,P0023,REQK0010,USERK0001,2026-04-11 11:00:45,20260411,,Applied,4456
E000168,A00055,P0327,REQK0023,USERK0002,2026-04-11 12:58:20,20260411,Applied,Screen,168
E002089,A00638,P0459,REQK0005,USERK0003,2026-04-11 18:00:39,20260411,Applied,Screen,2089
E002983,A00904,P0538,REQK0020,USERK0002,2026-04-11 18:46:01,20260411,,Applied,2983
E001641,A00503,P0431,REQK0010,USERK0002,2026-04-11 23:54:56,20260411,Applied,Screen,1641
E001437,A00437,P0212,REQK0011,USERK0003,2026-04-12 03:42:40,20260412,Offer,Hired,1437
E003987,A01208,P0217,REQK0018,USERK0003,2026-04-12 03:57:36,20260412,Interview,Offer,3987
E004663,A01418,P0047,REQK0011,USERK0002,2026-04-12 04:07:11,20260412,,Applied,4663
E002653,A00807,P0111,REQK0018,USERK0003,2026-04-12 04:31:53,20260412,,Applied,2653
E001397,A00426,P0295,REQK0025,USERK0001,2026-04-12 04:53:27,20260412,,Applied,1397
E002406,A00732,P0138,REQK0015,USERK0003,2026-04-12 05:44:58,20260412,Applied,Withdrawn,2406
E001117,A00344,P0265,REQK0023,USERK0004,2026-04-12 06:47:08,20260412,Screen,Interview,1117
E004129,A01248,P0319,REQK0007,USERK0003,2026-04-12 10:06:25,20260412,Offer,Withdrawn,4129
E001124,A00346,P0473,REQK0017,USERK0003,2026-04-12 10:37:03,20260412,,Applied,1124
E002968,A00899,P0130,REQK0015,USERK0002,2026-04-12 16:56:05,20260412,Screen,Interview,2968
E000758,A00238,P0453,REQK0025,USERK0003,2026-04-12 20:24:04,20260412,Applied,Screen,758
E001418,A00432,P0394,REQK0016,USERK0001,2026-04-12 21:38:27,20260412,Applied,Withdrawn,1418
E003176,A00963,P0195,REQK0008,USERK0003,2026-04-12 21:57:49,20260412,Applied,Rejected,3176
E003510,A01066,P0012,REQK0016,USERK0001,2026-04-12 22:38:27,20260412,Applied,Screen,3510
E002568,A00781,P0371,REQK0015,USERK0003,2026-04-13 02:45:38,20260413,,Applied,2568
E001480,A00451,P0410,REQK0002,USERK0001,2026-04-13 02:50:38,20260413,Applied,Screen,1480
E004650,A01413,P0103,REQK0010,USERK0002,2026-04-13 03:44:31,20260413,Screen,Interview,4650
E004516,A01371,P0208,REQK0008,USERK0003,2026-04-13 04:34:11,20260413,Applied,Screen,4516
E003710,A01124,P0202,REQK0014,USERK0003,2026-04-13 07:23:08,20260413,Interview,Offer,3710
E004093,A01237,P0368,REQK0013,USERK0002,2026-04-13 08:53:04,20260413,Screen,Interview,4093
E000181,A00058,P0010,REQK0005,USERK0003,2026-04-13 09:56:01,20260413,Screen,Interview,181
E002209,A00673,P0554,REQK0012,USERK0002,2026-04-13 14:30:40,20260413,,Applied,2209
E000129,A00042,P0557,REQK0025,USERK0002,2026-04-13 15:27:52,20260413,Screen,Withdrawn,129
E001219,A00374,P0186,REQK0013,USERK0003,2026-04-13 17:50:43,20260413,Applied,Screen,1219
E003879,A01177,P0209,REQK0010,USERK0001,2026-04-13 18:46:03,20260413,,Applied,3879
E001698,A00521,P0302,REQK0023,USERK0003,2026-04-13 20:29:14,20260413,Screen,Withdrawn,1698
E003379,A01022,P0056,REQK0013,USERK0003,2026-04-13 20:29:51,20260413,Interview,Offer,3379
E000239,A00074,P0139,REQK0018,USERK0001,2026-04-13 21:16:10,20260413,Screen,Interview,239
E002327,A00710,P0026,REQK0020,USERK0001,2026-04-13 21:30:50,20260413,,Applied,2327
E000744,A00234,P0032,REQK0005,USERK0001,2026-04-14 00:55:39,20260414,Applied,Screen,744
E002416,A00735,P0159,REQK0023,USERK0001,2026-04-14 04:30:14,20260414,Screen,Interview,2416
E004130,A01249,P0465,REQK0004,USERK0002,2026-04-14 04:45:14,20260414,,Applied,4130
E003688,A01118,P0127,REQK0006,USERK0003,2026-04-14 04:54:01,20260414,Screen,Withdrawn,3688
E001863,A00570,P0253,REQK0015,USERK0004,2026-04-14 05:16:32,20260414,Interview,Offer,1863
E001105,A00340,P0278,REQK0010,USERK0004,2026-04-14 05:19:50,20260414,Interview,Offer,1105
E000700,A00219,P0005,REQK0018,USERK0001,2026-04-14 06:01:39,20260414,,Applied,700
E003845,A01167,P0107,REQK0006,USERK0004,2026-04-14 06:56:57,20260414,Screen,Rejected,3845
E001342,A00410,P0146,REQK0014,USERK0002,2026-04-14 09:42:22,20260414,Screen,Interview,1342
E002423,A00737,P0459,REQK0006,USERK0002,2026-04-14 10:07:23,20260414,Applied,Withdrawn,2423
E001549,A00474,P0135,REQK0012,USERK0001,2026-04-14 13:43:53,20260414,Applied,Screen,1549
E002090,A00638,P0459,REQK0005,USERK0001,2026-04-14 14:00:39,20260414,Screen,Withdrawn,2090
E000797,A00248,P0381,REQK0023,USERK0004,2026-04-14 14:04:30,20260414,Applied,Rejected,797
E003070,A00932,P0083,REQK0008,USERK0002,2026-04-14 14:25:05,20260414,,Applied,3070
E004044,A01222,P0064,REQK0010,USERK0004,2026-04-14 16:36:16,20260414,Screen,Interview,4044
E001642,A00503,P0431,REQK0010,USERK0002,2026-04-14 16:54:56,20260414,Screen,Withdrawn,1642
E001456,A00442,P0309,REQK0007,USERK0003,2026-04-14 17:04:49,20260414,Applied,Withdrawn,1456
E003988,A01208,P0217,REQK0018,USERK0003,2026-04-14 17:57:36,20260414,Offer,Rejected,3988
E004664,A01418,P0047,REQK0011,USERK0002,2026-04-14 21:07:11,20260414,Applied,Screen,4664
E001918,A00587,P0423,REQK0022,USERK0003,2026-04-14 21:31:41,20260414,Applied,Screen,1918
E002664,A00810,P0353,REQK0008,USERK0002,2026-04-14 22:38:34,20260414,,Applied,2664
E000081,A00027,P0168,REQK0011,USERK0002,2026-04-14 23:08:08,20260414,Applied,Withdrawn,81
E001982,A00607,P0074,REQK0005,USERK0002,2026-04-15 04:36:23,20260415,Applied,Screen,1982
E001807,A00555,P0326,REQK0010,USERK0001,2026-04-15 05:34:09,20260415,,Applied,1807
E003008,A00913,P0030,REQK0006,USERK0003,2026-04-15 05:59:25,20260415,,Applied,3008
E003913,A01187,P0418,REQK0023,USERK0001,2026-04-15 07:08:06,20260415,,Applied,3913
E001842,A00565,P0248,REQK0013,USERK0004,2026-04-15 07:11:51,20260415,,Applied,1842
E004107,A01241,P0526,REQK0009,USERK0001,2026-04-15 07:21:32,20260415,Applied,Screen,4107
E001226,A00376,P0293,REQK0002,USERK0004,2026-04-15 07:25:31,20260415,Screen,Interview,1226
E003759,A01140,P0224,REQK0017,USERK0001,2026-04-15 08:30:58,20260415,,Applied,3759
E000236,A00073,P0415,REQK0015,USERK0002,2026-04-15 09:10:20,20260415,Offer,Hired,236
E003390,A01026,P0306,REQK0018,USERK0002,2026-04-15 11:54:38,20260415,Screen,Rejected,3390
E002654,A00807,P0111,REQK0018,USERK0002,2026-04-15 12:31:53,20260415,Applied,Screen,2654
E000963,A00297,P0026,REQK0004,USERK0001,2026-04-15 12:36:07,20260415,,Applied,963
E002138,A00652,P0532,REQK0018,USERK0001,2026-04-15 13:14:39,20260415,Screen,Interview,2138
E001276,A00391,P0349,REQK0026,USERK0001,2026-04-15 13:28:31,20260415,,Applied,1276
E004410,A01335,P0008,REQK0004,USERK0002,2026-04-15 15:09:59,20260415,Applied,Rejected,4410
E004483,A01360,P0056,REQK0015,USERK0003,2026-04-15 15:12:35,20260415,,Applied,4483
E002736,A00830,P0170,REQK0005,USERK0001,2026-04-15 15:17:58,20260415,Interview,Offer,2736
E000708,A00221,P0154,REQK0010,USERK0002,2026-04-15 20:27:33,20260415,Applied,Screen,708
E001120,A00345,P0094,REQK0013,USERK0001,2026-04-15 20:56:17,20260415,Applied,Screen,1120
E004302,A01301,P0385,REQK0013,USERK0001,2026-04-15 22:21:36,20260415,Screen,Withdrawn,4302
E000626,A00196,P0516,REQK0009,USERK0004,2026-04-15 22:48:04,20260415,Applied,Screen,626
E003088,A00936,P0453,REQK0005,USERK0004,2026-04-16 00:32:13,20260416,,Applied,3088
E002180,A00664,P0298,REQK0004,USERK0004,2026-04-16 00:34:00,20260416,,Applied,2180
E002969,A00899,P0130,REQK0015,USERK0001,2026-04-16 00:56:05,20260416,Interview,Offer,2969
E000316,A00099,P0398,REQK0006,USERK0001,2026-04-16 01:00:00,20260416,Applied,Screen,316
E001660,A00509,P0031,REQK0017,USERK0004,2026-04-16 02:21:45,20260416,Applied,Screen,1660
E000589,A00184,P0050,REQK0017,USERK0002,2026-04-16 03:32:51,20260416,Applied,Withdrawn,589
E002884,A00875,P0071,REQK0015,USERK0003,2026-04-16 03:34:34,20260416,,Applied,2884
E004277,A01293,P0551,REQK0008,USERK0003,2026-04-16 07:09:19,20260416,,Applied,4277
E002893,A00877,P0141,REQK0020,USERK0004,2026-04-16 11:06:52,20260416,Applied,Screen,2893
E003210,A00973,P0184,REQK0018,USERK0001,2026-04-16 12:07:35,20260416,Screen,Interview,3210
E001398,A00426,P0295,REQK0025,USERK0002,2026-04-16 12:53:27,20260416,Applied,Screen,1398
E001984,A00608,P0168,REQK0017,USERK0001,2026-04-16 13:34:25,20260416,,Applied,1984
E001156,A00354,P0549,REQK0023,USERK0002,2026-04-16 16:16:45,20260416,Offer,Withdrawn,1156
E003862,A01172,P0394,REQK0008,USERK0003,2026-04-16 16:30:03,20260416,Screen,Interview,3862
E000247,A00077,P0174,REQK0015,USERK0004,2026-04-16 17:53:33,20260416,,Applied,247
E003196,A00969,P0386,REQK0005,USERK0001,2026-04-16 18:10:04,20260416,,Applied,3196
E002210,A00673,P0554,REQK0012,USERK0001,2026-04-16 21:30:40,20260416,Applied,Withdrawn,2210
E001650,A00506,P0252,REQK0023,USERK0001,2026-04-16 23:31:27,20260416,,Applied,1650
E001859,A00569,P0422,REQK0020,USERK0001,2026-04-16 23:46:08,20260416,Offer,Hired,1859
E001821,A00558,P0327,REQK0005,USERK0002,2026-04-17 05:17:28,20260417,Interview,Offer,1821
E002627,A00800,P0111,REQK0023,USERK0003,2026-04-17 05:35:19,20260417,Screen,Interview,2627
E004045,A01222,P0064,REQK0010,USERK0001,2026-04-17 06:36:16,20260417,Interview,Offer,4045
E001935,A00592,P0009,REQK0012,USERK0004,2026-04-17 07:28:10,20260417,Offer,Hired,1935
E003797,A01152,P0086,REQK0002,USERK0003,2026-04-17 10:38:09,20260417,Applied,Withdrawn,3797
E000137,A00045,P0410,REQK0006,USERK0003,2026-04-17 11:26:13,20260417,Interview,Offer,137
E004712,A01432,P0236,REQK0022,USERK0003,2026-04-17 11:32:03,20260417,Screen,Rejected,4712
E002465,A00750,P0161,REQK0017,USERK0003,2026-04-17 12:28:20,20260417,Applied,Screen,2465
E000709,A00221,P0154,REQK0010,USERK0001,2026-04-17 13:27:33,20260417,Screen,Rejected,709
E000443,A00138,P0065,REQK0003,USERK0001,2026-04-17 13:48:13,20260417,Applied,Screen,443
E004140,A01252,P0457,REQK0004,USERK0004,2026-04-17 15:31:51,20260417,,Applied,4140
E001227,A00376,P0293,REQK0002,USERK0004,2026-04-17 19:25:31,20260417,Interview,Withdrawn,1227
E003156,A00957,P0147,REQK0024,USERK0001,2026-04-17 19:25:59,20260417,,Applied,3156
E000223,A00070,P0272,REQK0008,USERK0002,2026-04-17 20:09:11,20260417,Applied,Screen,223
E001130,A00348,P0109,REQK0003,USERK0003,2026-04-17 21:02:59,20260417,Applied,Screen,1130
E003735,A01133,P0285,REQK0008,USERK0002,2026-04-17 21:05:30,20260417,Applied,Rejected,3735
E001748,A00537,P0125,REQK0016,USERK0001,2026-04-17 21:44:25,20260417,,Applied,1748
E000264,A00082,P0493,REQK0026,USERK0002,2026-04-17 22:26:56,20260417,,Applied,264
E001125,A00346,P0473,REQK0017,USERK0002,2026-04-17 23:37:03,20260417,Applied,Screen,1125
E004764,A01448,P0443,REQK0010,USERK0001,2026-04-18 00:11:33,20260418,Applied,Withdrawn,4764
E002462,A00749,P0052,REQK0025,USERK0004,2026-04-18 02:16:16,20260418,Interview,Offer,2462
E001063,A00327,P0003,REQK0012,USERK0002,2026-04-18 02:57:26,20260418,Interview,Offer,1063
E003880,A01177,P0209,REQK0010,USERK0001,2026-04-18 03:46:03,20260418,Applied,Screen,3880
E001661,A00509,P0031,REQK0017,USERK0002,2026-04-18 05:21:45,20260418,Screen,Interview,1661
E002665,A00810,P0353,REQK0008,USERK0002,2026-04-18 06:38:34,20260418,Applied,Screen,2665
E000971,A00299,P0264,REQK0023,USERK0001,2026-04-18 08:27:30,20260418,Applied,Screen,971
E001584,A00485,P0138,REQK0006,USERK0003,2026-04-18 08:35:16,20260418,Applied,Screen,1584
E000242,A00075,P0140,REQK0023,USERK0003,2026-04-18 10:16:21,20260418,Applied,Screen,242
E004156,A01258,P0335,REQK0025,USERK0004,2026-04-18 10:35:51,20260418,Applied,Screen,4156
E003511,A01066,P0012,REQK0016,USERK0002,2026-04-18 10:38:27,20260418,Screen,Withdrawn,3511
E001220,A00374,P0186,REQK0013,USERK0001,2026-04-18 13:50:43,20260418,Screen,Interview,1220
E002732,A00829,P0292,REQK0023,USERK0002,2026-04-18 15:54:08,20260418,Offer,Hired,2732
E004328,A01309,P0416,REQK0016,USERK0003,2026-04-18 17:58:43,20260418,,Applied,4328
E002426,A00739,P0071,REQK0008,USERK0003,2026-04-18 18:11:10,20260418,,Applied,2426
E004150,A01256,P0066,REQK0014,USERK0004,2026-04-18 19:29:06,20260418,Screen,Interview,4150
E002655,A00807,P0111,REQK0018,USERK0002,2026-04-18 19:31:53,20260418,Screen,Interview,2655
E002184,A00665,P0280,REQK0011,USERK0001,2026-04-18 19:49:48,20260418,Applied,Screen,2184
E003716,A01127,P0297,REQK0022,USERK0001,2026-04-18 20:10:42,20260418,,Applied,3716
E000876,A00272,P0016,REQK0015,USERK0001,2026-04-18 20:58:16,20260418,,Applied,876
E004560,A01387,P0548,REQK0003,USERK0002,2026-04-18 21:32:13,20260418,,Applied,4560
E004186,A01265,P0089,REQK0012,USERK0004,2026-04-18 23:36:39,20260418,Interview,Withdrawn,4186
E002068,A00633,P0385,REQK0006,USERK0002,2026-04-18 23:55:28,20260418,,Applied,2068
E002230,A00679,P0003,REQK0021,USERK0003,2026-04-19 00:36:52,20260419,,Applied,2230
E000240,A00074,P0139,REQK0018,USERK0001,2026-04-19 03:16:10,20260419,Interview,Withdrawn,240
E000759,A00238,P0453,REQK0025,USERK0001,2026-04-19 05:24:04,20260419,Screen,Interview,759
E001992,A00610,P0487,REQK0011,USERK0004,2026-04-19 06:50:06,20260419,Screen,Withdrawn,1992
E003227,A00977,P0258,REQK0020,USERK0004,2026-04-19 08:34:45,20260419,Screen,Rejected,3227
E004517,A01371,P0208,REQK0008,USERK0002,2026-04-19 09:34:11,20260419,Screen,Withdrawn,4517
E002351,A00717,P0363,REQK0002,USERK0002,2026-04-19 09:34:15,20260419,Screen,Interview,2351
E004173,A01262,P0282,REQK0011,USERK0002,2026-04-19 10:49:43,20260419,Screen,Withdrawn,4173
E001011,A00312,P0428,REQK0005,USERK0004,2026-04-19 11:52:39,20260419,,Applied,1011
E000620,A00195,P0500,REQK0026,USERK0001,2026-04-19 12:03:44,20260419,,Applied,620
E000839,A00262,P0428,REQK0016,USERK0001,2026-04-19 13:05:55,20260419,,Applied,839
E000182,A00058,P0010,REQK0005,USERK0004,2026-04-19 13:56:01,20260419,Interview,Withdrawn,182
E000287,A00090,P0180,REQK0020,USERK0003,2026-04-19 16:25:20,20260419,Applied,Screen,287
E000158,A00052,P0295,REQK0018,USERK0003,2026-04-19 17:54:15,20260419,,Applied,158
E003252,A00985,P0419,REQK0020,USERK0004,2026-04-19 18:38:26,20260419,Applied,Screen,3252
E000627,A00196,P0516,REQK0009,USERK0003,2026-04-19 18:48:04,20260419,Screen,Interview,627
E001263,A00387,P0541,REQK0014,USERK0004,2026-04-19 18:57:13,20260419,,Applied,1263
E001109,A00342,P0374,REQK0014,USERK0001,2026-04-19 20:23:48,20260419,,Applied,1109
E001613,A00494,P0059,REQK0018,USERK0004,2026-04-19 20:36:25,20260419,,Applied,1613
E000047,A00017,P0150,REQK0026,USERK0002,2026-04-19 20:40:26,20260419,,Applied,47
E001868,A00572,P0142,REQK0006,USERK0002,2026-04-19 21:52:46,20260419,,Applied,1868
E000711,A00222,P0504,REQK0008,USERK0004,2026-04-19 22:34:46,20260419,Applied,Withdrawn,711
E002681,A00816,P0175,REQK0020,USERK0002,2026-04-20 01:14:19,20260420,,Applied,2681
E003089,A00936,P0453,REQK0005,USERK0004,2026-04-20 01:32:13,20260420,Applied,Screen,3089
E004416,A01337,P0179,REQK0002,USERK0004,2026-04-20 01:45:55,20260420,Applied,Screen,4416
E003863,A01172,P0394,REQK0008,USERK0003,2026-04-20 07:30:03,20260420,Interview,Rejected,3863
E003997,A01210,P0124,REQK0003,USERK0003,2026-04-20 10:28:03,20260420,Offer,Rejected,3997
E003158,A00958,P0026,REQK0012,USERK0001,2026-04-20 10:41:57,20260420,,Applied,3158
E002022,A00618,P0218,REQK0003,USERK0001,2026-04-20 11:45:30,20260420,,Applied,2022
E002924,A00886,P0267,REQK0015,USERK0003,2026-04-20 13:53:11,20260420,Screen,Interview,2924
E002177,A00663,P0124,REQK0015,USERK0003,2026-04-20 13:58:08,20260420,Applied,Screen,2177
E001809,A00556,P0077,REQK0020,USERK0003,2026-04-20 14:18:43,20260420,,Applied,1809
E004350,A01316,P0258,REQK0020,USERK0004,2026-04-20 15:10:29,20260420,,Applied,4350
E000956,A00295,P0266,REQK0007,USERK0004,2026-04-20 15:11:29,20260420,,Applied,956
E000339,A00108,P0208,REQK0025,USERK0002,2026-04-20 15:24:50,20260420,,Applied,339
E000645,A00201,P0404,REQK0005,USERK0004,2026-04-20 16:05:50,20260420,Screen,Interview,645
E004304,A01302,P0426,REQK0005,USERK0004,2026-04-20 18:46:43,20260420,Applied,Screen,4304
E001032,A00318,P0119,REQK0022,USERK0003,2026-04-20 19:21:08,20260420,Applied,Screen,1032
E000015,A00006,P0159,REQK0017,USERK0004,2026-04-20 19:56:58,20260420,Screen,Interview,15
E001759,A00540,P0052,REQK0015,USERK0004,2026-04-20 20:15:51,20260420,,Applied,1759
E003395,A01028,P0293,REQK0018,USERK0003,2026-04-20 20:16:36,20260420,Screen,Interview,3395
E001518,A00462,P0231,REQK0022,USERK0004,2026-04-20 22:41:00,20260420,Screen,Interview,1518
E004143,A01253,P0508,REQK0020,USERK0003,2026-04-20 22:42:42,20260420,Applied,Withdrawn,4143
E001840,A00564,P0022,REQK0003,USERK0001,2026-04-20 23:25:35,20260420,,Applied,1840
E002488,A00757,P0270,REQK0017,USERK0003,2026-04-20 23:47:13,20260420,,Applied,2488
E000214,A00068,P0100,REQK0004,USERK0002,2026-04-21 04:57:24,20260421,,Applied,214
E001367,A00417,P0131,REQK0011,USERK0003,2026-04-21 06:13:48,20260421,Interview,Offer,1367
E000883,A00274,P0070,REQK0004,USERK0004,2026-04-21 06:16:10,20260421,,Applied,883
E002439,A00742,P0412,REQK0006,USERK0002,2026-04-21 06:35:56,20260421,Interview,Offer,2439
E001131,A00348,P0109,REQK0003,USERK0004,2026-04-21 08:02:59,20260421,Screen,Interview,1131
E001808,A00555,P0326,REQK0010,USERK0002,2026-04-21 08:34:09,20260421,Applied,Withdrawn,1808
E002187,A00666,P0214,REQK0009,USERK0004,2026-04-21 09:22:39,20260421,Applied,Screen,2187
E003090,A00936,P0453,REQK0005,USERK0004,2026-04-21 09:32:13,20260421,Screen,Withdrawn,3090
E000608,A00190,P0342,REQK0023,USERK0003,2026-04-21 10:25:55,20260421,,Applied,608
E003701,A01122,P0533,REQK0020,USERK0004,2026-04-21 10:26:41,20260421,,Applied,3701
E003711,A01124,P0202,REQK0014,USERK0003,2026-04-21 11:23:08,20260421,Offer,Withdrawn,3711
E004315,A01305,P0482,REQK0021,USERK0003,2026-04-21 12:31:05,20260421,,Applied,4315
E000773,A00242,P0190,REQK0021,USERK0003,2026-04-21 12:34:06,20260421,,Applied,773
E001822,A00558,P0327,REQK0005,USERK0004,2026-04-21 13:17:28,20260421,Offer,Rejected,1822
E000468,A00145,P0282,REQK0008,USERK0004,2026-04-21 13:50:11,20260421,,Applied,468
E001970,A00604,P0363,REQK0018,USERK0003,2026-04-21 13:54:10,20260421,,Applied,1970
E004531,A01377,P0453,REQK0004,USERK0002,2026-04-21 14:07:24,20260421,,Applied,4531
E001236,A00378,P0385,REQK0013,USERK0004,2026-04-21 14:53:34,20260421,Interview,Withdrawn,1236
E000782,A00245,P0283,REQK0018,USERK0002,2026-04-21 15:43:04,20260421,Applied,Screen,782
E003157,A00957,P0147,REQK0024,USERK0003,2026-04-21 19:25:59,20260421,Applied,Rejected,3157
E002984,A00904,P0538,REQK0020,USERK0003,2026-04-21 19:46:01,20260421,Applied,Withdrawn,2984
E000317,A00099,P0398,REQK0006,USERK0002,2026-04-21 21:00:00,20260421,Screen,Withdrawn,317
E004632,A01407,P0078,REQK0021,USERK0004,2026-04-21 21:14:27,20260421,,Applied,4632
E003692,A01119,P0254,REQK0012,USERK0004,2026-04-21 23:19:54,20260421,Interview,Rejected,3692
E001841,A00564,P0022,REQK0003,USERK0003,2026-04-21 23:25:35,20260421,Applied,Withdrawn,1841
E001746,A00536,P0133,REQK0020,USERK0001,2026-04-22 03:10:20,20260422,Screen,Interview,1746
E002124,A00649,P0326,REQK0025,USERK0003,2026-04-22 03:16:21,20260422,,Applied,2124
E001709,A00525,P0167,REQK0025,USERK0003,2026-04-22 04:52:38,20260422,,Applied,1709
E002291,A00699,P0326,REQK0013,USERK0004,2026-04-22 06:28:15,20260422,,Applied,2291
E004144,A01254,P0064,REQK0023,USERK0002,2026-04-22 06:49:24,20260422,,Applied,4144
E004480,A01359,P0030,REQK0015,USERK0004,2026-04-22 06:56:16,20260422,,Applied,4480
E000208,A00066,P0495,REQK0023,USERK0004,2026-04-22 07:16:08,20260422,Applied,Screen,208
E001672,A00513,P0476,REQK0004,USERK0002,2026-04-22 09:24:16,20260422,,Applied,1672
E000366,A00114,P0509,REQK0010,USERK0001,2026-04-22 11:14:56,20260422,Interview,Offer,366
E002528,A00769,P0060,REQK0013,USERK0003,2026-04-22 14:11:06,20260422,Applied,Screen,2528
E004394,A01331,P0466,REQK0006,USERK0001,2026-04-22 14:49:50,20260422,,Applied,4394
E000248,A00077,P0174,REQK0015,USERK0001,2026-04-22 19:53:33,20260422,Applied,Withdrawn,248
E002151,A00657,P0250,REQK0023,USERK0002,2026-04-22 23:11:39,20260422,,Applied,2151
E001985,A00608,P0168,REQK0017,USERK0004,2026-04-23 00:34:25,20260423,Applied,Withdrawn,1985
E003147,A00954,P0160,REQK0025,USERK0004,2026-04-23 02:38:24,20260423,,Applied,3147
E000548,A00170,P0349,REQK0022,USERK0001,2026-04-23 03:14:49,20260423,Applied,Screen,548
E002178,A00663,P0124,REQK0015,USERK0004,2026-04-23 04:58:08,20260423,Screen,Interview,2178
E000828,A00258,P0502,REQK0010,USERK0001,2026-04-23 05:02:52,20260423,,Applied,828
E000071,A00025,P0278,REQK0026,USERK0001,2026-04-23 06:13:16,20260423,,Applied,71
E004339,A01312,P0273,REQK0016,USERK0004,2026-04-23 06:50:33,20260423,Screen,Interview,4339
E004772,A01450,P0356,REQK0013,USERK0004,2026-04-23 08:06:15,20260423,Screen,Interview,4772
E001142,A00351,P0276,REQK0017,USERK0003,2026-04-23 08:16:29,20260423,Interview,Offer,1142
E002666,A00810,P0353,REQK0008,USERK0001,2026-04-23 08:38:34,20260423,Screen,Interview,2666
E001980,A00606,P0462,REQK0025,USERK0001,2026-04-23 08:39:36,20260423,Screen,Withdrawn,1980
E000701,A00219,P0005,REQK0018,USERK0001,2026-04-23 09:01:39,20260423,Applied,Screen,701
E000760,A00238,P0453,REQK0025,USERK0002,2026-04-23 09:24:04,20260423,Interview,Withdrawn,760
E003380,A01022,P0056,REQK0013,USERK0002,2026-04-23 11:29:51,20260423,Offer,Withdrawn,3380
E001730,A00530,P0379,REQK0010,USERK0002,2026-04-23 11:56:46,20260423,Offer,Hired,1730
E004665,A01418,P0047,REQK0011,USERK0003,2026-04-23 12:07:11,20260423,Screen,Interview,4665
E002504,A00760,P0406,REQK0016,USERK0003,2026-04-23 12:59:35,20260423,Offer,Hired,2504
E001251,A00382,P0240,REQK0018,USERK0003,2026-04-23 13:03:40,20260423,Interview,Offer,1251
E004561,A01387,P0548,REQK0003,USERK0003,2026-04-23 14:32:13,20260423,Applied,Screen,4561
E001749,A00537,P0125,REQK0016,USERK0002,2026-04-23 14:44:25,20260423,Applied,Screen,1749
E001879,A00575,P0049,REQK0010,USERK0004,2026-04-23 14:53:08,20260423,,Applied,1879
E001760,A00540,P0052,REQK0015,USERK0004,2026-04-23 15:15:51,20260423,Applied,Screen,1760
E002555,A00777,P0194,REQK0018,USERK0001,2026-04-23 21:09:00,20260423,Screen,Interview,2555
E001747,A00536,P0133,REQK0020,USERK0002,2026-04-23 23:10:20,20260423,Interview,Rejected,1747
E003881,A01177,P0209,REQK0010,USERK0004,2026-04-23 23:46:03,20260423,Screen,Interview,3881
E004724,A01436,P0268,REQK0008,USERK0003,2026-04-24 03:28:44,20260424,,Applied,4724
E002023,A00618,P0218,REQK0003,USERK0002,2026-04-24 04:45:30,20260424,Applied,Screen,2023
E000265,A00082,P0493,REQK0026,USERK0003,2026-04-24 07:26:56,20260424,Applied,Rejected,265
E003905,A01185,P0064,REQK0006,USERK0004,2026-04-24 07:35:54,20260424,,Applied,3905
E000415,A00130,P0272,REQK0013,USERK0001,2026-04-24 07:54:53,20260424,,Applied,415
E004481,A01359,P0030,REQK0015,USERK0001,2026-04-24 08:56:16,20260424,Applied,Screen,4481
E000825,A00257,P0068,REQK0008,USERK0004,2026-04-24 09:13:00,20260424,,Applied,825
E002658,A00808,P0097,REQK0024,USERK0002,2026-04-24 09:42:09,20260424,,Applied,2658
E002231,A00679,P0003,REQK0021,USERK0003,2026-04-24 10:36:52,20260424,Applied,Screen,2231
E004169,A01261,P0367,REQK0025,USERK0003,2026-04-24 10:57:45,20260424,Applied,Screen,4169
E000621,A00195,P0500,REQK0026,USERK0003,2026-04-24 12:03:44,20260424,Applied,Screen,621
E000243,A00075,P0140,REQK0023,USERK0003,2026-04-24 14:16:21,20260424,Screen,Rejected,243
E001983,A00607,P0074,REQK0005,USERK0001,2026-04-24 14:36:23,20260424,Screen,Rejected,1983
E000397,A00123,P0221,REQK0005,USERK0001,2026-04-24 15:01:59,20260424,,Applied,397
E001033,A00318,P0119,REQK0022,USERK0004,2026-04-24 15:21:08,20260424,Screen,Rejected,1033
E004145,A01254,P0064,REQK0023,USERK0002,2026-04-24 16:49:24,20260424,Applied,Rejected,4145
E001869,A00572,P0142,REQK0006,USERK0003,2026-04-24 17:52:46,20260424,Applied,Screen,1869
E002175,A00662,P0169,REQK0020,USERK0001,2026-04-25 01:39:11,20260425,Offer,Hired,2175
E001118,A00344,P0265,REQK0023,USERK0004,2026-04-25 02:47:08,20260425,Interview,Offer,1118
E000618,A00194,P0066,REQK0007,USERK0001,2026-04-25 03:06:25,20260425,,Applied,618
E004316,A01305,P0482,REQK0021,USERK0003,2026-04-25 03:31:05,20260425,Applied,Screen,4316
E000048,A00017,P0150,REQK0026,USERK0002,2026-04-25 03:40:26,20260425,Applied,Screen,48
E001303,A00398,P0060,REQK0014,USERK0004,2026-04-25 04:25:27,20260425,Offer,Hired,1303
E002864,A00870,P0214,REQK0018,USERK0002,2026-04-25 04:32:38,20260425,,Applied,2864
E002569,A00781,P0371,REQK0015,USERK0001,2026-04-25 05:45:38,20260425,Applied,Screen,2569
E002918,A00884,P0172,REQK0023,USERK0003,2026-04-25 06:18:33,20260425,Screen,Interview,2918
E003798,A01153,P0059,REQK0024,USERK0002,2026-04-25 08:23:22,20260425,,Applied,3798
E001833,A00561,P0087,REQK0025,USERK0004,2026-04-25 08:26:25,20260425,Interview,Offer,1833
E004108,A01241,P0526,REQK0009,USERK0003,2026-04-25 10:21:32,20260425,Screen,Withdrawn,4108
E002694,A00820,P0084,REQK0008,USERK0001,2026-04-25 10:28:38,20260425,Applied,Screen,2694
E002667,A00810,P0353,REQK0008,USERK0004,2026-04-25 12:38:34,20260425,Interview,Offer,2667
E002970,A00899,P0130,REQK0015,USERK0001,2026-04-25 13:56:05,20260425,Offer,Withdrawn,2970
E000284,A00089,P0518,REQK0008,USERK0001,2026-04-25 14:56:45,20260425,,Applied,284
E001920,A00588,P0151,REQK0024,USERK0001,2026-04-25 15:06:54,20260425,,Applied,1920
E004457,A01352,P0023,REQK0010,USERK0004,2026-04-25 16:00:45,20260425,Applied,Screen,4457
E000493,A00153,P0506,REQK0013,USERK0003,2026-04-25 17:20:20,20260425,,Applied,493
E000945,A00292,P0082,REQK0018,USERK0002,2026-04-25 18:09:31,20260425,,Applied,945
E001038,A00319,P0198,REQK0015,USERK0001,2026-04-25 18:17:52,20260425,Offer,Hired,1038
E004666,A01418,P0047,REQK0011,USERK0004,2026-04-25 20:07:11,20260425,Interview,Withdrawn,4666
E002292,A00699,P0326,REQK0013,USERK0002,2026-04-25 21:28:15,20260425,Applied,Rejected,2292
E001550,A00474,P0135,REQK0012,USERK0004,2026-04-25 21:43:53,20260425,Screen,Interview,1550
E000542,A00168,P0194,REQK0017,USERK0003,2026-04-25 22:40:38,20260425,Applied,Screen,542
E002755,A00835,P0130,REQK0008,USERK0004,2026-04-25 23:07:17,20260425,,Applied,2755
E002495,A00758,P0330,REQK0013,USERK0003,2026-04-25 23:21:47,20260425,Interview,Offer,2495
E001919,A00587,P0423,REQK0022,USERK0004,2026-04-25 23:31:41,20260425,Screen,Rejected,1919
E004651,A01413,P0103,REQK0010,USERK0003,2026-04-25 23:44:31,20260425,Interview,Offer,4651
E003127,A00948,P0058,REQK0019,USERK0002,2026-04-26 01:37:25,20260426,,Applied,3127
E002880,A00874,P0003,REQK0026,USERK0002,2026-04-26 02:21:05,20260426,,Applied,2880
E003628,A01101,P0450,REQK0004,USERK0004,2026-04-26 02:37:39,20260426,,Applied,3628
E003044,A00924,P0172,REQK0009,USERK0003,2026-04-26 03:27:25,20260426,,Applied,3044
E003253,A00985,P0419,REQK0020,USERK0001,2026-04-26 03:38:26,20260426,Screen,Interview,3253
E001477,A00450,P0274,REQK0026,USERK0003,2026-04-26 03:38:47,20260426,,Applied,1477
E003717,A01127,P0297,REQK0022,USERK0001,2026-04-26 04:10:42,20260426,Applied,Withdrawn,3717
E000205,A00065,P0114,REQK0020,USERK0003,2026-04-26 05:50:07,20260426,Interview,Offer,205
E001252,A00383,P0268,REQK0004,USERK0004,2026-04-26 06:51:03,20260426,,Applied,1252
E001012,A00312,P0428,REQK0005,USERK0004,2026-04-26 07:52:39,20260426,Applied,Screen,1012
E000619,A00194,P0066,REQK0007,USERK0003,2026-04-26 13:06:25,20260426,Applied,Withdrawn,619
E004157,A01258,P0335,REQK0025,USERK0004,2026-04-26 13:35:51,20260426,Screen,Interview,4157
E001946,A00596,P0401,REQK0021,USERK0003,2026-04-26 14:12:33,20260426,,Applied,1946
E001731,A00531,P0175,REQK0006,USERK0001,2026-04-26 19:04:54,20260426,,Applied,1731
E000122,A00041,P0519,REQK0018,USERK0001,2026-04-26 19:05:53,20260426,,Applied,122
E001221,A00374,P0186,REQK0013,USERK0001,2026-04-26 21:50:43,20260426,Interview,Withdrawn,1221
E003921,A01190,P0390,REQK0015,USERK0002,2026-04-26 22:21:22,20260426,,Applied,3921
E004096,A01238,P0080,REQK0008,USERK0001,2026-04-26 23:42:15,20260426,,Applied,4096
E004141,A01252,P0457,REQK0004,USERK0001,2026-04-27 00:31:51,20260427,Applied,Rejected,4141
E002322,A00709,P0278,REQK0024,USERK0004,2026-04-27 06:22:37,20260427,,Applied,2322
E001756,A00539,P0086,REQK0020,USERK0003,2026-04-27 06:58:11,20260427,,Applied,1756
E000646,A00201,P0404,REQK0005,USERK0003,2026-04-27 07:05:50,20260427,Interview,Offer,646
E002166,A00660,P0101,REQK0006,USERK0002,2026-04-27 07:56:08,20260427,Offer,Hired,2166
E002354,A00718,P0332,REQK0010,USERK0004,2026-04-27 07:56:38,20260427,,Applied,2354
E002073,A00634,P0010,REQK0008,USERK0002,2026-04-27 08:25:57,20260427,Applied,Screen,2073
E000906,A00280,P0059,REQK0016,USERK0002,2026-04-27 08:51:51,20260427,,Applied,906
E004417,A01337,P0179,REQK0002,USERK0004,2026-04-27 09:45:55,20260427,Screen,Rejected,4417
E001513,A00461,P0168,REQK0006,USERK0003,2026-04-27 10:36:18,20260427,,Applied,1513
E001343,A00410,P0146,REQK0014,USERK0002,2026-04-27 10:42:22,20260427,Interview,Offer,1343
E001490,A00454,P0094,REQK0006,USERK0002,2026-04-27 10:43:32,20260427,,Applied,1490
E003974,A01205,P0492,REQK0017,USERK0002,2026-04-27 11:06:53,20260427,,Applied,3974
E003702,A01122,P0533,REQK0020,USERK0003,2026-04-27 11:26:41,20260427,Applied,Withdrawn,3702
E000206,A00065,P0114,REQK0020,USERK0004,2026-04-27 11:50:07,20260427,Offer,Rejected,206
E001264,A00387,P0541,REQK0014,USERK0004,2026-04-27 11:57:13,20260427,Applied,Rejected,1264
E004187,A01266,P0210,REQK0003,USERK0002,2026-04-27 13:42:17,20260427,,Applied,4187
E004395,A01331,P0466,REQK0006,USERK0003,2026-04-27 14:49:50,20260427,Applied,Screen,4395
E000525,A00163,P0246,REQK0016,USERK0002,2026-04-27 14:50:57,20260427,,Applied,525
E000444,A00138,P0065,REQK0003,USERK0001,2026-04-27 15:48:13,20260427,Screen,Interview,444
E002529,A00769,P0060,REQK0013,USERK0004,2026-04-27 16:11:06,20260427,Screen,Withdrawn,2529
E003520,A01069,P0074,REQK0022,USERK0002,2026-04-27 18:47:06,20260427,Applied,Screen,3520
E000901,A00279,P0431,REQK0026,USERK0003,2026-04-27 20:23:09,20260427,,Applied,901
E001110,A00342,P0374,REQK0014,USERK0002,2026-04-27 20:23:48,20260427,Applied,Screen,1110
E002188,A00666,P0214,REQK0009,USERK0001,2026-04-27 22:22:39,20260427,Screen,Interview,2188
E000981,A00303,P0560,REQK0017,USERK0002,2026-04-27 22:31:59,20260427,,Applied,981
E002947,A00894,P0175,REQK0008,USERK0004,2026-04-27 23:53:39,20260427,,Applied,2947
E002139,A00652,P0532,REQK0018,USERK0004,2026-04-28 00:14:39,20260428,Interview,Offer,2139
E002443,A00744,P0168,REQK0024,USERK0001,2026-04-28 00:58:47,20260428,,Applied,2443
E002507,A00762,P0053,REQK0014,USERK0002,2026-04-28 00:59:38,20260428,,Applied,2507
E004562,A01387,P0548,REQK0003,USERK0002,2026-04-28 01:32:13,20260428,Screen,Interview,4562
E002925,A00886,P0267,REQK0015,USERK0004,2026-04-28 01:53:11,20260428,Interview,Withdrawn,2925
E004273,A01291,P0321,REQK0004,USERK0002,2026-04-28 02:21:32,20260428,Applied,Screen,4273
E002427,A00739,P0071,REQK0008,USERK0001,2026-04-28 03:11:10,20260428,Applied,Screen,2427
E000549,A00170,P0349,REQK0022,USERK0001,2026-04-28 03:14:49,20260428,Screen,Interview,549
E001121,A00345,P0094,REQK0013,USERK0001,2026-04-28 05:56:17,20260428,Screen,Interview,1121
E004170,A01261,P0367,REQK0025,USERK0003,2026-04-28 05:57:45,20260428,Screen,Withdrawn,4170
E001546,A00473,P0133,REQK0007,USERK0001,2026-04-28 06:51:28,20260428,Applied,Screen,1546
E000964,A00297,P0026,REQK0004,USERK0004,2026-04-28 07:36:07,20260428,Applied,Rejected,964
E000857,A00266,P0211,REQK0008,USERK0001,2026-04-28 07:39:15,20260428,Screen,Interview,857
E000561,A00175,P0265,REQK0008,USERK0003,2026-04-28 07:44:08,20260428,,Applied,561
E002952,A00895,P0497,REQK0018,USERK0001,2026-04-28 08:56:59,20260428,,Applied,2952
E004602,A01399,P0024,REQK0006,USERK0002,2026-04-28 09:37:58,20260428,,Applied,4602
E002095,A00640,P0548,REQK0026,USERK0004,2026-04-28 10:09:26,20260428,,Applied,2095
E002440,A00742,P0412,REQK0006,USERK0001,2026-04-28 11:35:56,20260428,Offer,Withdrawn,2440
E003512,A01067,P0135,REQK0016,USERK0001,2026-04-28 13:09:39,20260428,,Applied,3512
E000583,A00183,P0347,REQK0004,USERK0001,2026-04-28 14:02:24,20260428,,Applied,583
E000072,A00025,P0278,REQK0026,USERK0002,2026-04-28 14:13:16,20260428,Applied,Screen,72
E003846,A01168,P0513,REQK0002,USERK0002,2026-04-28 14:33:45,20260428,,Applied,3846
E000877,A00272,P0016,REQK0015,USERK0001,2026-04-28 14:58:16,20260428,Applied,Screen,877
E002682,A00816,P0175,REQK0020,USERK0001,2026-04-28 16:14:19,20260428,Applied,Screen,2682
E001083,A00334,P0378,REQK0006,USERK0002,2026-04-28 16:39:38,20260428,,Applied,1083
E002677,A00815,P0532,REQK0002,USERK0003,2026-04-28 17:32:46,20260428,,Applied,2677
E000095,A00032,P0012,REQK0021,USERK0001,2026-04-28 17:54:12,20260428,,Applied,95
E003799,A01153,P0059,REQK0024,USERK0004,2026-04-28 18:23:22,20260428,Applied,Withdrawn,3799
E000545,A00169,P0054,REQK0024,USERK0001,2026-04-28 18:59:16,20260428,,Applied,545
E003386,A01025,P0522,REQK0008,USERK0004,2026-04-28 19:14:19,20260428,,Applied,3386
E002069,A00633,P0385,REQK0006,USERK0004,2026-04-28 19:55:28,20260428,Applied,Screen,2069
E004522,A01374,P0477,REQK0005,USERK0001,2026-04-28 21:34:54,20260428,,Applied,4522
E001160,A00356,P0507,REQK0010,USERK0003,2026-04-28 21:36:17,20260428,,Applied,1160
E001095,A00337,P0416,REQK0005,USERK0002,2026-04-29 00:17:01,20260429,,Applied,1095
E002710,A00824,P0256,REQK0015,USERK0003,2026-04-29 01:15:43,20260429,Applied,Screen,2710
E001200,A00369,P0527,REQK0003,USERK0003,2026-04-29 03:49:25,20260429,,Applied,1200
E003381,A01023,P0368,REQK0013,USERK0002,2026-04-29 04:59:41,20260429,,Applied,3381
E000869,A00270,P0025,REQK0006,USERK0001,2026-04-29 05:16:09,20260429,,Applied,869
E002232,A00679,P0003,REQK0021,USERK0001,2026-04-29 06:36:52,20260429,Screen,Withdrawn,2232
E001662,A00509,P0031,REQK0017,USERK0003,2026-04-29 07:21:45,20260429,Interview,Rejected,1662
E001810,A00556,P0077,REQK0020,USERK0004,2026-04-29 08:18:43,20260429,Applied,Screen,1810
E002904,A00881,P0549,REQK0024,USERK0003,2026-04-29 08:28:39,20260429,,Applied,2904
E003026,A00919,P0222,REQK0026,USERK0004,2026-04-29 09:22:43,20260429,,Applied,3026
E000159,A00052,P0295,REQK0018,USERK0003,2026-04-29 09:54:15,20260429,Applied,Withdrawn,159
E002085,A00637,P0151,REQK0010,USERK0003,2026-04-29 10:39:32,20260429,,Applied,2085
E004151,A01256,P0066,REQK0014,USERK0003,2026-04-29 13:29:06,20260429,Interview,Offer,4151
E001169,A00359,P0229,REQK0006,USERK0004,2026-04-29 13:31:27,20260429,,Applied,1169
E003045,A00924,P0172,REQK0009,USERK0004,2026-04-29 17:27:25,20260429,Applied,Screen,3045
E001927,A00591,P0180,REQK0008,USERK0001,2026-04-29 19:55:57,20260429,,Applied,1927
E000016,A00006,P0159,REQK0017,USERK0002,2026-04-29 19:56:58,20260429,Interview,Withdrawn,16
E000832,A00259,P0434,REQK0024,USERK0003,2026-04-29 21:14:58,20260429,,Applied,832
E003975,A01205,P0492,REQK0017,USERK0002,2026-04-29 22:06:53,20260429,Applied,Screen,3975
E000982,A00303,P0560,REQK0017,USERK0002,2026-04-29 22:31:59,20260429,Applied,Screen,982
E001399,A00426,P0295,REQK0025,USERK0003,2026-04-29 23:53:27,20260429,Screen,Interview,1399
E001309,A00400,P0037,REQK0026,USERK0004,2026-04-30 02:46:26,20260430,,Applied,1309
E000326,A00103,P0336,REQK0018,USERK0001,2026-04-30 06:01:29,20260430,,Applied,326
E003998,A01211,P0025,REQK0006,USERK0002,2026-04-30 06:03:22,20260430,,Applied,3998
E000017,A00007,P0469,REQK0022,USERK0001,2026-04-30 07:36:33,20260430,,Applied,17
E002628,A00800,P0111,REQK0023,USERK0002,2026-04-30 10:35:19,20260430,Interview,Offer,2628
E002659,A00808,P0097,REQK0024,USERK0001,2026-04-30 11:42:09,20260430,Applied,Screen,2659
E002466,A00750,P0161,REQK0017,USERK0003,2026-04-30 12:28:20,20260430,Screen,Interview,2466
E002355,A00718,P0332,REQK0010,USERK0001,2026-04-30 13:56:38,20260430,Applied,Rejected,2355
E004773,A01450,P0356,REQK0013,USERK0002,2026-04-30 14:06:15,20260430,Interview,Offer,4773
E003197,A00969,P0386,REQK0005,USERK0001,2026-04-30 14:10:04,20260430,Applied,Withdrawn,3197
E003760,A01140,P0224,REQK0017,USERK0003,2026-04-30 14:30:58,20260430,Applied,Screen,3760
E001132,A00348,P0109,REQK0003,USERK0004,2026-04-30 15:02:59,20260430,Interview,Rejected,1132
E003461,A01050,P0116,REQK0001,USERK0004,2026-04-30 17:14:23,20260430,,Applied,3461
E000562,A00175,P0265,REQK0008,USERK0004,2026-04-30 17:44:08,20260430,Applied,Screen,562
E002444,A00744,P0168,REQK0024,USERK0004,2026-04-30 17:58:47,20260430,Applied,Rejected,2444
E004532,A01377,P0453,REQK0004,USERK0002,2026-04-30 18:07:24,20260430,Applied,Withdrawn,4532
E004278,A01293,P0551,REQK0008,USERK0003,2026-04-30 18:09:19,20260430,Applied,Screen,4278
E000957,A00295,P0266,REQK0007,USERK0003,2026-04-30 18:11:29,20260430,Applied,Screen,957
E002489,A00757,P0270,REQK0017,USERK0002,2026-04-30 19:47:13,20260430,Applied,Screen,2489
E001585,A00485,P0138,REQK0006,USERK0001,2026-04-30 21:35:16,20260430,Screen,Interview,1585
E001492,A00455,P0360,REQK0006,USERK0002,2026-04-30 21:49:03,20260430,,Applied,1492
E004094,A01237,P0368,REQK0013,USERK0002,2026-04-30 22:53:04,20260430,Interview,Offer,4094
E000659,A00205,P0049,REQK0022,USERK0003,2026-04-30 22:58:07,20260430,Interview,Offer,659
E000647,A00201,P0404,REQK0005,USERK0004,2026-04-30 23:05:50,20260430,Offer,Withdrawn,647
E004765,A01449,P0142,REQK0007,USERK0004,2026-04-30 23:41:03,20260430,,Applied,4765
E004329,A01309,P0416,REQK0016,USERK0001,2026-05-01 00:58:43,20260501,Applied,Rejected,4329
E000526,A00163,P0246,REQK0016,USERK0002,2026-05-01 03:50:57,20260501,Applied,Withdrawn,526
E000155,A00051,P0132,REQK0005,USERK0002,2026-05-01 05:04:24,20260501,,Applied,155
E002894,A00877,P0141,REQK0020,USERK0002,2026-05-01 05:06:52,20260501,Screen,Interview,2894
E002899,A00879,P0300,REQK0008,USERK0004,2026-05-01 05:30:15,20260501,,Applied,2899
E000259,A00080,P0015,REQK0018,USERK0001,2026-05-01 10:36:19,20260501,,Applied,259
E004603,A01399,P0024,REQK0006,USERK0003,2026-05-01 12:37:58,20260501,Applied,Withdrawn,4603
E002417,A00735,P0159,REQK0023,USERK0002,2026-05-01 13:30:14,20260501,Interview,Offer,2417
E002881,A00874,P0003,REQK0026,USERK0001,2026-05-01 14:21:05,20260501,Applied,Screen,2881
E001170,A00359,P0229,REQK0006,USERK0003,2026-05-01 14:31:27,20260501,Applied,Rejected,1170
E004484,A01360,P0056,REQK0015,USERK0002,2026-05-01 15:12:35,20260501,Applied,Screen,4484
E004631,A01406,P0523,REQK0012,USERK0003,2026-05-01 15:19:00,20260501,Offer,Hired,4631
E001481,A00451,P0410,REQK0002,USERK0001,2026-05-01 15:50:38,20260501,Screen,Interview,1481
E003348,A01014,P0144,REQK0001,USERK0003,2026-05-01 16:00:30,20260501,,Applied,3348
E001414,A00431,P0456,REQK0021,USERK0001,2026-05-01 18:24:46,20260501,,Applied,1414
E003855,A01171,P0283,REQK0025,USERK0002,2026-05-01 19:27:24,20260501,,Applied,3855
E003761,A01140,P0224,REQK0017,USERK0003,2026-05-01 20:30:58,20260501,Screen,Rejected,3761
E000340,A00108,P0208,REQK0025,USERK0003,2026-05-01 21:24:50,20260501,Applied,Screen,340
E004087,A01235,P0413,REQK0018,USERK0004,2026-05-01 21:49:12,20260501,,Applied,4087
E001201,A00369,P0527,REQK0003,USERK0003,2026-05-01 21:49:25,20260501,Applied,Screen,1201
E000494,A00153,P0506,REQK0013,USERK0002,2026-05-01 23:20:20,20260501,Applied,Rejected,494
E003370,A01020,P0166,REQK0001,USERK0001,2026-05-02 05:57:59,20260502,,Applied,3370
E000169,A00055,P0327,REQK0023,USERK0004,2026-05-02 05:58:20,20260502,Screen,Interview,169
E001112,A00343,P0381,REQK0001,USERK0003,2026-05-02 06:00:51,20260502,,Applied,1112
E001588,A00486,P0489,REQK0008,USERK0001,2026-05-02 07:41:50,20260502,,Applied,1588
E002467,A00750,P0161,REQK0017,USERK0004,2026-05-02 08:28:20,20260502,Interview,Rejected,2467
E002185,A00665,P0280,REQK0011,USERK0004,2026-05-02 08:49:48,20260502,Screen,Rejected,2185
E000946,A00292,P0082,REQK0018,USERK0004,2026-05-02 10:09:31,20260502,Applied,Screen,946
E002328,A00710,P0026,REQK0020,USERK0001,2026-05-02 11:30:50,20260502,Applied,Screen,2328
E001491,A00454,P0094,REQK0006,USERK0001,2026-05-02 11:43:32,20260502,Applied,Withdrawn,1491
E000609,A00190,P0342,REQK0023,USERK0001,2026-05-02 12:25:55,20260502,Applied,Rejected,609
E001126,A00346,P0473,REQK0017,USERK0004,2026-05-02 12:37:03,20260502,Screen,Withdrawn,1126
E002770,A00840,P0462,REQK0007,USERK0002,2026-05-02 13:18:30,20260502,,Applied,2770
E003922,A01190,P0390,REQK0015,USERK0004,2026-05-02 13:21:22,20260502,Applied,Screen,3922
E002762,A00838,P0213,REQK0024,USERK0004,2026-05-02 13:39:32,20260502,,Applied,2762
E003382,A01023,P0368,REQK0013,USERK0003,2026-05-02 13:59:41,20260502,Applied,Withdrawn,3382
E002689,A00818,P0204,REQK0019,USERK0001,2026-05-02 14:01:36,20260502,,Applied,2689
E002018,A00617,P0022,REQK0013,USERK0001,2026-05-02 14:24:17,20260502,,Applied,2018
E002043,A00625,P0054,REQK0026,USERK0001,2026-05-02 15:53:18,20260502,,Applied,2043
E000289,A00091,P0067,REQK0014,USERK0004,2026-05-02 16:34:14,20260502,,Applied,289
E000783,A00245,P0283,REQK0018,USERK0001,2026-05-02 19:43:04,20260502,Screen,Interview,783
E000288,A00090,P0180,REQK0020,USERK0004,2026-05-02 20:25:20,20260502,Screen,Rejected,288
E000612,A00192,P0334,REQK0015,USERK0002,2026-05-02 21:08:33,20260502,,Applied,612
E004046,A01222,P0064,REQK0010,USERK0004,2026-05-02 22:36:16,20260502,Offer,Hired,4046
E003521,A01069,P0074,REQK0022,USERK0004,2026-05-02 22:47:06,20260502,Screen,Withdrawn,3521
E002036,A00623,P0297,REQK0021,USERK0003,2026-05-02 23:19:05,20260502,,Applied,2036
E002468,A00751,P0266,REQK0024,USERK0002,2026-05-03 00:38:27,20260503,,Applied,2468
E004482,A01359,P0030,REQK0015,USERK0003,2026-05-03 01:56:16,20260503,Screen,Withdrawn,4482
E000546,A00169,P0054,REQK0024,USERK0001,2026-05-03 01:59:16,20260503,Applied,Rejected,546
E001524,A00465,P0296,REQK0007,USERK0002,2026-05-03 02:14:05,20260503,,Applied,1524
E002192,A00668,P0061,REQK0020,USERK0004,2026-05-03 02:29:24,20260503,,Applied,2192
E004655,A01415,P0516,REQK0014,USERK0001,2026-05-03 02:30:13,20260503,,Applied,4655
E004563,A01387,P0548,REQK0003,USERK0001,2026-05-03 02:32:13,20260503,Interview,Offer,4563
E002556,A00777,P0194,REQK0018,USERK0001,2026-05-03 03:09:00,20260503,Interview,Offer,2556
E000972,A00299,P0264,REQK0023,USERK0001,2026-05-03 04:27:30,20260503,Screen,Rejected,972
E001975,A00605,P0054,REQK0011,USERK0003,2026-05-03 08:13:34,20260503,,Applied,1975
E000858,A00266,P0211,REQK0008,USERK0002,2026-05-03 08:39:15,20260503,Interview,Offer,858
E001735,A00533,P0190,REQK0021,USERK0003,2026-05-03 09:18:48,20260503,,Applied,1735
E000455,A00141,P0225,REQK0011,USERK0004,2026-05-03 13:12:37,20260503,,Applied,455
E000209,A00066,P0495,REQK0023,USERK0003,2026-05-03 13:16:08,20260503,Screen,Interview,209
E000043,A00016,P0251,REQK0001,USERK0003,2026-05-03 14:03:43,20260503,,Applied,43
E001547,A00473,P0133,REQK0007,USERK0004,2026-05-03 14:51:28,20260503,Screen,Rejected,1547
E002895,A00877,P0141,REQK0020,USERK0002,2026-05-03 15:06:52,20260503,Interview,Withdrawn,2895
E002125,A00649,P0326,REQK0025,USERK0003,2026-05-03 16:16:21,20260503,Applied,Screen,2125
E001626,A00499,P0437,REQK0016,USERK0003,2026-05-03 16:37:12,20260503,,Applied,1626
E002086,A00637,P0151,REQK0010,USERK0004,2026-05-03 16:39:32,20260503,Applied,Screen,2086
E000482,A00149,P0087,REQK0015,USERK0002,2026-05-03 17:51:40,20260503,,Applied,482
E002391,A00728,P0158,REQK0024,USERK0004,2026-05-03 19:00:39,20260503,,Applied,2391
E001369,A00418,P0216,REQK0023,USERK0003,2026-05-03 20:29:29,20260503,,Applied,1369
E004725,A01436,P0268,REQK0008,USERK0001,2026-05-03 21:28:44,20260503,Applied,Screen,4725
E002418,A00735,P0159,REQK0023,USERK0003,2026-05-03 21:30:14,20260503,Offer,Rejected,2418
E003513,A01067,P0135,REQK0016,USERK0002,2026-05-03 22:09:39,20260503,Applied,Screen,3513
E002905,A00881,P0549,REQK0024,USERK0002,2026-05-04 00:28:39,20260504,Applied,Screen,2905
E000018,A00007,P0469,REQK0022,USERK0003,2026-05-04 00:36:33,20260504,Applied,Withdrawn,18
E001243,A00381,P0343,REQK0017,USERK0001,2026-05-04 03:19:53,20260504,,Applied,1243
E000628,A00196,P0516,REQK0009,USERK0001,2026-05-04 03:48:04,20260504,Interview,Rejected,628
E003464,A01051,P0077,REQK0004,USERK0002,2026-05-04 03:50:04,20260504,,Applied,3464
E002948,A00894,P0175,REQK0008,USERK0004,2026-05-04 04:53:39,20260504,Applied,Screen,2948
E004220,A01276,P0390,REQK0021,USERK0002,2026-05-04 07:32:56,20260504,,Applied,4220
E003128,A00948,P0058,REQK0019,USERK0003,2026-05-04 07:37:25,20260504,Applied,Screen,3128
E004131,A01249,P0465,REQK0004,USERK0001,2026-05-04 09:45:14,20260504,Applied,Screen,4131
E004387,A01328,P0527,REQK0024,USERK0003,2026-05-04 12:00:00,20260504,,Applied,4387
E004097,A01238,P0080,REQK0008,USERK0001,2026-05-04 13:42:15,20260504,Applied,Screen,4097
E000401,A00125,P0074,REQK0004,USERK0001,2026-05-04 14:06:56,20260504,,Applied,401
E002690,A00818,P0204,REQK0019,USERK0002,2026-05-04 15:01:36,20260504,Applied,Withdrawn,2690
E002515,A00765,P0256,REQK0015,USERK0003,2026-05-04 15:54:50,20260504,,Applied,2515
E000745,A00234,P0032,REQK0005,USERK0002,2026-05-04 15:55:39,20260504,Screen,Interview,745
E003009,A00913,P0030,REQK0006,USERK0004,2026-05-04 16:59:25,20260504,Applied,Screen,3009
E000398,A00123,P0221,REQK0005,USERK0001,2026-05-04 17:01:59,20260504,Applied,Withdrawn,398
E002756,A00835,P0130,REQK0008,USERK0003,2026-05-04 17:07:17,20260504,Applied,Withdrawn,2756
E001651,A00506,P0252,REQK0023,USERK0004,2026-05-04 17:31:27,20260504,Applied,Screen,1651
E002683,A00816,P0175,REQK0020,USERK0003,2026-05-04 18:14:19,20260504,Screen,Rejected,2683
E002323,A00709,P0278,REQK0024,USERK0003,2026-05-04 18:22:37,20260504,Applied,Screen,2323
E002096,A00640,P0548,REQK0026,USERK0001,2026-05-04 20:09:26,20260504,Applied,Screen,2096
E001277,A00391,P0349,REQK0026,USERK0001,2026-05-04 20:28:31,20260504,Applied,Screen,1277
E003148,A00954,P0160,REQK0025,USERK0002,2026-05-04 20:38:24,20260504,Applied,Screen,3148
E002706,A00823,P0286,REQK0001,USERK0002,2026-05-04 23:37:28,20260504,,Applied,2706
E000001,A00001,P0487,REQK0004,USERK0004,2026-05-05 00:00:06,20260505,,Applied,1
E002352,A00717,P0363,REQK0002,USERK0003,2026-05-05 01:34:15,20260505,Interview,Offer,2352
E001921,A00588,P0151,REQK0024,USERK0003,2026-05-05 02:06:54,20260505,Applied,Rejected,1921
E004247,A01283,P0552,REQK0019,USERK0002,2026-05-05 04:43:06,20260505,,Applied,4247
E000675,A00211,P0325,REQK0026,USERK0002,2026-05-05 05:59:17,20260505,,Applied,675
E003211,A00973,P0184,REQK0018,USERK0001,2026-05-05 06:07:35,20260505,Interview,Offer,3211
E000716,A00224,P0371,REQK0001,USERK0001,2026-05-05 06:38:02,20260505,,Applied,716
E002469,A00751,P0266,REQK0024,USERK0002,2026-05-05 06:38:27,20260505,Applied,Screen,2469
E000774,A00242,P0190,REQK0021,USERK0003,2026-05-05 07:34:06,20260505,Applied,Withdrawn,774
E003071,A00932,P0083,REQK0008,USERK0003,2026-05-05 08:25:05,20260505,Applied,Screen,3071
E002737,A00830,P0170,REQK0005,USERK0004,2026-05-05 09:17:58,20260505,Offer,Hired,2737
E001293,A00396,P0179,REQK0020,USERK0003,2026-05-05 09:42:06,20260505,,Applied,1293
E004305,A01302,P0426,REQK0005,USERK0002,2026-05-05 09:46:43,20260505,Screen,Interview,4305
E002938,A00891,P0070,REQK0010,USERK0004,2026-05-05 10:51:23,20260505,,Applied,2938
E003245,A00983,P0266,REQK0008,USERK0002,2026-05-05 14:23:23,20260505,,Applied,3245
E002865,A00870,P0214,REQK0018,USERK0001,2026-05-05 14:32:38,20260505,Applied,Screen,2865
E000616,A00193,P0428,REQK0019,USERK0002,2026-05-05 15:15:45,20260505,,Applied,616
E000224,A00070,P0272,REQK0008,USERK0004,2026-05-05 16:09:11,20260505,Screen,Interview,224
E003254,A00985,P0419,REQK0020,USERK0004,2026-05-05 17:38:26,20260505,Interview,Offer,3254
E003914,A01187,P0418,REQK0023,USERK0002,2026-05-05 19:08:06,20260505,Applied,Screen,3914
E001943,A00595,P0354,REQK0003,USERK0004,2026-05-05 19:15:58,20260505,,Applied,1943
E002181,A00664,P0298,REQK0004,USERK0002,2026-05-05 19:34:00,20260505,Applied,Screen,2181
E001084,A00334,P0378,REQK0006,USERK0004,2026-05-05 19:39:38,20260505,Applied,Screen,1084
E002885,A00875,P0071,REQK0015,USERK0004,2026-05-05 21:34:34,20260505,Applied,Screen,2885
E001843,A00565,P0248,REQK0013,USERK0001,2026-05-05 22:11:51,20260505,Applied,Screen,1843
E004158,A01258,P0335,REQK0025,USERK0001,2026-05-05 23:35:51,20260505,Interview,Offer,4158
E004112,A01243,P0351,REQK0007,USERK0004,2026-05-06 00:08:19,20260506,,Applied,4112
E003462,A01050,P0116,REQK0001,USERK0003,2026-05-06 00:14:23,20260506,Applied,Screen,3462
E002048,A00626,P0200,REQK0024,USERK0001,2026-05-06 01:15:20,20260506,,Applied,2048
E002337,A00713,P0352,REQK0001,USERK0004,2026-05-06 02:02:13,20260506,,Applied,2337
E001354,A00414,P0353,REQK0001,USERK0004,2026-05-06 03:27:49,20260506,,Applied,1354
E000576,A00180,P0356,REQK0012,USERK0004,2026-05-06 04:17:53,20260506,,Applied,576
E002238,A00681,P0325,REQK0014,USERK0002,2026-05-06 04:55:38,20260506,,Applied,2238
E000932,A00288,P0057,REQK0015,USERK0002,2026-05-06 05:44:43,20260506,,Applied,932
E001122,A00345,P0094,REQK0013,USERK0001,2026-05-06 05:56:17,20260506,Interview,Offer,1122
E004546,A01382,P0558,REQK0004,USERK0001,2026-05-06 07:19:31,20260506,,Applied,4546
E001161,A00356,P0507,REQK0010,USERK0002,2026-05-06 07:36:17,20260506,Applied,Withdrawn,1161
E002428,A00739,P0071,REQK0008,USERK0001,2026-05-06 08:11:10,20260506,Screen,Withdrawn,2428
E001710,A00525,P0167,REQK0025,USERK0002,2026-05-06 08:52:38,20260506,Applied,Screen,1710
E003154,A00956,P0302,REQK0012,USERK0003,2026-05-06 09:51:36,20260506,,Applied,3154
E003259,A00987,P0339,REQK0003,USERK0003,2026-05-06 10:07:31,20260506,,Applied,3259
E003679,A01116,P0501,REQK0021,USERK0003,2026-05-06 11:21:06,20260506,,Applied,3679
E004645,A01412,P0340,REQK0004,USERK0001,2026-05-06 12:57:20,20260506,,Applied,4645
E002152,A00657,P0250,REQK0023,USERK0001,2026-05-06 13:11:39,20260506,Applied,Screen,2152
E001330,A00408,P0361,REQK0007,USERK0003,2026-05-06 15:07:43,20260506,,Applied,1330
E000049,A00017,P0150,REQK0026,USERK0004,2026-05-06 15:40:26,20260506,Screen,Interview,49
E003159,A00958,P0026,REQK0012,USERK0002,2026-05-06 16:41:57,20260506,Applied,Screen,3159
E000563,A00175,P0265,REQK0008,USERK0002,2026-05-06 18:44:08,20260506,Screen,Interview,563
E001880,A00575,P0049,REQK0010,USERK0002,2026-05-06 19:53:08,20260506,Applied,Screen,1880
E004476,A01358,P0235,REQK0004,USERK0001,2026-05-06 20:20:31,20260506,,Applied,4476
E000469,A00145,P0282,REQK0008,USERK0002,2026-05-06 20:50:11,20260506,Applied,Screen,469
E002656,A00807,P0111,REQK0018,USERK0002,2026-05-06 21:31:53,20260506,Interview,Offer,2656
E001976,A00605,P0054,REQK0011,USERK0004,2026-05-06 23:13:34,20260506,Applied,Screen,1976
E004188,A01266,P0210,REQK0003,USERK0001,2026-05-06 23:42:17,20260506,Applied,Screen,4188
E004351,A01316,P0258,REQK0020,USERK0002,2026-05-07 00:10:29,20260507,Applied,Screen,4351
E000416,A00130,P0272,REQK0013,USERK0001,2026-05-07 00:54:53,20260507,Applied,Screen,416
E000225,A00070,P0272,REQK0008,USERK0002,2026-05-07 02:09:11,20260507,Interview,Withdrawn,225
E003326,A01008,P0036,REQK0008,USERK0002,2026-05-07 03:14:24,20260507,,Applied,3326
E002490,A00757,P0270,REQK0017,USERK0003,2026-05-07 04:47:13,20260507,Screen,Interview,2490
E000156,A00051,P0132,REQK0005,USERK0003,2026-05-07 07:04:24,20260507,Applied,Screen,156
E003349,A01014,P0144,REQK0001,USERK0003,2026-05-07 09:00:30,20260507,Applied,Rejected,3349
E001586,A00485,P0138,REQK0006,USERK0004,2026-05-07 09:35:16,20260507,Interview,Offer,1586
E000986,A00304,P0058,REQK0004,USERK0001,2026-05-07 09:44:23,20260507,,Applied,986
E000491,A00152,P0074,REQK0017,USERK0002,2026-05-07 11:29:21,20260507,,Applied,491
E001310,A00400,P0037,REQK0026,USERK0001,2026-05-07 11:46:26,20260507,Applied,Screen,1310
E004428,A01342,P0483,REQK0002,USERK0001,2026-05-07 12:04:32,20260507,,Applied,4428
E000978,A00302,P0454,REQK0019,USERK0004,2026-05-07 12:32:12,20260507,,Applied,978
E001514,A00461,P0168,REQK0006,USERK0001,2026-05-07 13:36:18,20260507,Applied,Screen,1514
E003217,A00975,P0473,REQK0011,USERK0001,2026-05-07 15:38:52,20260507,,Applied,3217
E002179,A00663,P0124,REQK0015,USERK0001,2026-05-07 15:58:08,20260507,Interview,Offer,2179
E001113,A00343,P0381,REQK0001,USERK0003,2026-05-07 16:00:51,20260507,Applied,Screen,1113
E004054,A01225,P0031,REQK0024,USERK0002,2026-05-07 16:23:33,20260507,,Applied,4054
E003010,A00913,P0030,REQK0006,USERK0003,2026-05-07 16:59:25,20260507,Screen,Interview,3010
E000367,A00114,P0509,REQK0010,USERK0003,2026-05-07 17:14:56,20260507,Offer,Hired,367
E003137,A00951,P0080,REQK0021,USERK0002,2026-05-07 17:45:44,20260507,,Applied,3137
E000191,A00062,P0470,REQK0019,USERK0003,2026-05-07 18:10:36,20260507,,Applied,191
E003474,A01055,P0058,REQK0020,USERK0004,2026-05-07 18:12:51,20260507,,Applied,3474
E001652,A00506,P0252,REQK0023,USERK0003,2026-05-07 18:31:27,20260507,Screen,Rejected,1652
E002570,A00781,P0371,REQK0015,USERK0003,2026-05-07 18:45:38,20260507,Screen,Interview,2570
E003916,A01188,P0290,REQK0004,USERK0001,2026-05-07 19:25:26,20260507,,Applied,3916
E001400,A00426,P0295,REQK0025,USERK0001,2026-05-07 19:53:27,20260507,Interview,Offer,1400
E002024,A00618,P0218,REQK0003,USERK0004,2026-05-07 20:45:30,20260507,Screen,Interview,2024
E000833,A00259,P0434,REQK0024,USERK0003,2026-05-07 21:14:58,20260507,Applied,Rejected,833
E000911,A00281,P0156,REQK0024,USERK0003,2026-05-07 21:25:51,20260507,,Applied,911
E004332,A01311,P0502,REQK0010,USERK0002,2026-05-07 21:27:57,20260507,,Applied,4332
E004485,A01360,P0056,REQK0015,USERK0003,2026-05-07 22:12:35,20260507,Screen,Withdrawn,4485
E001633,A00501,P0104,REQK0008,USERK0002,2026-05-07 22:26:47,20260507,,Applied,1633
E001761,A00540,P0052,REQK0015,USERK0004,2026-05-07 23:15:51,20260507,Screen,Withdrawn,1761
E003668,A01112,P0361,REQK0021,USERK0002,2026-05-07 23:45:04,20260507,,Applied,3668
E000907,A00280,P0059,REQK0016,USERK0004,2026-05-08 04:51:51,20260508,Applied,Screen,907
E000285,A00089,P0518,REQK0008,USERK0002,2026-05-08 04:56:45,20260508,Applied,Rejected,285
E002392,A00728,P0158,REQK0024,USERK0003,2026-05-08 06:00:39,20260508,Applied,Screen,2392
E004458,A01352,P0023,REQK0010,USERK0001,2026-05-08 08:00:45,20260508,Screen,Interview,4458
E000884,A00274,P0070,REQK0004,USERK0003,2026-05-08 08:16:10,20260508,Applied,Screen,884
E004159,A01258,P0335,REQK0025,USERK0001,2026-05-08 08:35:51,20260508,Offer,Withdrawn,4159
E001326,A00406,P0008,REQK0021,USERK0002,2026-05-08 09:12:17,20260508,,Applied,1326
E002189,A00666,P0214,REQK0009,USERK0004,2026-05-08 10:22:39,20260508,Interview,Rejected,2189
E004523,A01374,P0477,REQK0005,USERK0002,2026-05-08 10:34:54,20260508,Applied,Screen,4523
E002786,A00845,P0328,REQK0001,USERK0001,2026-05-08 10:57:56,20260508,,Applied,2786
E000933,A00288,P0057,REQK0015,USERK0004,2026-05-08 13:44:43,20260508,Applied,Withdrawn,933
E000358,A00112,P0361,REQK0020,USERK0003,2026-05-08 14:06:01,20260508,Offer,Hired,358
E003976,A01205,P0492,REQK0017,USERK0001,2026-05-08 14:06:53,20260508,Screen,Withdrawn,3976
E003808,A01156,P0291,REQK0021,USERK0003,2026-05-08 14:51:36,20260508,,Applied,3808
E000622,A00195,P0500,REQK0026,USERK0001,2026-05-08 16:03:44,20260508,Screen,Interview,622
E001844,A00565,P0248,REQK0013,USERK0001,2026-05-08 16:11:51,20260508,Screen,Interview,1844
E002019,A00617,P0022,REQK0013,USERK0003,2026-05-08 16:24:17,20260508,Applied,Screen,2019
E002901,A00880,P0134,REQK0001,USERK0002,2026-05-08 16:44:38,20260508,,Applied,2901
E000934,A00289,P0289,REQK0026,USERK0001,2026-05-08 17:26:33,20260508,,Applied,934
E004061,A01228,P0021,REQK0019,USERK0003,2026-05-08 18:01:12,20260508,,Applied,4061
E003856,A01171,P0283,REQK0025,USERK0002,2026-05-08 19:27:24,20260508,Applied,Screen,3856
E000073,A00025,P0278,REQK0026,USERK0003,2026-05-08 20:13:16,20260508,Screen,Interview,73
E002919,A00884,P0172,REQK0023,USERK0002,2026-05-08 21:18:33,20260508,Interview,Withdrawn,2919
E001673,A00513,P0476,REQK0004,USERK0001,2026-05-08 21:24:16,20260508,Applied,Screen,1673
E001881,A00575,P0049,REQK0010,USERK0003,2026-05-08 21:53:08,20260508,Screen,Interview,1881
E000577,A00180,P0356,REQK0012,USERK0004,2026-05-08 22:17:53,20260508,Applied,Rejected,577
E001515,A00461,P0168,REQK0006,USERK0004,2026-05-09 00:36:18,20260509,Screen,Withdrawn,1515
E003909,A01186,P0513,REQK0002,USERK0003,2026-05-09 02:00:51,20260509,,Applied,3909
E003514,A01067,P0135,REQK0016,USERK0004,2026-05-09 03:09:39,20260509,Screen,Interview,3514
E003915,A01187,P0418,REQK0023,USERK0002,2026-05-09 05:08:06,20260509,Screen,Rejected,3915
E001757,A00539,P0086,REQK0020,USERK0003,2026-05-09 06:58:11,20260509,Applied,Screen,1757
E001106,A00340,P0278,REQK0010,USERK0004,2026-05-09 07:19:50,20260509,Offer,Hired,1106
E000983,A00303,P0560,REQK0017,USERK0001,2026-05-09 08:31:59,20260509,Screen,Interview,983
E004477,A01358,P0235,REQK0004,USERK0004,2026-05-09 09:20:31,20260509,Applied,Screen,4477
E002338,A00713,P0352,REQK0001,USERK0001,2026-05-09 10:02:13,20260509,Applied,Rejected,2338
E004547,A01382,P0558,REQK0004,USERK0002,2026-05-09 10:19:31,20260509,Applied,Rejected,4547
E001393,A00425,P0181,REQK0024,USERK0001,2026-05-09 10:21:04,20260509,,Applied,1393
E000826,A00257,P0068,REQK0008,USERK0004,2026-05-09 11:13:00,20260509,Applied,Screen,826
E000958,A00295,P0266,REQK0007,USERK0002,2026-05-09 12:11:29,20260509,Screen,Interview,958
E002329,A00710,P0026,REQK0020,USERK0003,2026-05-09 12:30:50,20260509,Screen,Rejected,2329
E004317,A01305,P0482,REQK0021,USERK0004,2026-05-09 12:31:05,20260509,Screen,Withdrawn,4317
E001732,A00531,P0175,REQK0006,USERK0001,2026-05-09 13:04:54,20260509,Applied,Rejected,1732
E001865,A00571,P0365,REQK0003,USERK0003,2026-05-09 13:09:23,20260509,,Applied,1865
E004279,A01293,P0551,REQK0008,USERK0002,2026-05-09 14:09:19,20260509,Screen,Rejected,4279
E001551,A00474,P0135,REQK0012,USERK0003,2026-05-09 14:43:53,20260509,Interview,Offer,1551
E002278,A00694,P0182,REQK0023,USERK0001,2026-05-09 14:52:00,20260509,,Applied,2278
E003123,A00947,P0040,REQK0023,USERK0001,2026-05-09 16:13:38,20260509,,Applied,3123
E000170,A00055,P0327,REQK0023,USERK0004,2026-05-09 17:58:20,20260509,Interview,Offer,170
E000483,A00149,P0087,REQK0015,USERK0001,2026-05-09 19:51:40,20260509,Applied,Screen,483
E000074,A00025,P0278,REQK0026,USERK0002,2026-05-09 20:13:16,20260509,Interview,Rejected,74
E001111,A00342,P0374,REQK0014,USERK0002,2026-05-09 20:23:48,20260509,Screen,Withdrawn,1111
E000254,A00079,P0180,REQK0021,USERK0002,2026-05-09 21:33:21,20260509,,Applied,254
E001253,A00383,P0268,REQK0004,USERK0001,2026-05-09 23:51:03,20260509,Applied,Rejected,1253
E001096,A00337,P0416,REQK0005,USERK0004,2026-05-10 01:17:01,20260510,Applied,Rejected,1096
E000028,A00011,P0138,REQK0019,USERK0001,2026-05-10 03:21:15,20260510,,Applied,28
E004218,A01275,P0555,REQK0026,USERK0004,2026-05-10 03:57:01,20260510,,Applied,4218
E002771,A00840,P0462,REQK0007,USERK0002,2026-05-10 04:18:30,20260510,Applied,Withdrawn,2771
E002182,A00664,P0298,REQK0004,USERK0001,2026-05-10 04:34:00,20260510,Screen,Withdrawn,2182
E001478,A00450,P0274,REQK0026,USERK0002,2026-05-10 05:38:47,20260510,Applied,Withdrawn,1478
E002398,A00730,P0190,REQK0023,USERK0001,2026-05-10 06:17:18,20260510,,Applied,2398
E003330,A01009,P0159,REQK0017,USERK0003,2026-05-10 06:26:46,20260510,,Applied,3330
E003396,A01028,P0293,REQK0018,USERK0004,2026-05-10 07:16:36,20260510,Interview,Offer,3396
E000902,A00279,P0431,REQK0026,USERK0004,2026-05-10 07:23:09,20260510,Applied,Screen,902
E001013,A00312,P0428,REQK0005,USERK0002,2026-05-10 08:52:39,20260510,Screen,Interview,1013
E001947,A00596,P0401,REQK0021,USERK0001,2026-05-10 09:12:33,20260510,Applied,Screen,1947
E000210,A00066,P0495,REQK0023,USERK0004,2026-05-10 09:16:08,20260510,Interview,Rejected,210
E001674,A00513,P0476,REQK0004,USERK0003,2026-05-10 09:24:16,20260510,Screen,Withdrawn,1674
E003046,A00924,P0172,REQK0009,USERK0001,2026-05-10 09:27:25,20260510,Screen,Withdrawn,3046
E001627,A00499,P0437,REQK0016,USERK0004,2026-05-10 09:37:12,20260510,Applied,Screen,1627
E000878,A00272,P0016,REQK0015,USERK0001,2026-05-10 09:58:16,20260510,Screen,Interview,878
E002900,A00879,P0300,REQK0008,USERK0003,2026-05-10 10:30:15,20260510,Applied,Rejected,2900
E000919,A00283,P0542,REQK0012,USERK0003,2026-05-10 10:41:23,20260510,,Applied,919
E004340,A01312,P0273,REQK0016,USERK0004,2026-05-10 13:50:33,20260510,Interview,Offer,4340
E000840,A00262,P0428,REQK0016,USERK0003,2026-05-10 15:05:55,20260510,Applied,Screen,840
E001419,A00433,P0163,REQK0021,USERK0004,2026-05-10 15:24:28,20260510,,Applied,1419
E001370,A00418,P0216,REQK0023,USERK0002,2026-05-10 15:29:29,20260510,Applied,Screen,1370
E003603,A01094,P0494,REQK0013,USERK0003,2026-05-10 15:35:04,20260510,,Applied,3603
E000930,A00287,P0080,REQK0018,USERK0004,2026-05-10 15:49:01,20260510,,Applied,930
E001634,A00501,P0104,REQK0008,USERK0004,2026-05-10 17:26:47,20260510,Applied,Screen,1634
E000445,A00138,P0065,REQK0003,USERK0001,2026-05-10 18:48:13,20260510,Interview,Offer,445
E004590,A01395,P0551,REQK0010,USERK0002,2026-05-10 19:44:11,20260510,,Applied,4590
E001114,A00343,P0381,REQK0001,USERK0003,2026-05-10 20:00:51,20260510,Screen,Rejected,1114
E000107,A00036,P0492,REQK0010,USERK0002,2026-05-10 20:59:44,20260510,,Applied,107
E000584,A00183,P0347,REQK0004,USERK0004,2026-05-10 22:02:24,20260510,Applied,Screen,584
E004109,A01242,P0032,REQK0010,USERK0003,2026-05-10 23:10:31,20260510,,Applied,4109
E003260,A00987,P0339,REQK0003,USERK0003,2026-05-11 00:07:31,20260511,Applied,Screen,3260
E000075,A00026,P0496,REQK0009,USERK0002,2026-05-11 01:49:44,20260511,,Applied,75
E003999,A01211,P0025,REQK0006,USERK0001,2026-05-11 02:03:22,20260511,Applied,Screen,3999
E004274,A01291,P0321,REQK0004,USERK0003,2026-05-11 02:21:32,20260511,Screen,Withdrawn,4274
E000456,A00141,P0225,REQK0011,USERK0001,2026-05-11 03:12:37,20260511,Applied,Rejected,456
E001928,A00591,P0180,REQK0008,USERK0004,2026-05-11 03:55:57,20260511,Applied,Screen,1928
E004774,A01450,P0356,REQK0013,USERK0003,2026-05-11 06:06:15,20260511,Offer,Rejected,4774
E003680,A01116,P0501,REQK0021,USERK0003,2026-05-11 06:21:06,20260511,Applied,Screen,3680
E001656,A00508,P0536,REQK0011,USERK0004,2026-05-11 07:24:48,20260511,,Applied,1656
E000215,A00068,P0100,REQK0004,USERK0002,2026-05-11 07:57:24,20260511,Applied,Screen,215
E000484,A00149,P0087,REQK0015,USERK0003,2026-05-11 08:51:40,20260511,Screen,Rejected,484
E003212,A00973,P0184,REQK0018,USERK0002,2026-05-11 10:07:35,20260511,Offer,Rejected,3212
E003072,A00932,P0083,REQK0008,USERK0003,2026-05-11 12:25:05,20260511,Screen,Interview,3072
E002074,A00634,P0010,REQK0008,USERK0004,2026-05-11 12:25:57,20260511,Screen,Withdrawn,2074
E001614,A00494,P0059,REQK0018,USERK0002,2026-05-11 12:36:25,20260511,Applied,Screen,1614
E002240,A00682,P0299,REQK0010,USERK0002,2026-05-11 13:14:09,20260511,,Applied,2240
E002324,A00709,P0278,REQK0024,USERK0002,2026-05-11 13:22:37,20260511,Screen,Interview,2324
E002660,A00808,P0097,REQK0024,USERK0004,2026-05-11 13:42:09,20260511,Screen,Rejected,2660
E001525,A00465,P0296,REQK0007,USERK0002,2026-05-11 17:14:05,20260511,Applied,Rejected,1525
E001750,A00537,P0125,REQK0016,USERK0003,2026-05-11 17:44:25,20260511,Screen,Interview,1750
E001971,A00604,P0363,REQK0018,USERK0003,2026-05-11 17:54:10,20260511,Applied,Screen,1971
E004459,A01352,P0023,REQK0010,USERK0003,2026-05-11 18:00:45,20260511,Interview,Withdrawn,4459
E000623,A00195,P0500,REQK0026,USERK0003,2026-05-11 18:03:44,20260511,Interview,Offer,623
E000987,A00304,P0058,REQK0004,USERK0001,2026-05-11 18:44:23,20260511,Applied,Withdrawn,987
E000859,A00266,P0211,REQK0008,USERK0004,2026-05-11 19:39:15,20260511,Offer,Withdrawn,859
E003629,A01101,P0450,REQK0004,USERK0002,2026-05-11 20:37:39,20260511,Applied,Screen,3629
E001496,A00457,P0383,REQK0022,USERK0003,2026-05-11 22:52:14,20260511,,Applied,1496
E001519,A00462,P0231,REQK0022,USERK0003,2026-05-12 01:41:00,20260512,Interview,Offer,1519
E002146,A00655,P0198,REQK0005,USERK0003,2026-05-12 02:31:23,20260512,,Applied,2146
E001493,A00455,P0360,REQK0006,USERK0002,2026-05-12 04:49:03,20260512,Applied,Rejected,1493
E004633,A01407,P0078,REQK0021,USERK0003,2026-05-12 05:14:27,20260512,Applied,Screen,4633
E002393,A00728,P0158,REQK0024,USERK0004,2026-05-12 06:00:39,20260512,Screen,Interview,2393
E002896,A00878,P0325,REQK0026,USERK0004,2026-05-12 06:14:11,20260512,,Applied,2896
E000002,A00001,P0487,REQK0004,USERK0004,2026-05-12 07:00:06,20260512,Applied,Withdrawn,2
E003438,A01043,P0062,REQK0013,USERK0001,2026-05-12 07:49:34,20260512,,Applied,3438
E002017,A00616,P0055,REQK0002,USERK0001,2026-05-12 07:50:02,20260512,Offer,Hired,2017
E000550,A00170,P0349,REQK0022,USERK0004,2026-05-12 08:14:49,20260512,Interview,Offer,550
E001864,A00570,P0253,REQK0015,USERK0004,2026-05-12 08:16:32,20260512,Offer,Hired,1864
E003500,A01063,P0143,REQK0009,USERK0004,2026-05-12 08:18:17,20260512,,Applied,3500
E004341,A01312,P0273,REQK0016,USERK0004,2026-05-12 08:50:33,20260512,Offer,Rejected,4341
E003784,A01149,P0273,REQK0016,USERK0001,2026-05-12 09:03:04,20260512,,Applied,3784
E001845,A00565,P0248,REQK0013,USERK0001,2026-05-12 09:11:51,20260512,Interview,Offer,1845
E000717,A00224,P0371,REQK0001,USERK0002,2026-05-12 10:38:02,20260512,Applied,Screen,717
E002823,A00856,P0448,REQK0007,USERK0004,2026-05-12 11:06:06,20260512,,Applied,2823
E002516,A00765,P0256,REQK0015,USERK0004,2026-05-12 11:54:50,20260512,Applied,Screen,2516
E004178,A01264,P0348,REQK0026,USERK0001,2026-05-12 12:03:32,20260512,,Applied,4178
E000564,A00175,P0265,REQK0008,USERK0004,2026-05-12 12:44:08,20260512,Interview,Rejected,564
E003246,A00983,P0266,REQK0008,USERK0002,2026-05-12 15:23:23,20260512,Applied,Screen,3246
E004088,A01235,P0413,REQK0018,USERK0003,2026-05-12 15:49:12,20260512,Applied,Withdrawn,4088
E000029,A00011,P0138,REQK0019,USERK0004,2026-05-12 16:21:15,20260512,Applied,Withdrawn,29
E000402,A00125,P0074,REQK0004,USERK0002,2026-05-12 17:06:56,20260512,Applied,Screen,402
E002942,A00893,P0091,REQK0013,USERK0001,2026-05-12 17:33:29,20260512,,Applied,2942
E003831,A01163,P0048,REQK0009,USERK0001,2026-05-12 17:40:26,20260512,,Applied,3831
E002508,A00762,P0053,REQK0014,USERK0001,2026-05-12 17:59:38,20260512,Applied,Screen,2508
E003882,A01177,P0209,REQK0010,USERK0004,2026-05-12 18:46:03,20260512,Interview,Offer,3882
E003301,A01000,P0295,REQK0020,USERK0001,2026-05-12 20:06:28,20260512,,Applied,3301
E000554,A00172,P0371,REQK0003,USERK0001,2026-05-12 20:36:32,20260512,,Applied,554
E002959,A00897,P0127,REQK0026,USERK0001,2026-05-12 20:52:45,20260512,,Applied,2959
E000096,A00032,P0012,REQK0021,USERK0003,2026-05-12 21:54:12,20260512,Applied,Screen,96
E004306,A01302,P0426,REQK0005,USERK0004,2026-05-12 22:46:43,20260512,Interview,Offer,4306
E000829,A00258,P0502,REQK0010,USERK0003,2026-05-12 23:02:52,20260512,Applied,Screen,829
E003847,A01168,P0513,REQK0002,USERK0002,2026-05-12 23:33:45,20260512,Applied,Screen,3847
E002930,A00888,P0007,REQK0019,USERK0004,2026-05-12 23:41:41,20260512,,Applied,2930
E002566,A00780,P0208,REQK0018,USERK0002,2026-05-13 01:35:25,20260513,,Applied,2566
E003149,A00954,P0160,REQK0025,USERK0003,2026-05-13 01:38:24,20260513,Screen,Interview,3149
E003669,A01112,P0361,REQK0021,USERK0003,2026-05-13 02:45:04,20260513,Applied,Screen,3669
E004267,A01290,P0074,REQK0026,USERK0004,2026-05-13 03:08:09,20260513,,Applied,4267
E002816,A00854,P0251,REQK0008,USERK0003,2026-05-13 03:31:59,20260513,,Applied,2816
E000775,A00243,P0530,REQK0026,USERK0002,2026-05-13 04:20:29,20260513,,Applied,775
E001929,A00591,P0180,REQK0008,USERK0002,2026-05-13 04:55:57,20260513,Screen,Interview,1929
E002789,A00846,P0208,REQK0008,USERK0001,2026-05-13 05:39:41,20260513,,Applied,2789
E000784,A00245,P0283,REQK0018,USERK0004,2026-05-13 05:43:04,20260513,Interview,Offer,784
E004221,A01276,P0390,REQK0021,USERK0001,2026-05-13 07:32:56,20260513,Applied,Screen,4221
E004604,A01400,P0406,REQK0023,USERK0003,2026-05-13 09:17:57,20260513,,Applied,4604
E003917,A01188,P0290,REQK0004,USERK0003,2026-05-13 09:25:26,20260513,Applied,Screen,3917
E004568,A01389,P0194,REQK0013,USERK0001,2026-05-13 13:25:13,20260513,,Applied,4568
E003387,A01025,P0522,REQK0008,USERK0003,2026-05-13 14:14:19,20260513,Applied,Withdrawn,3387
E003163,A00960,P0087,REQK0026,USERK0003,2026-05-13 15:29:42,20260513,,Applied,3163
E001635,A00501,P0104,REQK0008,USERK0001,2026-05-13 17:26:47,20260513,Screen,Rejected,1635
E001321,A00405,P0459,REQK0020,USERK0004,2026-05-13 17:31:36,20260513,,Applied,1321
E000676,A00211,P0325,REQK0026,USERK0003,2026-05-13 18:59:17,20260513,Applied,Withdrawn,676
E001615,A00494,P0059,REQK0018,USERK0001,2026-05-13 20:36:25,20260513,Screen,Withdrawn,1615
E001811,A00556,P0077,REQK0020,USERK0001,2026-05-13 21:18:43,20260513,Screen,Interview,1811
E003857,A01171,P0283,REQK0025,USERK0003,2026-05-13 21:27:24,20260513,Screen,Interview,3857
E000470,A00145,P0282,REQK0008,USERK0001,2026-05-13 21:50:11,20260513,Screen,Interview,470
E001870,A00572,P0142,REQK0006,USERK0002,2026-05-13 21:52:46,20260513,Screen,Interview,1870
E002939,A00891,P0070,REQK0010,USERK0001,2026-05-13 22:51:23,20260513,Applied,Rejected,2939
E002070,A00633,P0385,REQK0006,USERK0003,2026-05-13 22:55:28,20260513,Screen,Interview,2070
E002341,A00715,P0383,REQK0023,USERK0002,2026-05-14 00:29:24,20260514,,Applied,2341
E003232,A00979,P0408,REQK0016,USERK0002,2026-05-14 00:44:45,20260514,,Applied,3232
E001736,A00533,P0190,REQK0021,USERK0004,2026-05-14 01:18:48,20260514,Applied,Rejected,1736
E003604,A01094,P0494,REQK0013,USERK0003,2026-05-14 01:35:04,20260514,Applied,Screen,3604
E004132,A01249,P0465,REQK0004,USERK0001,2026-05-14 02:45:14,20260514,Screen,Interview,4132
E004646,A01412,P0340,REQK0004,USERK0001,2026-05-14 02:57:20,20260514,Applied,Screen,4646
E004524,A01374,P0477,REQK0005,USERK0003,2026-05-14 05:34:54,20260514,Screen,Withdrawn,4524
E004585,A01394,P0309,REQK0006,USERK0004,2026-05-14 06:10:54,20260514,,Applied,4585
E001930,A00591,P0180,REQK0008,USERK0003,2026-05-14 06:55:57,20260514,Interview,Withdrawn,1930
E000841,A00262,P0428,REQK0016,USERK0004,2026-05-14 07:05:55,20260514,Screen,Interview,841
E000255,A00079,P0180,REQK0021,USERK0001,2026-05-14 07:33:21,20260514,Applied,Screen,255
E002519,A00766,P0032,REQK0004,USERK0003,2026-05-14 07:39:43,20260514,,Applied,2519
E001328,A00407,P0091,REQK0023,USERK0003,2026-05-14 07:53:33,20260514,,Applied,1328
E002126,A00649,P0326,REQK0025,USERK0001,2026-05-14 12:16:21,20260514,Screen,Rejected,2126
E001143,A00351,P0276,REQK0017,USERK0004,2026-05-14 12:16:29,20260514,Offer,Hired,1143
E000543,A00168,P0194,REQK0017,USERK0002,2026-05-14 14:40:38,20260514,Screen,Interview,543
E003874,A01176,P0552,REQK0010,USERK0004,2026-05-14 16:34:35,20260514,,Applied,3874
E002239,A00681,P0325,REQK0014,USERK0004,2026-05-14 16:55:38,20260514,Applied,Withdrawn,2239
E001420,A00433,P0163,REQK0021,USERK0001,2026-05-14 18:24:28,20260514,Applied,Screen,1420
E004098,A01238,P0080,REQK0008,USERK0003,2026-05-14 18:42:15,20260514,Screen,Rejected,4098
E003124,A00947,P0040,REQK0023,USERK0002,2026-05-14 19:13:38,20260514,Applied,Screen,3124
E003891,A01181,P0347,REQK0024,USERK0001,2026-05-14 21:12:00,20260514,,Applied,3891
E002020,A00617,P0022,REQK0013,USERK0003,2026-05-14 21:24:17,20260514,Screen,Interview,2020
E003432,A01040,P0248,REQK0023,USERK0004,2026-05-14 21:28:27,20260514,,Applied,3432
E004705,A01431,P0494,REQK0006,USERK0004,2026-05-14 22:05:32,20260514,,Applied,4705
E002943,A00893,P0091,REQK0013,USERK0001,2026-05-14 22:33:29,20260514,Applied,Screen,2943
E000249,A00078,P0031,REQK0009,USERK0004,2026-05-14 22:57:56,20260514,,Applied,249
E002143,A00654,P0088,REQK0024,USERK0002,2026-05-14 22:59:56,20260514,,Applied,2143
E003906,A01185,P0064,REQK0006,USERK0001,2026-05-15 00:35:54,20260515,Applied,Screen,3906
E001948,A00596,P0401,REQK0021,USERK0002,2026-05-15 01:12:33,20260515,Screen,Withdrawn,1948
E002394,A00728,P0158,REQK0024,USERK0001,2026-05-15 02:00:39,20260515,Interview,Offer,2394
E001707,A00524,P0030,REQK0020,USERK0002,2026-05-15 03:11:55,20260515,,Applied,1707
E001482,A00451,P0410,REQK0002,USERK0004,2026-05-15 03:50:38,20260515,Interview,Offer,1482
E000702,A00219,P0005,REQK0018,USERK0003,2026-05-15 04:01:39,20260515,Screen,Interview,702
E004118,A01245,P0057,REQK0021,USERK0003,2026-05-15 05:53:52,20260515,,Applied,4118
E004202,A01270,P0359,REQK0019,USERK0002,2026-05-15 06:10:53,20260515,,Applied,4202
E002906,A00881,P0549,REQK0024,USERK0001,2026-05-15 06:28:39,20260515,Screen,Interview,2906
E003813,A01158,P0517,REQK0019,USERK0001,2026-05-15 06:37:25,20260515,,Applied,3813
E002678,A00815,P0532,REQK0002,USERK0003,2026-05-15 07:32:46,20260515,Applied,Screen,2678
E000737,A00232,P0254,REQK0024,USERK0003,2026-05-15 07:55:06,20260515,,Applied,737
E000123,A00041,P0519,REQK0018,USERK0001,2026-05-15 10:05:53,20260515,Applied,Screen,123
E001415,A00431,P0456,REQK0021,USERK0003,2026-05-15 10:24:46,20260515,Applied,Screen,1415
E004652,A01413,P0103,REQK0010,USERK0002,2026-05-15 10:44:31,20260515,Offer,Hired,4652
E000098,A00033,P0485,REQK0018,USERK0002,2026-05-15 11:26:04,20260515,,Applied,98
E003792,A01151,P0113,REQK0019,USERK0001,2026-05-15 13:01:17,20260515,,Applied,3792
E000696,A00218,P0043,REQK0026,USERK0004,2026-05-15 16:18:35,20260515,,Applied,696
E002087,A00637,P0151,REQK0010,USERK0003,2026-05-15 17:39:32,20260515,Screen,Withdrawn,2087
E004062,A01228,P0021,REQK0019,USERK0003,2026-05-15 19:01:12,20260515,Applied,Screen,4062
E003073,A00932,P0083,REQK0008,USERK0001,2026-05-15 19:25:05,20260515,Interview,Offer,3073
E002695,A00820,P0084,REQK0008,USERK0004,2026-05-15 20:28:38,20260515,Screen,Interview,2695
E002211,A00674,P0047,REQK0020,USERK0002,2026-05-15 20:48:34,20260515,,Applied,2211
E002080,A00636,P0376,REQK0009,USERK0002,2026-05-15 21:17:22,20260515,,Applied,2080
E002193,A00668,P0061,REQK0020,USERK0003,2026-05-15 21:29:24,20260515,Applied,Screen,2193
E002949,A00894,P0175,REQK0008,USERK0003,2026-05-15 21:53:39,20260515,Screen,Interview,2949
E004396,A01331,P0466,REQK0006,USERK0003,2026-05-16 01:49:50,20260516,Screen,Interview,4396
E002021,A00617,P0022,REQK0013,USERK0001,2026-05-16 02:24:17,20260516,Interview,Withdrawn,2021
E001589,A00486,P0489,REQK0008,USERK0004,2026-05-16 02:41:50,20260516,Applied,Rejected,1589
E002221,A00677,P0370,REQK0023,USERK0001,2026-05-16 02:59:08,20260516,,Applied,2221
E000935,A00289,P0289,REQK0026,USERK0002,2026-05-16 03:26:33,20260516,Applied,Screen,935
E001846,A00565,P0248,REQK0013,USERK0003,2026-05-16 05:11:51,20260516,Offer,Rejected,1846
E002763,A00838,P0213,REQK0024,USERK0002,2026-05-16 05:39:32,20260516,Applied,Screen,2763
E001578,A00484,P0143,REQK0006,USERK0002,2026-05-16 05:50:59,20260516,,Applied,1578
E003155,A00956,P0302,REQK0012,USERK0001,2026-05-16 05:51:36,20260516,Applied,Withdrawn,3155
E003443,A01044,P0392,REQK0005,USERK0002,2026-05-16 06:42:27,20260516,,Applied,3443
E001977,A00605,P0054,REQK0011,USERK0003,2026-05-16 07:13:34,20260516,Screen,Rejected,1977
E002032,A00621,P0298,REQK0026,USERK0001,2026-05-16 07:24:40,20260516,,Applied,2032
E000735,A00231,P0175,REQK0024,USERK0003,2026-05-16 08:09:26,20260516,,Applied,735
E000613,A00192,P0334,REQK0015,USERK0001,2026-05-16 09:08:33,20260516,Applied,Screen,613
E000100,A00034,P0398,REQK0001,USERK0001,2026-05-16 10:21:06,20260516,,Applied,100
E004133,A01249,P0465,REQK0004,USERK0004,2026-05-16 10:45:14,20260516,Interview,Offer,4133
E000327,A00103,P0336,REQK0018,USERK0004,2026-05-16 12:01:29,20260516,Applied,Screen,327
E002588,A00787,P0435,REQK0019,USERK0001,2026-05-16 13:01:21,20260516,,Applied,2588
E002567,A00780,P0208,REQK0018,USERK0002,2026-05-16 14:35:25,20260516,Applied,Withdrawn,2567
E002037,A00623,P0297,REQK0021,USERK0003,2026-05-16 16:19:05,20260516,Applied,Screen,2037
E004219,A01275,P0555,REQK0026,USERK0003,2026-05-16 16:57:01,20260516,Applied,Rejected,4219
E000885,A00274,P0070,REQK0004,USERK0002,2026-05-16 17:16:10,20260516,Screen,Interview,885
E003324,A01007,P0325,REQK0012,USERK0002,2026-05-16 17:17:30,20260516,,Applied,3324
E002044,A00625,P0054,REQK0026,USERK0002,2026-05-16 17:53:18,20260516,Applied,Screen,2044
E000761,A00239,P0390,REQK0001,USERK0003,2026-05-16 18:04:51,20260516,,Applied,761
E003397,A01028,P0293,REQK0018,USERK0004,2026-05-16 19:16:36,20260516,Offer,Withdrawn,3397
E004591,A01395,P0551,REQK0010,USERK0003,2026-05-16 19:44:11,20260516,Applied,Screen,4591
E004213,A01273,P0213,REQK0011,USERK0002,2026-05-16 21:01:03,20260516,,Applied,4213
E003640,A01104,P0169,REQK0004,USERK0001,2026-05-16 22:01:25,20260516,,Applied,3640
E004614,A01403,P0051,REQK0013,USERK0004,2026-05-16 22:09:27,20260516,,Applied,4614
E001311,A00400,P0037,REQK0026,USERK0004,2026-05-16 22:46:26,20260516,Screen,Withdrawn,1311
E001630,A00500,P0280,REQK0024,USERK0004,2026-05-16 22:48:48,20260516,,Applied,1630
E000492,A00152,P0074,REQK0017,USERK0004,2026-05-16 23:29:21,20260516,Applied,Rejected,492
E002657,A00807,P0111,REQK0018,USERK0004,2026-05-16 23:31:53,20260516,Offer,Rejected,2657
E002707,A00823,P0286,REQK0001,USERK0003,2026-05-16 23:37:28,20260516,Applied,Screen,2707
E000617,A00193,P0428,REQK0019,USERK0003,2026-05-17 00:15:45,20260517,Applied,Withdrawn,617
E002049,A00626,P0200,REQK0024,USERK0004,2026-05-17 04:15:20,20260517,Applied,Withdrawn,2049
E004189,A01266,P0210,REQK0003,USERK0001,2026-05-17 05:42:17,20260517,Screen,Interview,4189
E003858,A01171,P0283,REQK0025,USERK0001,2026-05-17 07:27:24,20260517,Interview,Offer,3858
E002748,A00833,P0368,REQK0004,USERK0002,2026-05-17 08:02:47,20260517,,Applied,2748
E004634,A01407,P0078,REQK0021,USERK0003,2026-05-17 08:14:27,20260517,Screen,Rejected,4634
E002714,A00825,P0037,REQK0023,USERK0001,2026-05-17 09:22:50,20260517,,Applied,2714
E004333,A01311,P0502,REQK0010,USERK0002,2026-05-17 12:27:57,20260517,Applied,Screen,4333
E003848,A01168,P0513,REQK0002,USERK0002,2026-05-17 12:33:45,20260517,Screen,Interview,3848
E000947,A00292,P0082,REQK0018,USERK0004,2026-05-17 14:09:31,20260517,Screen,Interview,947
E000776,A00243,P0530,REQK0026,USERK0004,2026-05-17 15:20:29,20260517,Applied,Screen,776
E002858,A00868,P0033,REQK0020,USERK0001,2026-05-17 16:41:40,20260517,,Applied,2858
E004113,A01243,P0351,REQK0007,USERK0004,2026-05-17 17:08:19,20260517,Applied,Screen,4113
E001708,A00524,P0030,REQK0020,USERK0001,2026-05-17 17:11:55,20260517,Applied,Withdrawn,1708
E003011,A00913,P0030,REQK0006,USERK0004,2026-05-17 19:59:25,20260517,Interview,Rejected,3011
E000870,A00270,P0025,REQK0006,USERK0001,2026-05-17 22:16:09,20260517,Applied,Screen,870
E003814,A01158,P0517,REQK0019,USERK0003,2026-05-17 22:37:25,20260517,Applied,Screen,3814
E000740,A00233,P0398,REQK0001,USERK0003,2026-05-17 23:02:32,20260517,,Applied,740
E003475,A01055,P0058,REQK0020,USERK0002,2026-05-18 00:12:51,20260518,Applied,Withdrawn,3475
E001368,A00417,P0131,REQK0011,USERK0001,2026-05-18 00:13:48,20260518,Offer,Hired,1368
E002708,A00823,P0286,REQK0001,USERK0002,2026-05-18 00:37:28,20260518,Screen,Withdrawn,2708
E003522,A01070,P0358,REQK0023,USERK0001,2026-05-18 02:00:09,20260518,,Applied,3522
E000157,A00051,P0132,REQK0005,USERK0004,2026-05-18 02:04:24,20260518,Screen,Withdrawn,157
E003463,A01050,P0116,REQK0001,USERK0001,2026-05-18 02:14:23,20260518,Screen,Rejected,3463
E002907,A00881,P0549,REQK0024,USERK0002,2026-05-18 02:28:39,20260518,Interview,Offer,2907
E001107,A00341,P0442,REQK0019,USERK0001,2026-05-18 03:57:24,20260518,,Applied,1107
E002661,A00809,P0119,REQK0004,USERK0002,2026-05-18 04:00:57,20260518,,Applied,2661
E003465,A01051,P0077,REQK0004,USERK0002,2026-05-18 04:50:04,20260518,Applied,Withdrawn,3465
E003748,A01137,P0414,REQK0016,USERK0003,2026-05-18 07:15:04,20260518,,Applied,3748
E001029,A00317,P0024,REQK0024,USERK0001,2026-05-18 07:20:57,20260518,,Applied,1029
E004248,A01283,P0552,REQK0019,USERK0001,2026-05-18 09:43:06,20260518,Applied,Withdrawn,4248
E001552,A00474,P0135,REQK0012,USERK0004,2026-05-18 09:43:53,20260518,Offer,Rejected,1552
E004066,A01230,P0560,REQK0001,USERK0003,2026-05-18 11:42:06,20260518,,Applied,4066
E001497,A00457,P0383,REQK0022,USERK0004,2026-05-18 11:52:14,20260518,Applied,Screen,1497
E003371,A01020,P0166,REQK0001,USERK0001,2026-05-18 11:57:59,20260518,Applied,Screen,3371
E003266,A00989,P0539,REQK0004,USERK0002,2026-05-18 14:31:01,20260518,,Applied,3266
E004222,A01276,P0390,REQK0021,USERK0003,2026-05-18 14:32:56,20260518,Screen,Interview,4222
E001371,A00418,P0216,REQK0023,USERK0001,2026-05-18 15:29:29,20260518,Screen,Interview,1371
E004433,A01343,P0188,REQK0025,USERK0003,2026-05-18 16:08:14,20260518,,Applied,4433
E004352,A01316,P0258,REQK0020,USERK0001,2026-05-18 16:10:29,20260518,Screen,Withdrawn,4352
E002275,A00693,P0465,REQK0005,USERK0004,2026-05-18 16:11:43,20260518,,Applied,2275
E004486,A01361,P0017,REQK0026,USERK0002,2026-05-18 16:12:52,20260518,,Applied,4486
E004656,A01415,P0516,REQK0014,USERK0003,2026-05-18 16:30:13,20260518,Applied,Screen,4656
E000565,A00176,P0265,REQK0023,USERK0004,2026-05-18 17:53:42,20260518,,Applied,565
E004018,A01216,P0388,REQK0019,USERK0001,2026-05-18 18:09:07,20260518,,Applied,4018
E002491,A00757,P0270,REQK0017,USERK0003,2026-05-18 18:47:13,20260518,Interview,Rejected,2491
E002045,A00625,P0054,REQK0026,USERK0001,2026-05-18 19:53:18,20260518,Screen,Interview,2045
E000101,A00034,P0398,REQK0001,USERK0001,2026-05-18 20:21:06,20260518,Applied,Screen,101
E003864,A01173,P0176,REQK0024,USERK0003,2026-05-18 23:04:03,20260518,,Applied,3864
E002717,A00826,P0060,REQK0001,USERK0004,2026-05-18 23:43:39,20260518,,Applied,2717
E002033,A00621,P0298,REQK0026,USERK0003,2026-05-19 00:24:40,20260519,Applied,Rejected,2033
E001766,A00542,P0514,REQK0017,USERK0003,2026-05-19 00:39:34,20260519,,Applied,1766
E004347,A01315,P0025,REQK0018,USERK0002,2026-05-19 01:10:02,20260519,,Applied,4347
E003366,A01019,P0271,REQK0026,USERK0001,2026-05-19 02:04:54,20260519,,Applied,3366
E003832,A01163,P0048,REQK0009,USERK0003,2026-05-19 02:40:26,20260519,Applied,Screen,3832
E003160,A00958,P0026,REQK0012,USERK0002,2026-05-19 03:41:57,20260519,Screen,Rejected,3160
E000654,A00204,P0244,REQK0001,USERK0001,2026-05-19 03:57:57,20260519,,Applied,654
E002635,A00802,P0369,REQK0007,USERK0004,2026-05-19 06:20:34,20260519,,Applied,2635
E002790,A00846,P0208,REQK0008,USERK0003,2026-05-19 07:39:41,20260519,Applied,Screen,2790
E000912,A00281,P0156,REQK0024,USERK0001,2026-05-19 09:25:51,20260519,Applied,Screen,912
E002353,A00717,P0363,REQK0002,USERK0002,2026-05-19 09:34:15,20260519,Offer,Hired,2353
E003233,A00979,P0408,REQK0016,USERK0001,2026-05-19 09:44:45,20260519,Applied,Screen,3233
E002953,A00895,P0497,REQK0018,USERK0003,2026-05-19 10:56:59,20260519,Applied,Screen,2953
E001355,A00414,P0353,REQK0001,USERK0002,2026-05-19 11:27:49,20260519,Applied,Screen,1355
E003125,A00947,P0040,REQK0023,USERK0001,2026-05-19 13:13:38,20260519,Screen,Interview,3125
E004478,A01358,P0235,REQK0004,USERK0002,2026-05-19 15:20:31,20260519,Screen,Interview,4478
E000920,A00283,P0542,REQK0012,USERK0004,2026-05-19 15:41:23,20260519,Applied,Withdrawn,920
E000703,A00219,P0005,REQK0018,USERK0003,2026-05-19 17:01:39,20260519,Interview,Offer,703
E000931,A00287,P0080,REQK0018,USERK0003,2026-05-19 17:49:01,20260519,Applied,Withdrawn,931
E004706,A01431,P0494,REQK0006,USERK0004,2026-05-19 18:05:32,20260519,Applied,Screen,4706
E004586,A01394,P0309,REQK0006,USERK0003,2026-05-19 18:10:54,20260519,Applied,Screen,4586
E001123,A00345,P0094,REQK0013,USERK0004,2026-05-19 18:56:17,20260519,Offer,Rejected,1123
E001421,A00433,P0163,REQK0021,USERK0003,2026-05-19 20:24:28,20260519,Screen,Interview,1421
E002470,A00751,P0266,REQK0024,USERK0003,2026-05-19 21:38:27,20260519,Screen,Withdrawn,2470
E001621,A00497,P0227,REQK0015,USERK0003,2026-05-19 21:57:58,20260519,,Applied,1621
E003164,A00960,P0087,REQK0026,USERK0001,2026-05-19 23:29:42,20260519,Applied,Screen,3164
E000991,A00306,P0205,REQK0014,USERK0002,2026-05-20 00:03:31,20260520,,Applied,991
E001327,A00406,P0008,REQK0021,USERK0003,2026-05-20 01:12:17,20260520,Applied,Rejected,1327
E000250,A00078,P0031,REQK0009,USERK0003,2026-05-20 01:57:56,20260520,Applied,Screen,250
E002110,A00645,P0059,REQK0012,USERK0001,2026-05-20 03:20:53,20260520,,Applied,2110
E000373,A00116,P0474,REQK0005,USERK0004,2026-05-20 03:45:27,20260520,,Applied,373
E002571,A00781,P0371,REQK0015,USERK0004,2026-05-20 03:45:38,20260520,Interview,Offer,2571
E004055,A01225,P0031,REQK0024,USERK0003,2026-05-20 05:23:33,20260520,Applied,Withdrawn,4055
E003170,A00962,P0040,REQK0011,USERK0004,2026-05-20 05:36:18,20260520,,Applied,3170
E002399,A00730,P0190,REQK0023,USERK0001,2026-05-20 06:17:18,20260520,Applied,Screen,2399
E004766,A01449,P0142,REQK0007,USERK0001,2026-05-20 06:41:03,20260520,Applied,Screen,4766
E001631,A00500,P0280,REQK0024,USERK0001,2026-05-20 06:48:48,20260520,Applied,Screen,1631
E001758,A00539,P0086,REQK0020,USERK0004,2026-05-20 06:58:11,20260520,Screen,Withdrawn,1758
E004152,A01256,P0066,REQK0014,USERK0002,2026-05-20 07:29:06,20260520,Offer,Hired,4152
E002877,A00873,P0056,REQK0019,USERK0001,2026-05-20 07:37:14,20260520,,Applied,2877
E001690,A00518,P0425,REQK0013,USERK0004,2026-05-20 07:40:19,20260520,,Applied,1690
E003161,A00959,P0067,REQK0001,USERK0001,2026-05-20 08:35:09,20260520,,Applied,3161
E003327,A01008,P0036,REQK0008,USERK0002,2026-05-20 09:14:24,20260520,Applied,Screen,3327
E002711,A00824,P0256,REQK0015,USERK0003,2026-05-20 12:15:43,20260520,Screen,Interview,2711
E003601,A01093,P0129,REQK0019,USERK0004,2026-05-20 12:32:19,20260520,,Applied,3601
E000555,A00172,P0371,REQK0003,USERK0002,2026-05-20 12:36:32,20260520,Applied,Withdrawn,555
E000738,A00232,P0254,REQK0024,USERK0001,2026-05-20 12:55:06,20260520,Applied,Screen,738
E003126,A00947,P0040,REQK0023,USERK0001,2026-05-20 13:13:38,20260520,Interview,Withdrawn,3126
E001904,A00584,P0218,REQK0015,USERK0004,2026-05-20 13:17:48,20260520,,Applied,1904
E003923,A01190,P0390,REQK0015,USERK0003,2026-05-20 13:21:22,20260520,Screen,Interview,3923
E000089,A00030,P0233,REQK0019,USERK0002,2026-05-20 14:21:09,20260520,,Applied,89
E002743,A00832,P0320,REQK0013,USERK0001,2026-05-20 14:37:26,20260520,,Applied,2743
E002520,A00766,P0032,REQK0004,USERK0003,2026-05-20 14:39:43,20260520,Applied,Screen,2520
E000306,A00096,P0367,REQK0003,USERK0001,2026-05-20 15:31:18,20260520,,Applied,306
E000853,A00265,P0550,REQK0001,USERK0004,2026-05-20 16:39:21,20260520,,Applied,853
E000984,A00303,P0560,REQK0017,USERK0002,2026-05-20 17:31:59,20260520,Interview,Offer,984
E000762,A00239,P0390,REQK0001,USERK0004,2026-05-20 19:04:51,20260520,Applied,Screen,762
E000260,A00080,P0015,REQK0018,USERK0001,2026-05-20 20:36:19,20260520,Applied,Screen,260
E001404,A00428,P0025,REQK0023,USERK0001,2026-05-20 21:10:11,20260520,,Applied,1404
E003681,A01116,P0501,REQK0021,USERK0002,2026-05-20 22:21:06,20260520,Screen,Interview,3681
E000827,A00257,P0068,REQK0008,USERK0004,2026-05-20 23:13:00,20260520,Screen,Rejected,827
E002364,A00721,P0219,REQK0024,USERK0003,2026-05-20 23:54:45,20260520,,Applied,2364
E003027,A00919,P0222,REQK0026,USERK0004,2026-05-21 00:22:43,20260521,Applied,Screen,3027
E004023,A01217,P0148,REQK0010,USERK0003,2026-05-21 00:37:37,20260521,,Applied,4023
E001202,A00369,P0527,REQK0003,USERK0003,2026-05-21 00:49:25,20260521,Screen,Interview,1202
E004615,A01403,P0051,REQK0013,USERK0002,2026-05-21 01:09:27,20260521,Applied,Screen,4615
E003101,A00940,P0275,REQK0004,USERK0001,2026-05-21 02:08:09,20260521,,Applied,3101
E002251,A00685,P0121,REQK0019,USERK0004,2026-05-21 03:15:08,20260521,,Applied,2251
E002540,A00773,P0335,REQK0004,USERK0002,2026-05-21 04:30:55,20260521,,Applied,2540
E000097,A00032,P0012,REQK0021,USERK0004,2026-05-21 04:54:12,20260521,Screen,Rejected,97
E002638,A00803,P0003,REQK0010,USERK0004,2026-05-21 04:56:48,20260521,,Applied,2638
E002153,A00657,P0250,REQK0023,USERK0002,2026-05-21 05:11:39,20260521,Screen,Withdrawn,2153
E002304,A00704,P0356,REQK0022,USERK0004,2026-05-21 05:12:18,20260521,,Applied,2304
E001147,A00353,P0415,REQK0021,USERK0003,2026-05-21 07:34:19,20260521,,Applied,1147
E004569,A01389,P0194,REQK0013,USERK0002,2026-05-21 08:25:13,20260521,Applied,Screen,4569
E004726,A01436,P0268,REQK0008,USERK0002,2026-05-21 09:28:44,20260521,Screen,Interview,4726
E003331,A01009,P0159,REQK0017,USERK0001,2026-05-21 13:26:46,20260521,Applied,Screen,3331
E003815,A01158,P0517,REQK0019,USERK0003,2026-05-21 14:37:25,20260521,Screen,Interview,3815
E003605,A01094,P0494,REQK0013,USERK0004,2026-05-21 15:35:04,20260521,Screen,Rejected,3605
E000879,A00272,P0016,REQK0015,USERK0004,2026-05-21 15:58:16,20260521,Interview,Offer,879
E001882,A00575,P0049,REQK0010,USERK0002,2026-05-21 16:53:08,20260521,Interview,Rejected,1882
E003907,A01185,P0064,REQK0006,USERK0003,2026-05-21 17:35:54,20260521,Screen,Interview,3907
E003670,A01112,P0361,REQK0021,USERK0001,2026-05-21 21:45:04,20260521,Screen,Interview,3670
E002886,A00875,P0071,REQK0015,USERK0002,2026-05-21 22:34:34,20260521,Screen,Interview,2886
E000124,A00041,P0519,REQK0018,USERK0002,2026-05-21 23:05:53,20260521,Screen,Interview,124
E002882,A00874,P0003,REQK0026,USERK0004,2026-05-21 23:21:05,20260521,Screen,Interview,2882
E000994,A00307,P0378,REQK0010,USERK0002,2026-05-22 00:14:56,20260522,,Applied,994
E003111,A00943,P0036,REQK0022,USERK0001,2026-05-22 00:34:43,20260522,,Applied,3111
E001039,A00320,P0465,REQK0001,USERK0003,2026-05-22 01:30:16,20260522,,Applied,1039
E003304,A01001,P0246,REQK0015,USERK0001,2026-05-22 01:55:22,20260522,,Applied,3304
E002897,A00878,P0325,REQK0026,USERK0003,2026-05-22 02:14:11,20260522,Applied,Screen,2897
E004359,A01319,P0344,REQK0006,USERK0003,2026-05-22 02:20:44,20260522,,Applied,4359
E004284,A01296,P0060,REQK0004,USERK0002,2026-05-22 03:38:37,20260522,,Applied,4284
E002859,A00868,P0033,REQK0020,USERK0002,2026-05-22 03:41:40,20260522,Applied,Screen,2859
E000403,A00125,P0074,REQK0004,USERK0004,2026-05-22 04:06:56,20260522,Screen,Interview,403
E002025,A00618,P0218,REQK0003,USERK0004,2026-05-22 04:45:30,20260522,Interview,Offer,2025
E004388,A01328,P0527,REQK0024,USERK0002,2026-05-22 05:00:00,20260522,Applied,Screen,4388
E003222,A00976,P0143,REQK0020,USERK0002,2026-05-22 05:12:02,20260522,,Applied,3222
E002342,A00715,P0383,REQK0023,USERK0004,2026-05-22 05:29:24,20260522,Applied,Screen,2342
E000741,A00233,P0398,REQK0001,USERK0001,2026-05-22 07:02:32,20260522,Applied,Screen,741
E000261,A00080,P0015,REQK0018,USERK0004,2026-05-22 07:36:19,20260522,Screen,Rejected,261
E002222,A00677,P0370,REQK0023,USERK0001,2026-05-22 07:59:08,20260522,Applied,Screen,2222
E002144,A00654,P0088,REQK0024,USERK0003,2026-05-22 07:59:56,20260522,Applied,Screen,2144
E002334,A00712,P0085,REQK0016,USERK0002,2026-05-22 08:05:20,20260522,,Applied,2334
E001944,A00595,P0354,REQK0003,USERK0001,2026-05-22 08:15:58,20260522,Applied,Screen,1944
E001657,A00508,P0536,REQK0011,USERK0004,2026-05-22 10:24:48,20260522,Applied,Screen,1657
E004411,A01336,P0156,REQK0023,USERK0003,2026-05-22 11:29:42,20260522,,Applied,4411
E003865,A01173,P0176,REQK0024,USERK0003,2026-05-22 13:04:03,20260522,Applied,Withdrawn,3865
E000192,A00062,P0470,REQK0019,USERK0004,2026-05-22 13:10:36,20260522,Applied,Screen,192
E002081,A00636,P0376,REQK0009,USERK0003,2026-05-22 13:17:22,20260522,Applied,Screen,2081
E002279,A00694,P0182,REQK0023,USERK0002,2026-05-22 14:52:00,20260522,Applied,Rejected,2279
E004693,A01428,P0171,REQK0001,USERK0002,2026-05-22 15:06:13,20260522,,Applied,4693
E000102,A00034,P0398,REQK0001,USERK0003,2026-05-22 15:21:06,20260522,Screen,Interview,102
E001579,A00484,P0143,REQK0006,USERK0004,2026-05-22 15:50:59,20260522,Applied,Screen,1579
E002325,A00709,P0278,REQK0024,USERK0004,2026-05-22 17:22:37,20260522,Interview,Offer,2325
E003138,A00951,P0080,REQK0021,USERK0004,2026-05-22 17:45:44,20260522,Applied,Screen,3138
E000739,A00232,P0254,REQK0024,USERK0001,2026-05-22 17:55:06,20260522,Screen,Rejected,739
E002315,A00707,P0337,REQK0016,USERK0004,2026-05-22 17:57:44,20260522,,Applied,2315
E001331,A00408,P0361,REQK0007,USERK0004,2026-05-22 18:07:43,20260522,Applied,Screen,1331
E000959,A00295,P0266,REQK0007,USERK0001,2026-05-23 00:11:29,20260523,Interview,Offer,959
E002149,A00656,P0551,REQK0005,USERK0004,2026-05-23 00:20:53,20260523,,Applied,2149
E003918,A01188,P0290,REQK0004,USERK0003,2026-05-23 01:25:26,20260523,Screen,Rejected,3918
E004190,A01266,P0210,REQK0003,USERK0004,2026-05-23 01:42:17,20260523,Interview,Offer,4190
E004052,A01224,P0365,REQK0020,USERK0001,2026-05-23 02:39:08,20260523,,Applied,4052
E002749,A00833,P0368,REQK0004,USERK0004,2026-05-23 03:02:47,20260523,Applied,Screen,2749
E000614,A00192,P0334,REQK0015,USERK0002,2026-05-23 03:08:33,20260523,Screen,Interview,614
E002097,A00640,P0548,REQK0026,USERK0001,2026-05-23 04:09:26,20260523,Screen,Interview,2097
E000624,A00195,P0500,REQK0026,USERK0002,2026-05-23 05:03:44,20260523,Offer,Withdrawn,624
E000290,A00091,P0067,REQK0014,USERK0002,2026-05-23 05:34:14,20260523,Applied,Screen,290
E003234,A00979,P0408,REQK0016,USERK0001,2026-05-23 05:44:45,20260523,Screen,Interview,3234
E004262,A01288,P0026,REQK0021,USERK0002,2026-05-23 07:40:32,20260523,,Applied,4262
E001936,A00593,P0010,REQK0008,USERK0001,2026-05-23 09:11:00,20260523,,Applied,1936
E004657,A01415,P0516,REQK0014,USERK0003,2026-05-23 09:30:13,20260523,Screen,Interview,4657
E001329,A00407,P0091,REQK0023,USERK0003,2026-05-23 09:53:33,20260523,Applied,Withdrawn,1329
E003261,A00987,P0339,REQK0003,USERK0001,2026-05-23 12:07:31,20260523,Screen,Rejected,3261
E002038,A00623,P0297,REQK0021,USERK0001,2026-05-23 12:19:05,20260523,Screen,Interview,2038
E000341,A00108,P0208,REQK0025,USERK0004,2026-05-23 12:24:50,20260523,Screen,Interview,341
E001030,A00317,P0024,REQK0024,USERK0001,2026-05-23 13:20:57,20260523,Applied,Withdrawn,1030
E001622,A00497,P0227,REQK0015,USERK0004,2026-05-23 13:57:58,20260523,Applied,Withdrawn,1622
E000052,A00018,P0161,REQK0006,USERK0004,2026-05-23 14:06:40,20260523,,Applied,52
E003439,A01043,P0062,REQK0013,USERK0001,2026-05-23 15:49:34,20260523,Applied,Screen,3439
E004160,A01259,P0321,REQK0026,USERK0002,2026-05-23 16:49:35,20260523,,Applied,4160
E000487,A00151,P0424,REQK0011,USERK0004,2026-05-23 17:39:05,20260523,,Applied,487
E000044,A00016,P0251,REQK0001,USERK0004,2026-05-23 18:03:43,20260523,Applied,Screen,44
E003444,A01044,P0392,REQK0005,USERK0001,2026-05-23 18:42:27,20260523,Applied,Screen,3444
E003833,A01163,P0048,REQK0009,USERK0003,2026-05-23 19:40:26,20260523,Screen,Withdrawn,3833
E000516,A00160,P0138,REQK0006,USERK0002,2026-05-23 20:28:29,20260523,,Applied,516
E000908,A00280,P0059,REQK0016,USERK0003,2026-05-23 20:51:51,20260523,Screen,Interview,908
E004114,A01243,P0351,REQK0007,USERK0003,2026-05-23 22:08:19,20260523,Screen,Interview,4114
E000736,A00231,P0175,REQK0024,USERK0003,2026-05-23 22:09:26,20260523,Applied,Rejected,736
E001394,A00425,P0181,REQK0024,USERK0001,2026-05-24 00:21:04,20260524,Applied,Screen,1394
E002931,A00888,P0007,REQK0019,USERK0003,2026-05-24 00:41:41,20260524,Applied,Screen,2931
E002744,A00832,P0320,REQK0013,USERK0004,2026-05-24 01:37:26,20260524,Applied,Screen,2744
E003809,A01156,P0291,REQK0021,USERK0001,2026-05-24 01:51:36,20260524,Applied,Screen,3809
E000752,A00236,P0083,REQK0014,USERK0004,2026-05-24 01:56:38,20260524,,Applied,752
E002718,A00826,P0060,REQK0001,USERK0003,2026-05-24 04:43:39,20260524,Applied,Screen,2718
E001356,A00414,P0353,REQK0001,USERK0003,2026-05-24 05:27:49,20260524,Screen,Interview,1356
E004120,A01246,P0057,REQK0026,USERK0004,2026-05-24 05:34:16,20260524,,Applied,4120
E003614,A01097,P0308,REQK0018,USERK0001,2026-05-24 05:46:45,20260524,,Applied,3614
E002386,A00727,P0239,REQK0018,USERK0003,2026-05-24 06:24:13,20260524,,Applied,2386
E002541,A00773,P0335,REQK0004,USERK0004,2026-05-24 06:30:55,20260524,Applied,Screen,2541
E004179,A01264,P0348,REQK0026,USERK0004,2026-05-24 07:03:32,20260524,Applied,Screen,4179
E003772,A01145,P0023,REQK0016,USERK0003,2026-05-24 07:20:13,20260524,,Applied,3772
E001972,A00604,P0363,REQK0018,USERK0001,2026-05-24 07:54:10,20260524,Screen,Interview,1972
E003247,A00983,P0266,REQK0008,USERK0004,2026-05-24 10:23:23,20260524,Screen,Interview,3247
E002316,A00707,P0337,REQK0016,USERK0003,2026-05-24 11:57:44,20260524,Applied,Rejected,2316
E002824,A00856,P0448,REQK0007,USERK0001,2026-05-24 12:06:06,20260524,Applied,Screen,2824
E000886,A00274,P0070,REQK0004,USERK0004,2026-05-24 12:16:10,20260524,Interview,Offer,886
E001244,A00381,P0343,REQK0017,USERK0004,2026-05-24 12:19:53,20260524,Applied,Screen,1244
E003372,A01020,P0166,REQK0001,USERK0003,2026-05-24 14:57:59,20260524,Screen,Withdrawn,3372
E003433,A01040,P0248,REQK0023,USERK0003,2026-05-24 16:28:27,20260524,Applied,Withdrawn,3433
E002866,A00870,P0214,REQK0018,USERK0001,2026-05-24 17:32:38,20260524,Screen,Interview,2866
E003267,A00989,P0539,REQK0004,USERK0001,2026-05-24 18:31:01,20260524,Applied,Screen,3267
E001628,A00499,P0437,REQK0016,USERK0004,2026-05-24 18:37:12,20260524,Screen,Interview,1628
E001723,A00529,P0185,REQK0019,USERK0003,2026-05-24 18:55:25,20260524,,Applied,1723
E001278,A00391,P0349,REQK0026,USERK0001,2026-05-24 20:28:31,20260524,Screen,Interview,1278
E004003,A01212,P0552,REQK0022,USERK0002,2026-05-24 20:47:01,20260524,,Applied,4003
E001148,A00353,P0415,REQK0021,USERK0004,2026-05-24 21:34:19,20260524,Applied,Screen,1148
E004047,A01223,P0479,REQK0022,USERK0001,2026-05-24 23:38:37,20260524,,Applied,4047
E004063,A01228,P0021,REQK0019,USERK0003,2026-05-25 00:01:12,20260525,Screen,Withdrawn,4063
E003162,A00959,P0067,REQK0001,USERK0003,2026-05-25 01:35:09,20260525,Applied,Rejected,3162
E003361,A01018,P0350,REQK0019,USERK0004,2026-05-25 02:35:36,20260525,,Applied,3361
E004598,A01397,P0482,REQK0002,USERK0001,2026-05-25 03:14:42,20260525,,Applied,4598
E000005,A00003,P0516,REQK0026,USERK0004,2026-05-25 03:19:09,20260525,,Applied,5
E004360,A01319,P0344,REQK0006,USERK0003,2026-05-25 03:20:44,20260525,Applied,Screen,4360
E004053,A01224,P0365,REQK0020,USERK0003,2026-05-25 04:39:08,20260525,Applied,Withdrawn,4053
E001416,A00431,P0456,REQK0021,USERK0003,2026-05-25 05:24:46,20260525,Screen,Withdrawn,1416
E002696,A00820,P0084,REQK0008,USERK0003,2026-05-25 05:28:38,20260525,Interview,Offer,2696
E003816,A01158,P0517,REQK0019,USERK0002,2026-05-25 05:37:25,20260525,Interview,Offer,3816
E004647,A01412,P0340,REQK0004,USERK0003,2026-05-25 05:57:20,20260525,Screen,Rejected,4647
E002082,A00636,P0376,REQK0009,USERK0004,2026-05-25 07:17:22,20260525,Screen,Interview,2082
E003849,A01168,P0513,REQK0002,USERK0001,2026-05-25 07:33:45,20260525,Interview,Rejected,3849
E003102,A00940,P0275,REQK0004,USERK0003,2026-05-25 08:08:09,20260525,Applied,Screen,3102
E002252,A00685,P0121,REQK0019,USERK0004,2026-05-25 08:15:08,20260525,Applied,Screen,2252
E001014,A00312,P0428,REQK0005,USERK0001,2026-05-25 08:52:39,20260525,Interview,Offer,1014
E000280,A00088,P0559,REQK0018,USERK0001,2026-05-25 09:50:53,20260525,,Applied,280
E002305,A00704,P0356,REQK0022,USERK0002,2026-05-25 10:12:18,20260525,Applied,Screen,2305
E002521,A00766,P0032,REQK0004,USERK0002,2026-05-25 10:39:43,20260525,Screen,Interview,2521
E001362,A00416,P0382,REQK0008,USERK0001,2026-05-25 11:50:23,20260525,,Applied,1362
E000376,A00117,P0439,REQK0008,USERK0004,2026-05-25 13:30:45,20260525,,Applied,376
E003515,A01067,P0135,REQK0016,USERK0004,2026-05-25 14:09:39,20260525,Interview,Offer,3515
E004605,A01400,P0406,REQK0023,USERK0001,2026-05-25 15:17:57,20260525,Applied,Withdrawn,4605
E002589,A00787,P0435,REQK0019,USERK0001,2026-05-25 16:01:21,20260525,Applied,Screen,2589
E002787,A00845,P0328,REQK0001,USERK0002,2026-05-25 16:57:56,20260525,Applied,Screen,2787
E001866,A00571,P0365,REQK0003,USERK0002,2026-05-25 17:09:23,20260525,Applied,Screen,1866
E000323,A00102,P0502,REQK0019,USERK0003,2026-05-25 17:30:15,20260525,,Applied,323
E002511,A00763,P0079,REQK0025,USERK0004,2026-05-25 18:10:29,20260525,,Applied,2511
E001606,A00492,P0521,REQK0021,USERK0004,2026-05-25 19:12:57,20260525,,Applied,1606
E002039,A00623,P0297,REQK0021,USERK0002,2026-05-25 20:19:05,20260525,Interview,Offer,2039
E003129,A00948,P0058,REQK0019,USERK0004,2026-05-25 20:37:25,20260525,Screen,Interview,3129
E000359,A00113,P0351,REQK0024,USERK0004,2026-05-25 21:25:21,20260525,,Applied,359
E002629,A00800,P0111,REQK0023,USERK0001,2026-05-25 21:35:19,20260525,Offer,Hired,2629
E002883,A00874,P0003,REQK0026,USERK0002,2026-05-26 00:21:05,20260526,Interview,Withdrawn,2883
E000746,A00234,P0032,REQK0005,USERK0003,2026-05-26 00:55:39,20260526,Interview,Offer,746
E001352,A00413,P0445,REQK0004,USERK0003,2026-05-26 02:09:30,20260526,,Applied,1352
E003084,A00935,P0428,REQK0010,USERK0001,2026-05-26 02:35:44,20260526,,Applied,3084
E001085,A00334,P0378,REQK0006,USERK0002,2026-05-26 02:39:38,20260526,Screen,Interview,1085
E001344,A00410,P0146,REQK0014,USERK0003,2026-05-26 04:42:22,20260526,Offer,Hired,1344
E000948,A00292,P0082,REQK0018,USERK0003,2026-05-26 05:09:31,20260526,Interview,Rejected,948
E001459,A00444,P0059,REQK0026,USERK0003,2026-05-26 08:04:12,20260526,,Applied,1459
E001294,A00396,P0179,REQK0020,USERK0003,2026-05-26 09:42:06,20260526,Applied,Screen,1294
E000992,A00306,P0205,REQK0014,USERK0003,2026-05-26 12:03:31,20260526,Applied,Screen,992
E003615,A01097,P0308,REQK0018,USERK0004,2026-05-26 12:46:45,20260526,Applied,Screen,3615
E003099,A00939,P0266,REQK0004,USERK0002,2026-05-26 13:05:22,20260526,,Applied,3099
E003400,A01030,P0082,REQK0001,USERK0003,2026-05-26 13:22:59,20260526,,Applied,3400
E003948,A01198,P0336,REQK0026,USERK0001,2026-05-26 13:37:04,20260526,,Applied,3948
E003501,A01063,P0143,REQK0009,USERK0001,2026-05-26 14:18:17,20260526,Applied,Withdrawn,3501
E001422,A00433,P0163,REQK0021,USERK0004,2026-05-26 14:24:28,20260526,Interview,Offer,1422
E003767,A01143,P0537,REQK0012,USERK0002,2026-05-26 14:27:18,20260526,,Applied,3767
E004119,A01245,P0057,REQK0021,USERK0001,2026-05-26 16:53:52,20260526,Applied,Rejected,4119
E000936,A00289,P0289,REQK0026,USERK0004,2026-05-26 17:26:33,20260526,Screen,Interview,936
E004268,A01290,P0074,REQK0026,USERK0002,2026-05-26 19:08:09,20260526,Applied,Screen,4268
E002639,A00803,P0003,REQK0010,USERK0003,2026-05-26 20:56:48,20260526,Applied,Screen,2639
E002950,A00894,P0175,REQK0008,USERK0003,2026-05-26 21:53:39,20260526,Interview,Offer,2950
E001646,A00505,P0355,REQK0014,USERK0001,2026-05-26 22:16:22,20260526,,Applied,1646
E000718,A00224,P0371,REQK0001,USERK0004,2026-05-26 23:38:02,20260526,Screen,Rejected,718
E001901,A00583,P0305,REQK0001,USERK0003,2026-05-27 01:01:03,20260527,,Applied,1901
E002326,A00709,P0278,REQK0024,USERK0003,2026-05-27 01:22:37,20260527,Offer,Withdrawn,2326
E004694,A01428,P0171,REQK0001,USERK0002,2026-05-27 02:06:13,20260527,Applied,Withdrawn,4694
E002288,A00698,P0032,REQK0026,USERK0003,2026-05-27 02:06:49,20260527,,Applied,2288
E002788,A00845,P0328,REQK0001,USERK0004,2026-05-27 02:57:56,20260527,Screen,Withdrawn,2788
E000748,A00235,P0229,REQK0016,USERK0002,2026-05-27 03:06:47,20260527,,Applied,748
E000006,A00003,P0516,REQK0026,USERK0004,2026-05-27 04:19:09,20260527,Applied,Screen,6
E004736,A01439,P0055,REQK0024,USERK0003,2026-05-27 04:24:55,20260527,,Applied,4736
E001395,A00425,P0181,REQK0024,USERK0001,2026-05-27 06:21:04,20260527,Screen,Interview,1395
E002505,A00761,P0251,REQK0018,USERK0003,2026-05-27 06:51:47,20260527,,Applied,2505
E004095,A01237,P0368,REQK0013,USERK0003,2026-05-27 07:53:04,20260527,Offer,Hired,4095
E000291,A00091,P0067,REQK0014,USERK0001,2026-05-27 08:34:14,20260527,Screen,Rejected,291
E003630,A01101,P0450,REQK0004,USERK0004,2026-05-27 08:37:39,20260527,Screen,Interview,3630
E003793,A01151,P0113,REQK0019,USERK0003,2026-05-27 09:01:17,20260527,Applied,Screen,3793
E000949,A00293,P0026,REQK0004,USERK0001,2026-05-27 09:03:34,20260527,,Applied,949
E004223,A01276,P0390,REQK0021,USERK0003,2026-05-27 10:32:56,20260527,Interview,Offer,4223
E004429,A01342,P0483,REQK0002,USERK0002,2026-05-27 12:04:32,20260527,Applied,Screen,4429
E002276,A00693,P0465,REQK0005,USERK0004,2026-05-27 12:11:43,20260527,Applied,Screen,2276
E001658,A00508,P0536,REQK0011,USERK0004,2026-05-27 12:24:48,20260527,Screen,Withdrawn,1658
E000417,A00130,P0272,REQK0013,USERK0004,2026-05-27 12:54:53,20260527,Screen,Interview,417
E001405,A00428,P0025,REQK0023,USERK0001,2026-05-27 13:10:11,20260527,Applied,Screen,1405
E000766,A00240,P0440,REQK0019,USERK0002,2026-05-27 14:18:56,20260527,,Applied,766
E004122,A01247,P0298,REQK0017,USERK0001,2026-05-27 14:27:10,20260527,,Applied,4122
E003130,A00948,P0058,REQK0019,USERK0003,2026-05-27 14:37:25,20260527,Interview,Withdrawn,3130
E003165,A00960,P0087,REQK0026,USERK0002,2026-05-27 15:29:42,20260527,Screen,Rejected,3165
E000511,A00159,P0352,REQK0006,USERK0001,2026-05-27 15:41:45,20260527,,Applied,511
E002954,A00895,P0497,REQK0018,USERK0004,2026-05-27 15:56:59,20260527,Screen,Interview,2954
E001711,A00525,P0167,REQK0025,USERK0004,2026-05-27 16:52:38,20260527,Screen,Interview,1711
E003299,A00999,P0329,REQK0023,USERK0002,2026-05-27 17:49:25,20260527,,Applied,3299
E000566,A00176,P0265,REQK0023,USERK0001,2026-05-27 17:53:42,20260527,Applied,Withdrawn,566
E003313,A01004,P0443,REQK0024,USERK0004,2026-05-27 18:34:26,20260527,,Applied,3313
E003305,A01001,P0246,REQK0015,USERK0004,2026-05-27 18:55:22,20260527,Applied,Screen,3305
E004599,A01397,P0482,REQK0002,USERK0002,2026-05-27 20:14:42,20260527,Applied,Rejected,4599
E003749,A01137,P0414,REQK0016,USERK0004,2026-05-27 20:15:04,20260527,Applied,Screen,3749
E000803,A00250,P0224,REQK0004,USERK0003,2026-05-27 20:24:03,20260527,,Applied,803
E000384,A00119,P0320,REQK0001,USERK0001,2026-05-27 21:24:30,20260527,,Applied,384
E002147,A00655,P0198,REQK0005,USERK0002,2026-05-27 21:31:23,20260527,Applied,Screen,2147
E000585,A00183,P0347,REQK0004,USERK0002,2026-05-27 22:02:24,20260527,Screen,Interview,585
E002026,A00618,P0218,REQK0003,USERK0001,2026-05-27 22:45:30,20260527,Offer,Withdrawn,2026
E002409,A00734,P0398,REQK0019,USERK0001,2026-05-28 00:34:08,20260528,,Applied,2409
E002071,A00633,P0385,REQK0006,USERK0001,2026-05-28 00:55:28,20260528,Interview,Rejected,2071
E000979,A00302,P0454,REQK0019,USERK0002,2026-05-28 01:32:12,20260528,Applied,Screen,979
E004180,A01264,P0348,REQK0026,USERK0001,2026-05-28 02:03:32,20260528,Screen,Interview,4180
E003977,A01206,P0348,REQK0017,USERK0001,2026-05-28 02:31:08,20260528,,Applied,3977
E003958,A01201,P0348,REQK0021,USERK0002,2026-05-28 04:03:30,20260528,,Applied,3958
E001812,A00556,P0077,REQK0020,USERK0004,2026-05-28 04:18:43,20260528,Interview,Offer,1812
E000090,A00030,P0233,REQK0019,USERK0003,2026-05-28 05:21:09,20260528,Applied,Screen,90
E004067,A01230,P0560,REQK0001,USERK0002,2026-05-28 05:42:06,20260528,Applied,Screen,4067
E004318,A01306,P0554,REQK0020,USERK0001,2026-05-28 06:17:10,20260528,,Applied,4318
E001203,A00369,P0527,REQK0003,USERK0003,2026-05-28 06:49:25,20260528,Interview,Offer,1203
E003103,A00940,P0275,REQK0004,USERK0004,2026-05-28 08:08:09,20260528,Screen,Withdrawn,3103
E000008,A00004,P0042,REQK0022,USERK0001,2026-05-28 08:27:58,20260528,,Applied,8
E000050,A00017,P0150,REQK0026,USERK0004,2026-05-28 08:40:26,20260528,Interview,Offer,50
E000076,A00026,P0496,REQK0009,USERK0002,2026-05-28 10:49:44,20260528,Applied,Screen,76
E002117,A00647,P0126,REQK0008,USERK0001,2026-05-28 11:43:38,20260528,,Applied,2117
E003311,A01003,P0497,REQK0014,USERK0002,2026-05-28 11:51:31,20260528,,Applied,3311
E000216,A00068,P0100,REQK0004,USERK0001,2026-05-28 11:57:24,20260528,Screen,Interview,216
E002150,A00656,P0551,REQK0005,USERK0003,2026-05-28 12:20:53,20260528,Applied,Withdrawn,2150
E002830,A00858,P0228,REQK0018,USERK0003,2026-05-28 12:33:06,20260528,,Applied,2830
E002509,A00762,P0053,REQK0014,USERK0001,2026-05-28 12:59:38,20260528,Screen,Interview,2509
E000551,A00170,P0349,REQK0022,USERK0001,2026-05-28 14:14:49,20260528,Offer,Hired,551
E003302,A01000,P0295,REQK0020,USERK0002,2026-05-28 15:06:28,20260528,Applied,Screen,3302
E002212,A00674,P0047,REQK0020,USERK0001,2026-05-28 15:48:34,20260528,Applied,Screen,2212
E002764,A00838,P0213,REQK0024,USERK0004,2026-05-28 16:39:32,20260528,Screen,Interview,2764
E001353,A00413,P0445,REQK0004,USERK0004,2026-05-28 17:09:30,20260528,Applied,Withdrawn,1353
E004334,A01311,P0502,REQK0010,USERK0002,2026-05-28 17:27:57,20260528,Screen,Interview,4334
E002908,A00881,P0549,REQK0024,USERK0001,2026-05-28 19:28:39,20260528,Offer,Withdrawn,2908
E002642,A00804,P0320,REQK0001,USERK0002,2026-05-28 19:58:10,20260528,,Applied,2642
E003218,A00975,P0473,REQK0011,USERK0003,2026-05-28 20:38:52,20260528,Applied,Screen,3218
E002306,A00704,P0356,REQK0022,USERK0003,2026-05-28 21:12:18,20260528,Screen,Interview,2306
E004479,A01358,P0235,REQK0004,USERK0001,2026-05-28 21:20:31,20260528,Interview,Rejected,4479
E000144,A00048,P0002,REQK0020,USERK0004,2026-05-28 23:19:16,20260528,,Applied,144
E003056,A00928,P0091,REQK0011,USERK0004,2026-05-29 01:25:09,20260529,,Applied,3056
E003818,A01159,P0162,REQK0008,USERK0002,2026-05-29 01:58:00,20260529,,Applied,3818
E004587,A01394,P0309,REQK0006,USERK0001,2026-05-29 02:10:54,20260529,Screen,Interview,4587
E000804,A00250,P0224,REQK0004,USERK0002,2026-05-29 02:24:03,20260529,Applied,Withdrawn,804
E001149,A00353,P0415,REQK0021,USERK0002,2026-05-29 02:34:19,20260529,Screen,Interview,1149
E004491,A01362,P0498,REQK0022,USERK0001,2026-05-29 03:06:27,20260529,,Applied,4491
E002083,A00636,P0376,REQK0009,USERK0003,2026-05-29 03:17:22,20260529,Interview,Offer,2083
E004000,A01211,P0025,REQK0006,USERK0002,2026-05-29 04:03:22,20260529,Screen,Interview,4000
E000199,A00064,P0419,REQK0022,USERK0004,2026-05-29 04:22:31,20260529,,Applied,199
E000318,A00100,P0068,REQK0004,USERK0002,2026-05-29 04:35:15,20260529,,Applied,318
E004004,A01212,P0552,REQK0022,USERK0001,2026-05-29 06:47:01,20260529,Applied,Rejected,4004
E000251,A00078,P0031,REQK0009,USERK0001,2026-05-29 06:57:56,20260529,Screen,Interview,251
E002111,A00645,P0059,REQK0012,USERK0001,2026-05-29 07:20:53,20260529,Applied,Screen,2111
E001945,A00595,P0354,REQK0003,USERK0002,2026-05-29 08:15:58,20260529,Screen,Withdrawn,1945
E000697,A00218,P0043,REQK0026,USERK0004,2026-05-29 08:18:35,20260529,Applied,Screen,697
E002542,A00773,P0335,REQK0004,USERK0001,2026-05-29 08:30:55,20260529,Screen,Interview,2542
E003910,A01186,P0513,REQK0002,USERK0001,2026-05-29 09:00:51,20260529,Applied,Screen,3910
E001279,A00391,P0349,REQK0026,USERK0004,2026-05-29 09:28:31,20260529,Interview,Rejected,1279
E003570,A01085,P0150,REQK0008,USERK0004,2026-05-29 09:39:42,20260529,,Applied,3570
E001724,A00529,P0185,REQK0019,USERK0001,2026-05-29 09:55:25,20260529,Applied,Screen,1724
E001372,A00418,P0216,REQK0023,USERK0001,2026-05-29 10:29:29,20260529,Interview,Rejected,1372
E001958,A00601,P0103,REQK0020,USERK0003,2026-05-29 13:05:08,20260529,,Applied,1958
E000377,A00117,P0439,REQK0008,USERK0003,2026-05-29 13:30:45,20260529,Applied,Screen,377
E000193,A00062,P0470,REQK0019,USERK0001,2026-05-29 14:10:36,20260529,Screen,Interview,193
E000909,A00280,P0059,REQK0016,USERK0004,2026-05-29 15:51:51,20260529,Interview,Offer,909
E000292,A00092,P0154,REQK0025,USERK0002,2026-05-29 17:05:00,20260529,,Applied,292
E003703,A01123,P0156,REQK0024,USERK0003,2026-05-29 17:14:41,20260529,,Applied,3703
E002712,A00824,P0256,REQK0015,USERK0004,2026-05-29 17:15:43,20260529,Interview,Offer,2712
E003768,A01143,P0537,REQK0012,USERK0001,2026-05-29 20:27:18,20260529,Applied,Withdrawn,3768
E004592,A01395,P0551,REQK0010,USERK0004,2026-05-29 20:44:11,20260529,Screen,Interview,4592
E001162,A00357,P0025,REQK0017,USERK0001,2026-05-29 21:11:35,20260529,,Applied,1162
E001751,A00537,P0125,REQK0016,USERK0004,2026-05-29 21:44:25,20260529,Interview,Offer,1751
E000518,A00161,P0524,REQK0019,USERK0003,2026-05-29 22:36:51,20260529,,Applied,518
E002194,A00668,P0061,REQK0020,USERK0003,2026-05-30 03:29:24,20260530,Screen,Interview,2194
E002902,A00880,P0134,REQK0001,USERK0002,2026-05-30 03:44:38,20260530,Applied,Screen,2902
E003978,A01206,P0348,REQK0017,USERK0003,2026-05-30 05:31:08,20260530,Applied,Rejected,3978
E000572,A00178,P0393,REQK0022,USERK0004,2026-05-30 06:20:29,20260530,,Applied,572
E000099,A00033,P0485,REQK0018,USERK0001,2026-05-30 06:26:04,20260530,Applied,Withdrawn,99
E001986,A00609,P0359,REQK0008,USERK0002,2026-05-30 07:10:52,20260530,,Applied,1986
E002091,A00639,P0440,REQK0008,USERK0001,2026-05-30 07:28:41,20260530,,Applied,2091
E002817,A00854,P0251,REQK0008,USERK0003,2026-05-30 08:31:59,20260530,Applied,Screen,2817
E001553,A00475,P0170,REQK0010,USERK0001,2026-05-30 09:18:02,20260530,,Applied,1553
E002679,A00815,P0532,REQK0002,USERK0004,2026-05-30 09:32:46,20260530,Screen,Interview,2679
E000319,A00100,P0068,REQK0004,USERK0003,2026-05-30 09:35:15,20260530,Applied,Withdrawn,319
E002046,A00625,P0054,REQK0026,USERK0004,2026-05-30 09:53:18,20260530,Interview,Offer,2046
E000985,A00303,P0560,REQK0017,USERK0001,2026-05-30 10:31:59,20260530,Offer,Withdrawn,985
E004675,A01422,P0029,REQK0006,USERK0002,2026-05-30 10:42:09,20260530,,Applied,4675
E003029,A00920,P0479,REQK0005,USERK0003,2026-05-30 11:40:12,20260530,,Applied,3029
E000903,A00279,P0431,REQK0026,USERK0004,2026-05-30 12:23:09,20260530,Screen,Interview,903
E004737,A01439,P0055,REQK0024,USERK0002,2026-05-30 12:24:55,20260530,Applied,Screen,4737
E002960,A00897,P0127,REQK0026,USERK0004,2026-05-30 12:52:45,20260530,Applied,Screen,2960
E003528,A01072,P0492,REQK0015,USERK0002,2026-05-30 14:09:13,20260530,,Applied,3528
E000597,A00187,P0136,REQK0012,USERK0004,2026-05-30 14:38:26,20260530,,Applied,597
E002410,A00734,P0398,REQK0019,USERK0004,2026-05-30 16:34:08,20260530,Applied,Screen,2410
E002510,A00762,P0053,REQK0014,USERK0001,2026-05-30 16:59:38,20260530,Interview,Withdrawn,2510
E004146,A01255,P0162,REQK0014,USERK0001,2026-05-30 17:02:28,20260530,,Applied,4146
E003785,A01149,P0273,REQK0016,USERK0002,2026-05-30 17:03:04,20260530,Applied,Screen,3785
E004574,A01391,P0252,REQK0019,USERK0004,2026-05-30 17:40:40,20260530,,Applied,4574
E001304,A00399,P0307,REQK0024,USERK0001,2026-05-30 18:15:20,20260530,,Applied,1304
E003075,A00933,P0161,REQK0001,USERK0001,2026-05-30 18:34:26,20260530,,Applied,3075
E000506,A00158,P0510,REQK0017,USERK0001,2026-05-30 18:41:30,20260530,,Applied,506
E003810,A01156,P0291,REQK0021,USERK0001,2026-05-30 18:51:36,20260530,Screen,Withdrawn,3810
E003091,A00937,P0400,REQK0007,USERK0001,2026-05-30 19:06:49,20260530,,Applied,3091
E002271,A00691,P0080,REQK0025,USERK0002,2026-05-30 19:47:16,20260530,,Applied,2271
E003235,A00979,P0408,REQK0016,USERK0001,2026-05-30 20:44:45,20260530,Interview,Offer,3235
E002750,A00833,P0368,REQK0004,USERK0003,2026-05-30 21:02:47,20260530,Screen,Interview,2750
E001108,A00341,P0442,REQK0019,USERK0001,2026-05-30 21:57:24,20260530,Applied,Rejected,1108
E002643,A00804,P0320,REQK0001,USERK0001,2026-05-30 23:58:10,20260530,Applied,Screen,2643
E001647,A00505,P0355,REQK0014,USERK0004,2026-05-31 01:16:22,20260531,Applied,Screen,1647
E001607,A00492,P0521,REQK0021,USERK0002,2026-05-31 02:12:57,20260531,Applied,Screen,1607
E001054,A00325,P0272,REQK0015,USERK0002,2026-05-31 02:28:16,20260531,,Applied,1054
E004616,A01403,P0051,REQK0013,USERK0004,2026-05-31 03:09:27,20260531,Screen,Rejected,4616
E002898,A00878,P0325,REQK0026,USERK0004,2026-05-31 03:14:11,20260531,Screen,Rejected,2898
E003325,A01007,P0325,REQK0012,USERK0001,2026-05-31 03:17:30,20260531,Applied,Rejected,3325
E003523,A01070,P0358,REQK0023,USERK0004,2026-05-31 04:00:09,20260531,Applied,Screen,3523
E004492,A01362,P0498,REQK0022,USERK0001,2026-05-31 04:06:27,20260531,Applied,Rejected,4492
E003028,A00919,P0222,REQK0026,USERK0003,2026-05-31 05:22:43,20260531,Screen,Withdrawn,3028
E004389,A01328,P0527,REQK0024,USERK0003,2026-05-31 06:00:00,20260531,Screen,Withdrawn,4389
E004110,A01242,P0032,REQK0010,USERK0001,2026-05-31 06:10:31,20260531,Applied,Screen,4110
E003908,A01185,P0064,REQK0006,USERK0002,2026-05-31 06:35:54,20260531,Interview,Withdrawn,3908
E001871,A00572,P0142,REQK0006,USERK0003,2026-05-31 06:52:46,20260531,Interview,Offer,1871
E004661,A01417,P0354,REQK0023,USERK0002,2026-05-31 07:38:18,20260531,,Applied,4661
E001133,A00349,P0557,REQK0004,USERK0003,2026-05-31 08:07:31,20260531,,Applied,1133
E001406,A00428,P0025,REQK0023,USERK0004,2026-05-31 08:10:11,20260531,Screen,Interview,1406
E001632,A00500,P0280,REQK0024,USERK0001,2026-05-31 08:48:48,20260531,Screen,Rejected,1632
E001779,A00546,P0123,REQK0018,USERK0004,2026-05-31 09:58:55,20260531,,Applied,1779
E004048,A01223,P0479,REQK0022,USERK0002,2026-05-31 10:38:37,20260531,Applied,Screen,4048
E001867,A00571,P0365,REQK0003,USERK0003,2026-05-31 11:09:23,20260531,Screen,Withdrawn,1867
E004203,A01270,P0359,REQK0019,USERK0001,2026-05-31 11:10:53,20260531,Applied,Screen,4203
E001873,A00573,P0472,REQK0008,USERK0003,2026-05-31 11:53:07,20260531,,Applied,1873
E003641,A01104,P0169,REQK0004,USERK0002,2026-05-31 13:01:25,20260531,Applied,Screen,3641
E000471,A00145,P0282,REQK0008,USERK0004,2026-05-31 13:50:11,20260531,Interview,Offer,471
E002522,A00766,P0032,REQK0004,USERK0002,2026-05-31 14:39:43,20260531,Interview,Withdrawn,2522
E004001,A01211,P0025,REQK0006,USERK0002,2026-05-31 15:03:22,20260531,Interview,Offer,4001
E004713,A01433,P0120,REQK0018,USERK0002,2026-05-31 15:26:27,20260531,,Applied,4713
E003367,A01019,P0271,REQK0026,USERK0004,2026-05-31 16:04:54,20260531,Applied,Screen,3367
E004487,A01361,P0017,REQK0026,USERK0002,2026-05-31 16:12:52,20260531,Applied,Screen,4487
E001007,A00310,P0490,REQK0023,USERK0004,2026-05-31 16:46:10,20260531,,Applied,1007
E002818,A00854,P0251,REQK0008,USERK0001,2026-05-31 17:31:59,20260531,Screen,Withdrawn,2818
E004024,A01217,P0148,REQK0010,USERK0004,2026-05-31 17:37:37,20260531,Applied,Screen,4024
E001993,A00611,P0413,REQK0007,USERK0004,2026-05-31 18:47:27,20260531,,Applied,1993
E000103,A00034,P0398,REQK0001,USERK0003,2026-05-31 19:21:06,20260531,Interview,Offer,103
E001834,A00561,P0087,REQK0025,USERK0001,2026-05-31 19:26:25,20260531,Offer,Hired,1834
E001204,A00369,P0527,REQK0003,USERK0004,2026-05-31 19:49:25,20260531,Offer,Rejected,1204
E003853,A01170,P0298,REQK0001,USERK0002,2026-05-31 20:07:13,20260531,,Applied,3853
E000503,A00157,P0388,REQK0008,USERK0004,2026-05-31 21:10:14,20260531,,Applied,503
E002792,A00847,P0470,REQK0005,USERK0003,2026-05-31 21:48:42,20260531,,Applied,2792
E003581,A01088,P0519,REQK0003,USERK0001,2026-05-31 21:54:50,20260531,,Applied,3581
E000655,A00204,P0244,REQK0001,USERK0003,2026-05-31 22:57:57,20260531,Applied,Rejected,655
E000418,A00130,P0272,REQK0013,USERK0003,2026-05-31 23:54:53,20260531,Interview,Offer,418
E000053,A00018,P0161,REQK0006,USERK0003,2026-06-01 01:06:40,20260601,Applied,Withdrawn,53
E000256,A00079,P0180,REQK0021,USERK0001,2026-06-01 02:33:21,20260601,Screen,Interview,256
E003631,A01101,P0450,REQK0004,USERK0001,2026-06-01 02:37:39,20260601,Interview,Withdrawn,3631
E001716,A00527,P0198,REQK0014,USERK0002,2026-06-01 02:55:54,20260601,,Applied,1716
E002463,A00749,P0052,REQK0025,USERK0002,2026-06-01 03:16:16,20260601,Offer,Hired,2463
E000544,A00168,P0194,REQK0017,USERK0001,2026-06-01 03:40:38,20260601,Interview,Offer,544
E002387,A00727,P0239,REQK0018,USERK0004,2026-06-01 06:24:13,20260601,Applied,Screen,2387
E000217,A00068,P0100,REQK0004,USERK0001,2026-06-01 06:57:24,20260601,Interview,Offer,217
E001322,A00405,P0459,REQK0020,USERK0001,2026-06-01 07:31:36,20260601,Applied,Screen,1322
E001629,A00499,P0437,REQK0016,USERK0004,2026-06-01 08:37:12,20260601,Interview,Rejected,1629
E003219,A00975,P0473,REQK0011,USERK0001,2026-06-01 08:38:52,20260601,Screen,Interview,3219
E001580,A00484,P0143,REQK0006,USERK0001,2026-06-01 09:50:59,20260601,Screen,Interview,1580
E004161,A01259,P0321,REQK0026,USERK0004,2026-06-01 11:49:35,20260601,Applied,Screen,4161
E002825,A00856,P0448,REQK0007,USERK0002,2026-06-01 12:06:06,20260601,Screen,Withdrawn,2825
E002474,A00753,P0050,REQK0026,USERK0003,2026-06-01 12:17:24,20260601,,Applied,2474
E002636,A00802,P0369,REQK0007,USERK0002,2026-06-01 12:20:34,20260601,Applied,Screen,2636
E000108,A00036,P0492,REQK0010,USERK0001,2026-06-01 12:59:44,20260601,Applied,Screen,108
E002140,A00652,P0532,REQK0018,USERK0004,2026-06-01 13:14:39,20260601,Offer,Hired,2140
E002715,A00825,P0037,REQK0023,USERK0002,2026-06-01 14:22:50,20260601,Applied,Screen,2715
E001908,A00585,P0259,REQK0020,USERK0001,2026-06-01 15:16:27,20260601,,Applied,1908
E002112,A00645,P0059,REQK0012,USERK0001,2026-06-01 16:20:53,20260601,Screen,Interview,2112
E000921,A00284,P0431,REQK0009,USERK0002,2026-06-01 17:14:44,20260601,,Applied,921
E002400,A00730,P0190,REQK0023,USERK0001,2026-06-01 17:17:18,20260601,Screen,Interview,2400
E003419,A01036,P0536,REQK0008,USERK0002,2026-06-01 18:20:55,20260601,,Applied,3419
E003306,A01001,P0246,REQK0015,USERK0004,2026-06-01 18:55:22,20260601,Screen,Withdrawn,3306
E001966,A00603,P0302,REQK0018,USERK0004,2026-06-01 19:12:02,20260601,,Applied,1966
E001305,A00399,P0307,REQK0024,USERK0001,2026-06-01 19:15:20,20260601,Applied,Screen,1305
E002213,A00674,P0047,REQK0020,USERK0004,2026-06-01 19:48:34,20260601,Screen,Interview,2213
E003332,A01009,P0159,REQK0017,USERK0001,2026-06-01 20:26:46,20260601,Screen,Interview,3332
E004348,A01315,P0025,REQK0018,USERK0001,2026-06-01 21:10:02,20260601,Applied,Screen,4348
E003074,A00932,P0083,REQK0008,USERK0001,2026-06-01 21:25:05,20260601,Offer,Hired,3074
E002517,A00765,P0256,REQK0015,USERK0004,2026-06-01 21:54:50,20260601,Screen,Interview,2517
E001471,A00448,P0422,REQK0025,USERK0002,2026-06-01 22:39:09,20260601,,Applied,1471
E003445,A01044,P0392,REQK0005,USERK0002,2026-06-01 22:42:27,20260601,Screen,Interview,3445
E004434,A01343,P0188,REQK0025,USERK0003,2026-06-02 00:08:14,20260602,Applied,Screen,4434
E003875,A01176,P0552,REQK0010,USERK0003,2026-06-02 00:34:35,20260602,Applied,Screen,3875
E000512,A00159,P0352,REQK0006,USERK0003,2026-06-02 00:41:45,20260602,Applied,Screen,512
E000276,A00086,P0532,REQK0020,USERK0004,2026-06-02 01:41:09,20260602,,Applied,276
E004019,A01216,P0388,REQK0019,USERK0001,2026-06-02 03:09:07,20260602,Applied,Screen,4019
E000830,A00258,P0502,REQK0010,USERK0004,2026-06-02 04:02:52,20260602,Screen,Interview,830
E004744,A01441,P0421,REQK0001,USERK0001,2026-06-02 04:25:04,20260602,,Applied,4744
E003085,A00935,P0428,REQK0010,USERK0004,2026-06-02 04:35:44,20260602,Applied,Screen,3085
E002644,A00804,P0320,REQK0001,USERK0001,2026-06-02 04:58:10,20260602,Screen,Interview,2644
E003682,A01116,P0501,REQK0021,USERK0002,2026-06-02 05:21:06,20260602,Interview,Withdrawn,3682
E002944,A00893,P0091,REQK0013,USERK0003,2026-06-02 05:33:29,20260602,Screen,Interview,2944
E000763,A00239,P0390,REQK0001,USERK0003,2026-06-02 06:04:51,20260602,Screen,Interview,763
E003303,A01000,P0295,REQK0020,USERK0003,2026-06-02 08:06:28,20260602,Screen,Rejected,3303
E003892,A01181,P0347,REQK0024,USERK0002,2026-06-02 08:12:00,20260602,Applied,Screen,3892
E002241,A00682,P0299,REQK0010,USERK0003,2026-06-02 08:14:09,20260602,Applied,Screen,2241
E003092,A00937,P0400,REQK0007,USERK0002,2026-06-02 10:06:49,20260602,Applied,Screen,3092
E002395,A00728,P0158,REQK0024,USERK0003,2026-06-02 11:00:39,20260602,Offer,Hired,2395
E002791,A00846,P0208,REQK0008,USERK0001,2026-06-02 12:39:41,20260602,Screen,Withdrawn,2791
E000507,A00158,P0510,REQK0017,USERK0004,2026-06-02 12:41:30,20260602,Applied,Screen,507
E004570,A01389,P0194,REQK0013,USERK0002,2026-06-02 13:25:13,20260602,Screen,Rejected,4570
E004658,A01415,P0516,REQK0014,USERK0001,2026-06-02 13:30:13,20260602,Interview,Rejected,4658
E003602,A01093,P0129,REQK0019,USERK0001,2026-06-02 14:32:19,20260602,Applied,Withdrawn,3602
E000785,A00245,P0283,REQK0018,USERK0002,2026-06-02 14:43:04,20260602,Offer,Hired,785
E000573,A00178,P0393,REQK0022,USERK0004,2026-06-02 15:20:29,20260602,Applied,Rejected,573
E004013,A01215,P0242,REQK0001,USERK0001,2026-06-02 15:32:24,20260602,,Applied,4013
E004752,A01444,P0243,REQK0026,USERK0003,2026-06-02 17:33:18,20260602,,Applied,4752
E000200,A00064,P0419,REQK0022,USERK0001,2026-06-02 18:22:31,20260602,Applied,Screen,200
E000457,A00142,P0489,REQK0010,USERK0002,2026-06-02 18:31:14,20260602,,Applied,457
E001952,A00598,P0271,REQK0022,USERK0004,2026-06-02 18:43:28,20260602,,Applied,1952
E003924,A01190,P0390,REQK0015,USERK0004,2026-06-02 19:21:22,20260602,Interview,Rejected,3924
E003034,A00921,P0215,REQK0015,USERK0002,2026-06-02 20:00:45,20260602,,Applied,3034
E000598,A00187,P0136,REQK0012,USERK0003,2026-06-02 21:38:26,20260602,Applied,Screen,598
E001691,A00518,P0425,REQK0013,USERK0003,2026-06-02 23:40:19,20260602,Applied,Withdrawn,1691
E002335,A00712,P0085,REQK0016,USERK0002,2026-06-03 00:05:20,20260603,Applied,Screen,2335
E001134,A00349,P0557,REQK0004,USERK0001,2026-06-03 00:07:31,20260603,Applied,Screen,1134
E002617,A00797,P0293,REQK0025,USERK0003,2026-06-03 00:41:53,20260603,,Applied,2617
E003645,A01105,P0034,REQK0002,USERK0003,2026-06-03 02:12:18,20260603,,Applied,3645
E002456,A00748,P0067,REQK0004,USERK0004,2026-06-03 02:29:01,20260603,,Applied,2456
E003150,A00954,P0160,REQK0025,USERK0003,2026-06-03 02:38:24,20260603,Interview,Offer,3150
E001245,A00381,P0343,REQK0017,USERK0001,2026-06-03 03:19:53,20260603,Screen,Interview,1245
E003427,A01038,P0115,REQK0021,USERK0002,2026-06-03 05:48:38,20260603,,Applied,3427
E000495,A00154,P0452,REQK0021,USERK0003,2026-06-03 05:56:35,20260603,,Applied,495
E004714,A01433,P0120,REQK0018,USERK0004,2026-06-03 06:26:27,20260603,Applied,Screen,4714
E001423,A00433,P0163,REQK0021,USERK0004,2026-06-03 07:24:28,20260603,Offer,Withdrawn,1423
E001460,A00444,P0059,REQK0026,USERK0004,2026-06-03 09:04:12,20260603,Applied,Withdrawn,1460
E001897,A00581,P0174,REQK0006,USERK0002,2026-06-03 11:00:38,20260603,,Applied,1897
E004319,A01306,P0554,REQK0020,USERK0002,2026-06-03 11:17:10,20260603,Applied,Rejected,4319
E001796,A00552,P0319,REQK0024,USERK0003,2026-06-03 11:29:18,20260603,,Applied,1796
E000897,A00277,P0265,REQK0021,USERK0001,2026-06-03 12:01:19,20260603,,Applied,897
E002674,A00814,P0396,REQK0023,USERK0002,2026-06-03 12:06:19,20260603,,Applied,2674
E003854,A01170,P0298,REQK0001,USERK0001,2026-06-03 16:07:13,20260603,Applied,Withdrawn,3854
E002680,A00815,P0532,REQK0002,USERK0004,2026-06-03 16:32:46,20260603,Interview,Withdrawn,2680
E001608,A00492,P0521,REQK0021,USERK0001,2026-06-03 18:12:57,20260603,Screen,Rejected,1608
E001872,A00572,P0142,REQK0006,USERK0004,2026-06-03 18:52:46,20260603,Offer,Rejected,1872
E002854,A00866,P0111,REQK0020,USERK0003,2026-06-03 19:14:43,20260603,,Applied,2854
E000854,A00265,P0550,REQK0001,USERK0003,2026-06-03 19:39:21,20260603,Applied,Rejected,854
E001725,A00529,P0185,REQK0019,USERK0004,2026-06-03 19:55:25,20260603,Screen,Withdrawn,1725
E002716,A00825,P0037,REQK0023,USERK0002,2026-06-03 20:22:50,20260603,Screen,Withdrawn,2716
E002388,A00727,P0239,REQK0018,USERK0002,2026-06-03 20:24:13,20260603,Screen,Interview,2388
E004349,A01315,P0025,REQK0018,USERK0003,2026-06-03 22:10:02,20260603,Screen,Rejected,4349
E004533,A01378,P0218,REQK0001,USERK0003,2026-06-03 23:19:18,20260603,,Applied,4533
E001396,A00425,P0181,REQK0024,USERK0003,2026-06-04 00:21:04,20260604,Interview,Withdrawn,1396
E002932,A00888,P0007,REQK0019,USERK0003,2026-06-04 00:41:41,20260604,Screen,Withdrawn,2932
E004068,A01230,P0560,REQK0001,USERK0004,2026-06-04 00:42:06,20260604,Screen,Withdrawn,4068
E003335,A01010,P0076,REQK0025,USERK0001,2026-06-04 01:13:20,20260604,,Applied,3335
E003193,A00968,P0472,REQK0010,USERK0002,2026-06-04 02:59:29,20260604,,Applied,3193
E004115,A01243,P0351,REQK0007,USERK0004,2026-06-04 05:08:19,20260604,Interview,Withdrawn,4115
E004767,A01449,P0142,REQK0007,USERK0004,2026-06-04 06:41:03,20260604,Screen,Interview,4767
E004443,A01347,P0227,REQK0020,USERK0002,2026-06-04 06:48:18,20260604,,Applied,4443
E002092,A00639,P0440,REQK0008,USERK0001,2026-06-04 07:28:41,20260604,Applied,Screen,2092
E002903,A00880,P0134,REQK0001,USERK0001,2026-06-04 07:44:38,20260604,Screen,Withdrawn,2903
E002214,A00674,P0047,REQK0020,USERK0002,2026-06-04 07:48:34,20260604,Interview,Rejected,2214
E000842,A00262,P0428,REQK0016,USERK0003,2026-06-04 08:05:55,20260604,Interview,Offer,842
E002993,A00908,P0322,REQK0020,USERK0001,2026-06-04 08:51:08,20260604,,Applied,2993
E000116,A00039,P0143,REQK0015,USERK0003,2026-06-04 09:31:01,20260604,,Applied,116
E004147,A01255,P0162,REQK0014,USERK0002,2026-06-04 10:02:28,20260604,Applied,Withdrawn,4147
E002307,A00704,P0356,REQK0022,USERK0001,2026-06-04 10:12:18,20260604,Interview,Offer,2307
E003561,A01082,P0496,REQK0019,USERK0004,2026-06-04 11:31:12,20260604,,Applied,3561
E000298,A00094,P0434,REQK0006,USERK0003,2026-06-04 13:25:08,20260604,,Applied,298
E004397,A01331,P0466,REQK0006,USERK0001,2026-06-04 15:49:50,20260604,Interview,Offer,4397
E002697,A00820,P0084,REQK0008,USERK0001,2026-06-04 16:28:38,20260604,Offer,Rejected,2697
E002075,A00635,P0296,REQK0014,USERK0002,2026-06-04 17:57:34,20260604,,Applied,2075
E004564,A01387,P0548,REQK0003,USERK0004,2026-06-04 18:32:13,20260604,Offer,Hired,4564
E003794,A01151,P0113,REQK0019,USERK0003,2026-06-04 20:01:17,20260604,Screen,Interview,3794
E003571,A01085,P0150,REQK0008,USERK0002,2026-06-04 21:39:42,20260604,Applied,Screen,3571
E000615,A00192,P0334,REQK0015,USERK0002,2026-06-04 22:08:33,20260604,Interview,Withdrawn,615
E000007,A00003,P0516,REQK0026,USERK0004,2026-06-04 23:19:09,20260604,Screen,Withdrawn,7
E000045,A00016,P0251,REQK0001,USERK0004,2026-06-05 00:03:43,20260605,Screen,Interview,45
E000517,A00160,P0138,REQK0006,USERK0003,2026-06-05 01:28:29,20260605,Applied,Withdrawn,517
E002457,A00748,P0067,REQK0004,USERK0004,2026-06-05 02:29:01,20260605,Applied,Screen,2457
E000147,A00049,P0275,REQK0003,USERK0004,2026-06-05 03:35:05,20260605,,Applied,147
E000811,A00253,P0150,REQK0020,USERK0002,2026-06-05 04:18:30,20260605,,Applied,811
E003112,A00943,P0036,REQK0022,USERK0004,2026-06-05 05:34:43,20260605,Applied,Screen,3112
E001520,A00463,P0545,REQK0023,USERK0001,2026-06-05 05:41:10,20260605,,Applied,1520
E002557,A00778,P0436,REQK0004,USERK0002,2026-06-05 05:56:31,20260605,,Applied,2557
E002590,A00787,P0435,REQK0019,USERK0002,2026-06-05 06:01:21,20260605,Screen,Interview,2590
E004469,A01356,P0199,REQK0021,USERK0001,2026-06-05 06:35:17,20260605,,Applied,4469
E000328,A00103,P0336,REQK0018,USERK0001,2026-06-05 07:01:29,20260605,Screen,Interview,328
E003616,A01097,P0308,REQK0018,USERK0002,2026-06-05 07:46:45,20260605,Screen,Interview,3616
E003440,A01043,P0062,REQK0013,USERK0001,2026-06-05 07:49:34,20260605,Screen,Interview,3440
E004448,A01349,P0507,REQK0008,USERK0002,2026-06-05 09:15:56,20260605,,Applied,4448
E003300,A00999,P0329,REQK0023,USERK0002,2026-06-05 09:49:25,20260605,Applied,Rejected,3300
E000742,A00233,P0398,REQK0001,USERK0002,2026-06-05 10:02:32,20260605,Screen,Rejected,742
E001407,A00428,P0025,REQK0023,USERK0001,2026-06-05 10:10:11,20260605,Interview,Withdrawn,1407
E001295,A00396,P0179,REQK0020,USERK0003,2026-06-05 11:42:06,20260605,Screen,Interview,1295
E000342,A00108,P0208,REQK0025,USERK0004,2026-06-05 13:24:50,20260605,Interview,Offer,342
E000993,A00306,P0205,REQK0014,USERK0001,2026-06-05 16:03:31,20260605,Screen,Rejected,993
E001717,A00527,P0198,REQK0014,USERK0004,2026-06-05 16:55:54,20260605,Applied,Screen,1717
E000109,A00036,P0492,REQK0010,USERK0004,2026-06-05 16:59:44,20260605,Screen,Rejected,109
E002289,A00698,P0032,REQK0026,USERK0001,2026-06-05 17:06:49,20260605,Applied,Screen,2289
E003171,A00962,P0040,REQK0011,USERK0002,2026-06-05 17:36:18,20260605,Applied,Screen,3171
E002860,A00868,P0033,REQK0020,USERK0001,2026-06-05 17:41:40,20260605,Screen,Interview,2860
E001272,A00390,P0389,REQK0003,USERK0004,2026-06-05 17:51:04,20260605,,Applied,1272
E003312,A01003,P0497,REQK0014,USERK0001,2026-06-05 17:51:31,20260605,Applied,Withdrawn,3312
E004290,A01298,P0298,REQK0023,USERK0002,2026-06-05 19:12:42,20260605,,Applied,4290
E003142,A00952,P0527,REQK0026,USERK0001,2026-06-05 20:16:14,20260605,,Applied,3142
E002878,A00873,P0056,REQK0019,USERK0004,2026-06-05 20:37:14,20260605,Applied,Screen,2878
E002145,A00654,P0088,REQK0024,USERK0004,2026-06-05 20:59:56,20260605,Screen,Rejected,2145
E002662,A00809,P0119,REQK0004,USERK0002,2026-06-05 21:00:57,20260605,Applied,Screen,2662
E003205,A00972,P0370,REQK0007,USERK0003,2026-06-05 21:34:10,20260605,,Applied,3205
E002535,A00771,P0246,REQK0019,USERK0003,2026-06-05 21:40:11,20260605,,Applied,2535
E002640,A00803,P0003,REQK0010,USERK0002,2026-06-05 21:56:48,20260605,Screen,Interview,2640
E001127,A00347,P0007,REQK0026,USERK0002,2026-06-05 21:57:55,20260605,,Applied,1127
E002801,A00850,P0120,REQK0017,USERK0002,2026-06-05 22:16:17,20260605,,Applied,2801
E002990,A00907,P0255,REQK0005,USERK0003,2026-06-05 23:43:55,20260605,,Applied,2990
E002441,A00743,P0028,REQK0010,USERK0004,2026-06-06 00:00:58,20260606,,Applied,2441
E002496,A00759,P0540,REQK0020,USERK0004,2026-06-06 00:20:20,20260606,,Applied,2496
E002277,A00693,P0465,REQK0005,USERK0003,2026-06-06 01:11:43,20260606,Screen,Withdrawn,2277
E003718,A01128,P0327,REQK0021,USERK0001,2026-06-06 01:16:48,20260606,,Applied,3718
E003104,A00941,P0530,REQK0001,USERK0003,2026-06-06 01:39:00,20260606,,Applied,3104
E003333,A01009,P0159,REQK0017,USERK0002,2026-06-06 02:26:46,20260606,Interview,Offer,3333
E001498,A00457,P0383,REQK0022,USERK0001,2026-06-06 02:52:14,20260606,Screen,Interview,1498
E001973,A00604,P0363,REQK0018,USERK0004,2026-06-06 02:54:10,20260606,Interview,Offer,1973
E003619,A01098,P0440,REQK0023,USERK0003,2026-06-06 03:51:57,20260606,,Applied,3619
E000374,A00116,P0474,REQK0005,USERK0002,2026-06-06 05:45:27,20260606,Applied,Screen,374
E002675,A00814,P0396,REQK0023,USERK0002,2026-06-06 07:06:19,20260606,Applied,Screen,2675
E004269,A01290,P0074,REQK0026,USERK0002,2026-06-06 08:08:09,20260606,Screen,Interview,4269
E002148,A00655,P0198,REQK0005,USERK0003,2026-06-06 08:31:23,20260606,Screen,Rejected,2148
E004444,A01347,P0227,REQK0020,USERK0002,2026-06-06 09:48:18,20260606,Applied,Withdrawn,4444
E004707,A01431,P0494,REQK0006,USERK0001,2026-06-06 10:05:32,20260606,Screen,Interview,4707
E004588,A01394,P0309,REQK0006,USERK0004,2026-06-06 11:10:54,20260606,Interview,Offer,4588
E003750,A01137,P0414,REQK0016,USERK0003,2026-06-06 13:15:04,20260606,Screen,Interview,3750
E001015,A00312,P0428,REQK0005,USERK0001,2026-06-06 14:52:39,20260606,Offer,Rejected,1015
E003401,A01030,P0082,REQK0001,USERK0003,2026-06-06 15:22:59,20260606,Applied,Screen,3401
E004285,A01296,P0060,REQK0004,USERK0003,2026-06-06 16:38:37,20260606,Applied,Screen,4285
E001163,A00357,P0025,REQK0017,USERK0003,2026-06-06 17:11:35,20260606,Applied,Rejected,1163
E002481,A00755,P0150,REQK0019,USERK0003,2026-06-06 17:42:36,20260606,,Applied,2481
E004121,A01246,P0057,REQK0026,USERK0004,2026-06-06 18:34:16,20260606,Applied,Rejected,4121
E000404,A00125,P0074,REQK0004,USERK0004,2026-06-06 19:06:56,20260606,Interview,Offer,404
E003362,A01018,P0350,REQK0019,USERK0004,2026-06-06 19:35:36,20260606,Applied,Screen,3362
E002994,A00908,P0322,REQK0020,USERK0002,2026-06-06 19:51:08,20260606,Applied,Rejected,2994
E002543,A00773,P0335,REQK0004,USERK0001,2026-06-06 20:30:55,20260606,Interview,Withdrawn,2543
E000913,A00281,P0156,REQK0024,USERK0001,2026-06-06 23:25:51,20260606,Screen,Interview,913
E000307,A00096,P0367,REQK0003,USERK0003,2026-06-06 23:31:18,20260606,Applied,Screen,307
E000871,A00270,P0025,REQK0006,USERK0001,2026-06-07 00:16:09,20260607,Screen,Interview,871
E001874,A00573,P0472,REQK0008,USERK0003,2026-06-07 00:53:07,20260607,Applied,Screen,1874
E003635,A01103,P0089,REQK0019,USERK0004,2026-06-07 01:21:16,20260607,,Applied,3635
E002867,A00870,P0214,REQK0018,USERK0003,2026-06-07 01:32:38,20260607,Interview,Offer,2867
E001472,A00448,P0422,REQK0025,USERK0001,2026-06-07 03:39:09,20260607,Applied,Screen,1472
E003795,A01151,P0113,REQK0019,USERK0002,2026-06-07 04:01:17,20260607,Interview,Withdrawn,3795
E000860,A00267,P0126,REQK0005,USERK0001,2026-06-07 04:08:49,20260607,,Applied,860
E004412,A01336,P0156,REQK0023,USERK0003,2026-06-07 06:29:42,20260607,Applied,Screen,4412
E001959,A00601,P0103,REQK0020,USERK0002,2026-06-07 07:05:08,20260607,Applied,Screen,1959
E000508,A00158,P0510,REQK0017,USERK0003,2026-06-07 07:41:30,20260607,Screen,Interview,508
E000723,A00227,P0057,REQK0009,USERK0004,2026-06-07 09:59:12,20260607,,Applied,723
E001826,A00560,P0128,REQK0012,USERK0002,2026-06-07 11:19:24,20260607,,Applied,1826
E004214,A01273,P0213,REQK0011,USERK0002,2026-06-07 12:01:03,20260607,Applied,Screen,4214
E002093,A00639,P0440,REQK0008,USERK0003,2026-06-07 12:28:41,20260607,Screen,Interview,2093
E004291,A01298,P0298,REQK0023,USERK0003,2026-06-07 13:12:42,20260607,Applied,Rejected,4291
E004534,A01378,P0218,REQK0001,USERK0003,2026-06-07 13:19:18,20260607,Applied,Withdrawn,4534
E001937,A00593,P0010,REQK0008,USERK0003,2026-06-07 15:11:00,20260607,Applied,Screen,1937
E002873,A00872,P0143,REQK0001,USERK0003,2026-06-07 15:11:15,20260607,,Applied,2873
E001767,A00542,P0514,REQK0017,USERK0001,2026-06-07 15:39:34,20260607,Applied,Screen,1767
E001909,A00585,P0259,REQK0020,USERK0003,2026-06-07 17:16:27,20260607,Applied,Screen,1909
E000777,A00243,P0530,REQK0026,USERK0003,2026-06-07 18:20:29,20260607,Screen,Interview,777
E001987,A00609,P0359,REQK0008,USERK0001,2026-06-07 19:10:52,20260607,Applied,Screen,1987
E003893,A01181,P0347,REQK0024,USERK0001,2026-06-07 19:12:00,20260607,Screen,Interview,3893
E003664,A01110,P0342,REQK0021,USERK0003,2026-06-07 19:17:57,20260607,,Applied,3664
E003239,A00981,P0548,REQK0021,USERK0004,2026-06-07 19:32:01,20260607,,Applied,3239
E000755,A00237,P0006,REQK0001,USERK0002,2026-06-07 20:25:47,20260607,,Applied,755
E000194,A00062,P0470,REQK0019,USERK0002,2026-06-07 22:10:36,20260607,Interview,Offer,194
E003530,A01073,P0129,REQK0004,USERK0004,2026-06-07 22:24:43,20260607,,Applied,3530
E000519,A00161,P0524,REQK0019,USERK0001,2026-06-07 23:36:51,20260607,Applied,Withdrawn,519
E003012,A00914,P0240,REQK0020,USERK0002,2026-06-07 23:37:53,20260607,,Applied,3012
E003213,A00974,P0032,REQK0001,USERK0004,2026-06-08 00:11:04,20260608,,Applied,3213
E002999,A00910,P0500,REQK0020,USERK0004,2026-06-08 00:16:37,20260608,,Applied,2999
E002076,A00635,P0296,REQK0014,USERK0001,2026-06-08 01:57:34,20260608,Applied,Screen,2076
E002772,A00841,P0238,REQK0026,USERK0002,2026-06-08 01:59:57,20260608,,Applied,2772
E000277,A00086,P0532,REQK0020,USERK0002,2026-06-08 02:41:09,20260608,Applied,Rejected,277
E004676,A01422,P0029,REQK0006,USERK0004,2026-06-08 03:42:09,20260608,Applied,Screen,4676
E000257,A00079,P0180,REQK0021,USERK0002,2026-06-08 04:33:21,20260608,Interview,Offer,257
E000385,A00119,P0320,REQK0001,USERK0004,2026-06-08 05:24:30,20260608,Applied,Withdrawn,385
E002343,A00715,P0383,REQK0023,USERK0004,2026-06-08 05:29:24,20260608,Screen,Interview,2343
E002512,A00763,P0079,REQK0025,USERK0004,2026-06-08 06:10:29,20260608,Applied,Rejected,2512
E002336,A00712,P0085,REQK0016,USERK0004,2026-06-08 07:05:20,20260608,Screen,Withdrawn,2336
E001323,A00405,P0459,REQK0020,USERK0004,2026-06-08 07:31:36,20260608,Screen,Interview,1323
E002961,A00897,P0127,REQK0026,USERK0004,2026-06-08 07:52:45,20260608,Screen,Interview,2961
E003671,A01112,P0361,REQK0021,USERK0004,2026-06-08 08:45:04,20260608,Interview,Offer,3671
E000252,A00078,P0031,REQK0009,USERK0002,2026-06-08 08:57:56,20260608,Interview,Offer,252
E004083,A01234,P0424,REQK0007,USERK0003,2026-06-08 09:09:10,20260608,,Applied,4083
E001040,A00320,P0465,REQK0001,USERK0002,2026-06-08 09:30:16,20260608,Applied,Screen,1040
E002618,A00797,P0293,REQK0025,USERK0003,2026-06-08 09:41:53,20260608,Applied,Withdrawn,2618
E001019,A00314,P0215,REQK0016,USERK0003,2026-06-08 12:03:15,20260608,,Applied,1019
E000293,A00092,P0154,REQK0025,USERK0004,2026-06-08 13:05:00,20260608,Applied,Screen,293
E002006,A00614,P0122,REQK0002,USERK0004,2026-06-08 13:29:57,20260608,,Applied,2006
E002793,A00847,P0470,REQK0005,USERK0001,2026-06-08 13:48:42,20260608,Applied,Rejected,2793
E001136,A00350,P0065,REQK0002,USERK0001,2026-06-08 15:07:21,20260608,,Applied,1136
E001357,A00414,P0353,REQK0001,USERK0002,2026-06-08 16:27:49,20260608,Interview,Offer,1357
E004361,A01319,P0344,REQK0006,USERK0002,2026-06-08 18:20:44,20260608,Screen,Rejected,4361
E003020,A00917,P0019,REQK0021,USERK0002,2026-06-08 19:48:57,20260608,,Applied,3020
E003093,A00937,P0400,REQK0007,USERK0002,2026-06-08 20:06:49,20260608,Screen,Interview,3093
E003642,A01104,P0169,REQK0004,USERK0002,2026-06-08 21:01:25,20260608,Screen,Interview,3642
E003529,A01072,P0492,REQK0015,USERK0002,2026-06-08 21:09:13,20260608,Applied,Withdrawn,3529
E002797,A00849,P0226,REQK0024,USERK0002,2026-06-08 22:24:21,20260608,,Applied,2797
E003428,A01038,P0115,REQK0021,USERK0004,2026-06-08 22:48:38,20260608,Applied,Withdrawn,3428
E002831,A00858,P0228,REQK0018,USERK0002,2026-06-08 23:33:06,20260608,Applied,Screen,2831
E004488,A01361,P0017,REQK0026,USERK0002,2026-06-09 00:12:52,20260609,Screen,Interview,4488
E001363,A00416,P0382,REQK0008,USERK0004,2026-06-09 00:50:23,20260609,Applied,Withdrawn,1363
E000910,A00280,P0059,REQK0016,USERK0003,2026-06-09 01:51:51,20260609,Offer,Withdrawn,910
E002955,A00895,P0497,REQK0018,USERK0001,2026-06-09 01:56:59,20260609,Interview,Offer,2955
E004688,A01426,P0080,REQK0004,USERK0003,2026-06-09 02:31:48,20260609,,Applied,4688
E001974,A00604,P0363,REQK0018,USERK0003,2026-06-09 02:54:10,20260609,Offer,Withdrawn,1974
E003100,A00939,P0266,REQK0004,USERK0003,2026-06-09 04:05:22,20260609,Applied,Rejected,3100
E000281,A00088,P0559,REQK0018,USERK0001,2026-06-09 04:50:53,20260609,Applied,Screen,281
E001902,A00583,P0305,REQK0001,USERK0003,2026-06-09 05:01:03,20260609,Applied,Screen,1902
E003876,A01176,P0552,REQK0010,USERK0001,2026-06-09 06:34:35,20260609,Screen,Interview,3876
E003936,A01195,P0337,REQK0005,USERK0004,2026-06-09 07:43:38,20260609,,Applied,3936
E000778,A00243,P0530,REQK0026,USERK0004,2026-06-09 09:20:29,20260609,Interview,Withdrawn,778
E003817,A01158,P0517,REQK0019,USERK0003,2026-06-09 10:37:25,20260609,Offer,Hired,3817
E004717,A01434,P0293,REQK0004,USERK0001,2026-06-09 11:23:17,20260609,,Applied,4717
E004074,A01232,P0430,REQK0023,USERK0001,2026-06-09 11:50:56,20260609,,Applied,4074
E000604,A00189,P0296,REQK0003,USERK0004,2026-06-09 12:36:31,20260609,,Applied,604
E002506,A00761,P0251,REQK0018,USERK0003,2026-06-09 12:51:47,20260609,Applied,Withdrawn,2506
E001967,A00603,P0302,REQK0018,USERK0004,2026-06-09 13:12:02,20260609,Applied,Screen,1967
E000937,A00289,P0289,REQK0026,USERK0002,2026-06-09 13:26:33,20260609,Interview,Withdrawn,937
E004501,A01366,P0141,REQK0015,USERK0003,2026-06-09 14:49:00,20260609,,Applied,4501
E004181,A01264,P0348,REQK0026,USERK0003,2026-06-09 16:03:32,20260609,Interview,Offer,4181
E003328,A01008,P0036,REQK0008,USERK0001,2026-06-09 16:14:24,20260609,Screen,Interview,3328
E004662,A01417,P0354,REQK0023,USERK0001,2026-06-09 16:38:18,20260609,Applied,Withdrawn,4662
E004123,A01247,P0298,REQK0017,USERK0003,2026-06-09 17:27:10,20260609,Applied,Screen,4123
E000980,A00302,P0454,REQK0019,USERK0002,2026-06-09 18:32:12,20260609,Screen,Withdrawn,980
E003949,A01198,P0336,REQK0026,USERK0003,2026-06-09 18:37:04,20260609,Applied,Screen,3949
E003446,A01044,P0392,REQK0005,USERK0001,2026-06-09 18:42:27,20260609,Interview,Offer,3446
E000961,A00296,P0440,REQK0024,USERK0002,2026-06-09 19:51:09,20260609,,Applied,961
E004165,A01260,P0238,REQK0019,USERK0004,2026-06-09 20:18:25,20260609,,Applied,4165
E000295,A00093,P0139,REQK0021,USERK0003,2026-06-09 20:41:19,20260609,,Applied,295
E002118,A00647,P0126,REQK0008,USERK0003,2026-06-09 20:43:38,20260609,Applied,Screen,2118
E000360,A00113,P0351,REQK0024,USERK0001,2026-06-09 21:25:21,20260609,Applied,Screen,360
E003080,A00934,P0216,REQK0012,USERK0001,2026-06-09 21:56:31,20260609,,Applied,3080
E003143,A00952,P0527,REQK0026,USERK0001,2026-06-09 22:16:14,20260609,Applied,Withdrawn,3143
E000698,A00218,P0043,REQK0026,USERK0002,2026-06-09 22:18:35,20260609,Screen,Interview,698
E003582,A01088,P0519,REQK0003,USERK0003,2026-06-09 22:54:50,20260609,Applied,Screen,3582
E002645,A00804,P0320,REQK0001,USERK0001,2026-06-09 22:58:10,20260609,Interview,Offer,2645
E002113,A00645,P0059,REQK0012,USERK0004,2026-06-09 23:20:53,20260609,Interview,Offer,2113
E001176,A00362,P0506,REQK0015,USERK0003,2026-06-09 23:22:35,20260609,,Applied,1176
E001910,A00585,P0259,REQK0020,USERK0001,2026-06-10 00:16:27,20260610,Screen,Interview,1910
E000995,A00307,P0378,REQK0010,USERK0001,2026-06-10 01:14:56,20260610,Applied,Screen,995
E002887,A00875,P0071,REQK0015,USERK0002,2026-06-10 01:34:34,20260610,Interview,Offer,2887
E002637,A00802,P0369,REQK0007,USERK0001,2026-06-10 05:20:34,20260610,Screen,Withdrawn,2637
E001675,A00514,P0265,REQK0003,USERK0003,2026-06-10 06:27:26,20260610,,Applied,1675
E003777,A01146,P0034,REQK0019,USERK0004,2026-06-10 10:43:32,20260610,,Applied,3777
E004593,A01395,P0551,REQK0010,USERK0001,2026-06-10 10:44:11,20260610,Interview,Offer,4593
E001780,A00546,P0123,REQK0018,USERK0004,2026-06-10 10:58:55,20260610,Applied,Withdrawn,1780
E003840,A01166,P0006,REQK0001,USERK0001,2026-06-10 11:00:57,20260610,,Applied,3840
E004020,A01216,P0388,REQK0019,USERK0004,2026-06-10 11:09:07,20260610,Screen,Interview,4020
E004204,A01270,P0359,REQK0019,USERK0003,2026-06-10 11:10:53,20260610,Screen,Interview,4204
E002050,A00627,P0317,REQK0017,USERK0001,2026-06-10 11:21:41,20260610,,Applied,2050
E000914,A00281,P0156,REQK0024,USERK0001,2026-06-10 11:25:51,20260610,Interview,Offer,914
E004263,A01288,P0026,REQK0021,USERK0004,2026-06-10 11:40:32,20260610,Applied,Screen,4263
E002676,A00814,P0396,REQK0023,USERK0003,2026-06-10 12:06:19,20260610,Screen,Withdrawn,2676
E000887,A00274,P0070,REQK0004,USERK0001,2026-06-10 12:16:10,20260610,Offer,Hired,887
E001335,A00409,P0088,REQK0024,USERK0001,2026-06-10 14:57:37,20260610,,Applied,1335
E003595,A01091,P0216,REQK0025,USERK0001,2026-06-10 15:16:39,20260610,,Applied,3595
E002572,A00781,P0371,REQK0015,USERK0001,2026-06-10 15:45:38,20260610,Offer,Hired,2572
E002272,A00691,P0080,REQK0025,USERK0002,2026-06-10 15:47:16,20260610,Applied,Withdrawn,2272
E004768,A01449,P0142,REQK0007,USERK0002,2026-06-10 16:41:03,20260610,Interview,Offer,4768
E000872,A00270,P0025,REQK0006,USERK0003,2026-06-10 17:16:09,20260610,Interview,Offer,872
E002442,A00743,P0028,REQK0010,USERK0002,2026-06-10 19:00:58,20260610,Applied,Withdrawn,2442
E002591,A00787,P0435,REQK0019,USERK0003,2026-06-10 19:01:21,20260610,Interview,Offer,2591
E003665,A01110,P0342,REQK0021,USERK0001,2026-06-10 19:17:57,20260610,Applied,Withdrawn,3665
E004750,A01443,P0136,REQK0021,USERK0004,2026-06-10 19:39:38,20260610,,Applied,4750
E003617,A01097,P0308,REQK0018,USERK0002,2026-06-10 19:46:45,20260610,Interview,Offer,3617
E004449,A01349,P0507,REQK0008,USERK0003,2026-06-10 20:15:56,20260610,Applied,Screen,4449
E004162,A01259,P0321,REQK0026,USERK0002,2026-06-10 20:49:35,20260610,Screen,Interview,4162
E002253,A00685,P0121,REQK0019,USERK0004,2026-06-10 21:15:08,20260610,Screen,Interview,2253
E002389,A00727,P0239,REQK0018,USERK0001,2026-06-10 21:24:13,20260610,Interview,Offer,2389
E004538,A01380,P0413,REQK0002,USERK0002,2026-06-10 21:30:10,20260610,,Applied,4538
E004753,A01444,P0243,REQK0026,USERK0003,2026-06-10 21:33:18,20260610,Applied,Rejected,4753
E001597,A00489,P0027,REQK0019,USERK0002,2026-06-10 22:03:07,20260610,,Applied,1597
E000324,A00102,P0502,REQK0019,USERK0001,2026-06-10 22:30:15,20260610,Applied,Screen,324
E001712,A00525,P0167,REQK0025,USERK0002,2026-06-10 22:52:38,20260610,Interview,Offer,1712
E001332,A00408,P0361,REQK0007,USERK0004,2026-06-10 23:07:43,20260610,Screen,Interview,1332
E001905,A00584,P0218,REQK0015,USERK0003,2026-06-11 00:17:48,20260611,Applied,Screen,1905
E000712,A00223,P0230,REQK0001,USERK0003,2026-06-11 00:47:01,20260611,,Applied,712
E003586,A01089,P0084,REQK0008,USERK0002,2026-06-11 01:30:43,20260611,,Applied,3586
E000009,A00004,P0042,REQK0022,USERK0001,2026-06-11 02:27:58,20260611,Applied,Withdrawn,9
E001009,A00311,P0516,REQK0006,USERK0002,2026-06-11 05:29:16,20260611,,Applied,1009
E002365,A00721,P0219,REQK0024,USERK0001,2026-06-11 06:54:45,20260611,Applied,Screen,2365
E003929,A01192,P0552,REQK0021,USERK0004,2026-06-11 07:48:46,20260611,,Applied,3929
E003194,A00968,P0472,REQK0010,USERK0001,2026-06-11 07:59:29,20260611,Applied,Screen,3194
E003116,A00945,P0521,REQK0019,USERK0004,2026-06-11 08:02:53,20260611,,Applied,3116
E003420,A01036,P0536,REQK0008,USERK0003,2026-06-11 08:20:55,20260611,Applied,Screen,3420
E000586,A00183,P0347,REQK0004,USERK0004,2026-06-11 09:02:24,20260611,Interview,Offer,586
E004111,A01242,P0032,REQK0010,USERK0002,2026-06-11 09:10:31,20260611,Screen,Rejected,4111
E003139,A00951,P0080,REQK0021,USERK0003,2026-06-11 09:45:44,20260611,Screen,Interview,3139
E000724,A00227,P0057,REQK0009,USERK0004,2026-06-11 09:59:12,20260611,Applied,Screen,724
E003441,A01043,P0062,REQK0013,USERK0001,2026-06-11 11:49:34,20260611,Interview,Offer,3441
E000399,A00124,P0469,REQK0026,USERK0002,2026-06-11 11:56:51,20260611,,Applied,399
E002834,A00859,P0241,REQK0001,USERK0004,2026-06-11 14:28:47,20260611,,Applied,2834
E002344,A00715,P0383,REQK0023,USERK0003,2026-06-11 14:29:24,20260611,Interview,Withdrawn,2344
E001648,A00505,P0355,REQK0014,USERK0004,2026-06-11 15:16:22,20260611,Screen,Interview,1648
E004727,A01436,P0268,REQK0008,USERK0002,2026-06-11 15:28:44,20260611,Interview,Offer,4727
E000727,A00228,P0371,REQK0019,USERK0001,2026-06-11 15:42:10,20260611,,Applied,727
E000504,A00157,P0388,REQK0008,USERK0001,2026-06-11 16:10:14,20260611,Applied,Screen,504
E004430,A01342,P0483,REQK0002,USERK0002,2026-06-11 17:04:32,20260611,Screen,Interview,4430
E003336,A01010,P0076,REQK0025,USERK0003,2026-06-11 17:13:20,20260611,Applied,Screen,3336
E000665,A00208,P0484,REQK0016,USERK0002,2026-06-11 17:49:27,20260611,,Applied,665
E001875,A00573,P0472,REQK0008,USERK0002,2026-06-11 17:53:07,20260611,Screen,Interview,1875
E001898,A00581,P0174,REQK0006,USERK0001,2026-06-11 19:00:38,20260611,Applied,Withdrawn,1898
E003223,A00976,P0143,REQK0020,USERK0002,2026-06-11 19:12:02,20260611,Applied,Screen,3223
E002592,A00787,P0435,REQK0019,USERK0003,2026-06-11 20:01:21,20260611,Offer,Rejected,2592
E001135,A00349,P0557,REQK0004,USERK0003,2026-06-11 20:07:31,20260611,Screen,Rejected,1135
E000753,A00236,P0083,REQK0014,USERK0003,2026-06-11 20:56:38,20260611,Applied,Screen,753
E002215,A00675,P0033,REQK0019,USERK0004,2026-06-11 22:01:41,20260611,,Applied,2215
E000488,A00151,P0424,REQK0011,USERK0004,2026-06-12 00:39:05,20260612,Applied,Screen,488
E000927,A00286,P0459,REQK0025,USERK0003,2026-06-12 00:49:20,20260612,,Applied,927
E002223,A00677,P0370,REQK0023,USERK0003,2026-06-12 00:59:08,20260612,Screen,Interview,2223
E000898,A00277,P0265,REQK0021,USERK0001,2026-06-12 02:01:19,20260612,Applied,Withdrawn,898
E000458,A00142,P0489,REQK0010,USERK0003,2026-06-12 03:31:14,20260612,Applied,Screen,458
E002158,A00659,P0293,REQK0024,USERK0001,2026-06-12 05:34:00,20260612,,Applied,2158
E000831,A00258,P0502,REQK0010,USERK0003,2026-06-12 06:02:52,20260612,Interview,Rejected,831
E003113,A00943,P0036,REQK0022,USERK0001,2026-06-12 07:34:43,20260612,Screen,Withdrawn,3113
E002649,A00806,P0139,REQK0024,USERK0003,2026-06-12 09:18:30,20260612,,Applied,2649
E000880,A00272,P0016,REQK0015,USERK0003,2026-06-12 09:58:16,20260612,Offer,Hired,880
E000764,A00239,P0390,REQK0001,USERK0003,2026-06-12 10:04:51,20260612,Interview,Offer,764
E001055,A00325,P0272,REQK0015,USERK0002,2026-06-12 10:28:16,20260612,Applied,Screen,1055
E001150,A00353,P0415,REQK0021,USERK0002,2026-06-12 11:34:19,20260612,Interview,Offer,1150
E001768,A00542,P0514,REQK0017,USERK0002,2026-06-12 11:39:34,20260612,Screen,Interview,1768
E002544,A00774,P0214,REQK0006,USERK0004,2026-06-12 11:53:01,20260612,,Applied,2544
E001949,A00597,P0039,REQK0021,USERK0002,2026-06-12 12:14:29,20260612,,Applied,1949
E001447,A00440,P0057,REQK0019,USERK0001,2026-06-12 13:34:41,20260612,,Applied,1447
E002991,A00907,P0255,REQK0005,USERK0002,2026-06-12 13:43:55,20260612,Applied,Screen,2991
E002098,A00640,P0548,REQK0026,USERK0004,2026-06-12 14:09:26,20260612,Interview,Offer,2098
E004493,A01363,P0527,REQK0021,USERK0002,2026-06-12 14:10:04,20260612,,Applied,4493
E003057,A00928,P0091,REQK0011,USERK0001,2026-06-12 15:25:09,20260612,Applied,Rejected,3057
E003200,A00971,P0334,REQK0010,USERK0003,2026-06-12 16:01:50,20260612,,Applied,3200
E004014,A01215,P0242,REQK0001,USERK0001,2026-06-12 16:32:24,20260612,Applied,Screen,4014
E003047,A00925,P0133,REQK0019,USERK0003,2026-06-12 16:38:36,20260612,,Applied,3047
E004286,A01296,P0060,REQK0004,USERK0003,2026-06-12 16:38:37,20260612,Screen,Interview,4286
E001938,A00593,P0010,REQK0008,USERK0004,2026-06-12 17:11:00,20260612,Screen,Withdrawn,1938
E002713,A00824,P0256,REQK0015,USERK0002,2026-06-12 17:15:43,20260612,Offer,Withdrawn,2713
E003859,A01171,P0283,REQK0025,USERK0001,2026-06-12 17:27:24,20260612,Offer,Hired,3859
E003778,A01146,P0034,REQK0019,USERK0001,2026-06-12 17:43:32,20260612,Applied,Screen,3778
E000125,A00041,P0519,REQK0018,USERK0002,2026-06-12 18:05:53,20260612,Interview,Offer,125
E000505,A00157,P0388,REQK0008,USERK0001,2026-06-12 18:10:14,20260612,Screen,Withdrawn,505
E001609,A00493,P0322,REQK0023,USERK0003,2026-06-12 19:04:14,20260612,,Applied,1609
E000343,A00108,P0208,REQK0025,USERK0003,2026-06-12 21:24:50,20260612,Offer,Withdrawn,343
E001473,A00448,P0422,REQK0025,USERK0004,2026-06-12 21:39:09,20260612,Screen,Withdrawn,1473
E000077,A00026,P0496,REQK0009,USERK0002,2026-06-13 00:49:44,20260613,Screen,Interview,77
E000756,A00237,P0006,REQK0001,USERK0001,2026-06-13 01:25:47,20260613,Applied,Rejected,756
E003268,A00989,P0539,REQK0004,USERK0002,2026-06-13 01:31:01,20260613,Screen,Interview,3268
E003314,A01004,P0443,REQK0024,USERK0004,2026-06-13 01:34:26,20260613,Applied,Screen,3314
E000904,A00279,P0431,REQK0026,USERK0001,2026-06-13 02:23:09,20260613,Interview,Offer,904
E003255,A00985,P0419,REQK0020,USERK0003,2026-06-13 03:38:26,20260613,Offer,Hired,3255
E003144,A00953,P0355,REQK0025,USERK0001,2026-06-13 08:30:48,20260613,,Applied,3144
E003224,A00976,P0143,REQK0020,USERK0002,2026-06-13 10:12:02,20260613,Screen,Withdrawn,3224
E002458,A00748,P0067,REQK0004,USERK0003,2026-06-13 10:29:01,20260613,Screen,Withdrawn,2458
E004489,A01361,P0017,REQK0026,USERK0004,2026-06-13 11:12:52,20260613,Interview,Offer,4489
E003773,A01145,P0023,REQK0016,USERK0001,2026-06-13 12:20:13,20260613,Applied,Screen,3773
E000950,A00293,P0026,REQK0004,USERK0002,2026-06-13 13:03:34,20260613,Applied,Screen,950
E003966,A01203,P0338,REQK0003,USERK0001,2026-06-13 13:04:31,20260613,,Applied,3966
E004335,A01311,P0502,REQK0010,USERK0003,2026-06-13 13:27:57,20260613,Interview,Offer,4335
E000938,A00290,P0481,REQK0021,USERK0002,2026-06-13 15:27:22,20260613,,Applied,938
E000378,A00117,P0439,REQK0008,USERK0002,2026-06-13 16:30:45,20260613,Screen,Interview,378
E000749,A00235,P0229,REQK0016,USERK0002,2026-06-13 17:06:47,20260613,Applied,Screen,749
E000145,A00048,P0002,REQK0020,USERK0001,2026-06-13 17:19:16,20260613,Applied,Screen,145
E002475,A00753,P0050,REQK0026,USERK0001,2026-06-13 18:17:24,20260613,Applied,Screen,2475
E001185,A00365,P0364,REQK0006,USERK0001,2026-06-13 19:31:01,20260613,,Applied,1185
E001041,A00320,P0465,REQK0001,USERK0003,2026-06-13 21:30:16,20260613,Screen,Rejected,1041
E004244,A01282,P0127,REQK0001,USERK0004,2026-06-13 22:01:46,20260613,,Applied,4244
E000368,A00115,P0134,REQK0015,USERK0002,2026-06-13 23:01:04,20260613,,Applied,368
E004738,A01439,P0055,REQK0024,USERK0004,2026-06-14 00:24:55,20260614,Screen,Withdrawn,4738
E000567,A00177,P0063,REQK0007,USERK0002,2026-06-14 00:36:44,20260614,,Applied,567
E001484,A00452,P0359,REQK0017,USERK0004,2026-06-14 01:05:12,20260614,,Applied,1484
E001268,A00389,P0437,REQK0012,USERK0003,2026-06-14 01:36:45,20260614,,Applied,1268
E002745,A00832,P0320,REQK0013,USERK0002,2026-06-14 01:37:26,20260614,Screen,Interview,2745
E003236,A00980,P0167,REQK0010,USERK0003,2026-06-14 02:16:01,20260614,,Applied,3236
E004357,A01318,P0002,REQK0015,USERK0004,2026-06-14 02:29:31,20260614,,Applied,4357
E000244,A00076,P0211,REQK0025,USERK0001,2026-06-14 02:31:45,20260614,,Applied,244
E003248,A00983,P0266,REQK0008,USERK0002,2026-06-14 03:23:23,20260614,Interview,Offer,3248
E000299,A00094,P0434,REQK0006,USERK0001,2026-06-14 03:25:08,20260614,Applied,Screen,299
E004025,A01217,P0148,REQK0010,USERK0004,2026-06-14 04:37:37,20260614,Screen,Interview,4025
E001994,A00611,P0413,REQK0007,USERK0001,2026-06-14 04:47:27,20260614,Applied,Screen,1994
E001781,A00547,P0344,REQK0008,USERK0002,2026-06-14 05:05:28,20260614,,Applied,1781
E003643,A01104,P0169,REQK0004,USERK0004,2026-06-14 06:01:25,20260614,Interview,Offer,3643
E003014,A00915,P0523,REQK0005,USERK0003,2026-06-14 07:05:00,20260614,,Applied,3014
E001962,A00602,P0351,REQK0003,USERK0003,2026-06-14 07:05:22,20260614,,Applied,1962
E000812,A00253,P0150,REQK0020,USERK0001,2026-06-14 08:18:30,20260614,Applied,Screen,812
E002040,A00623,P0297,REQK0021,USERK0003,2026-06-14 08:19:05,20260614,Offer,Hired,2040
E002765,A00838,P0213,REQK0024,USERK0003,2026-06-14 12:39:32,20260614,Interview,Offer,2765
E004377,A01324,P0026,REQK0023,USERK0002,2026-06-14 12:41:54,20260614,,Applied,4377
E001296,A00396,P0179,REQK0020,USERK0004,2026-06-14 13:42:06,20260614,Interview,Withdrawn,1296
E000666,A00208,P0484,REQK0016,USERK0004,2026-06-14 13:49:27,20260614,Applied,Screen,666
E000419,A00130,P0272,REQK0013,USERK0002,2026-06-14 14:54:53,20260614,Offer,Withdrawn,419
E001324,A00405,P0459,REQK0020,USERK0004,2026-06-14 15:31:36,20260614,Interview,Offer,1324
E001349,A00412,P0524,REQK0014,USERK0001,2026-06-14 15:57:27,20260614,,Applied,1349
E002518,A00765,P0256,REQK0015,USERK0004,2026-06-14 17:54:50,20260614,Interview,Rejected,2518
E002719,A00826,P0060,REQK0001,USERK0003,2026-06-14 18:43:39,20260614,Screen,Interview,2719
E003517,A01068,P0281,REQK0015,USERK0004,2026-06-14 18:48:08,20260614,,Applied,3517
E001676,A00514,P0265,REQK0003,USERK0002,2026-06-14 22:27:26,20260614,Applied,Screen,1676
E000375,A00116,P0474,REQK0005,USERK0003,2026-06-14 22:45:27,20260614,Screen,Rejected,375
E003959,A01201,P0348,REQK0021,USERK0003,2026-06-14 23:03:30,20260614,Applied,Screen,3959
E000325,A00102,P0502,REQK0019,USERK0001,2026-06-14 23:30:15,20260614,Screen,Withdrawn,325
E001483,A00451,P0410,REQK0002,USERK0003,2026-06-14 23:50:38,20260614,Offer,Hired,1483
E001610,A00493,P0322,REQK0023,USERK0003,2026-06-15 00:04:14,20260615,Applied,Screen,1610
E002992,A00907,P0255,REQK0005,USERK0002,2026-06-15 01:43:55,20260615,Screen,Rejected,2992
E000861,A00267,P0126,REQK0005,USERK0003,2026-06-15 04:08:49,20260615,Applied,Rejected,861
E002879,A00873,P0056,REQK0019,USERK0004,2026-06-15 05:37:14,20260615,Screen,Rejected,2879
E001636,A00502,P0186,REQK0024,USERK0002,2026-06-15 05:46:41,20260615,,Applied,1636
E002776,A00842,P0253,REQK0023,USERK0004,2026-06-15 07:26:05,20260615,,Applied,2776
E002835,A00859,P0241,REQK0001,USERK0001,2026-06-15 07:28:47,20260615,Applied,Screen,2835
E004209,A01272,P0330,REQK0026,USERK0001,2026-06-15 07:29:42,20260615,,Applied,4209
E002449,A00746,P0202,REQK0026,USERK0004,2026-06-15 07:59:32,20260615,,Applied,2449
E004606,A01401,P0241,REQK0023,USERK0001,2026-06-15 08:31:57,20260615,,Applied,4606
E002195,A00668,P0061,REQK0020,USERK0004,2026-06-15 10:29:24,20260615,Interview,Offer,2195
E001008,A00310,P0490,REQK0023,USERK0001,2026-06-15 10:46:10,20260615,Applied,Withdrawn,1008
E002962,A00897,P0127,REQK0026,USERK0003,2026-06-15 10:52:45,20260615,Interview,Offer,2962
E003066,A00931,P0041,REQK0019,USERK0003,2026-06-15 11:06:21,20260615,,Applied,3066
E000599,A00187,P0136,REQK0012,USERK0002,2026-06-15 13:38:26,20260615,Screen,Interview,599
E003884,A01178,P0082,REQK0018,USERK0003,2026-06-15 15:35:38,20260615,,Applied,3884
E001086,A00334,P0378,REQK0006,USERK0004,2026-06-15 15:39:38,20260615,Interview,Offer,1086
E004667,A01419,P0148,REQK0001,USERK0002,2026-06-15 17:51:40,20260615,,Applied,4667
E003297,A00998,P0176,REQK0003,USERK0002,2026-06-15 19:46:07,20260615,,Applied,3297
E004684,A01425,P0007,REQK0004,USERK0001,2026-06-15 20:24:00,20260615,,Applied,4684
E000010,A00005,P0192,REQK0017,USERK0004,2026-06-15 20:46:41,20260615,,Applied,10
E000171,A00055,P0327,REQK0023,USERK0002,2026-06-15 22:58:20,20260615,Offer,Hired,171
E003779,A01146,P0034,REQK0019,USERK0002,2026-06-16 00:43:32,20260616,Screen,Withdrawn,3779
E003731,A01132,P0156,REQK0011,USERK0004,2026-06-16 00:53:54,20260616,,Applied,3731
E000973,A00300,P0446,REQK0018,USERK0003,2026-06-16 00:57:50,20260616,,Applied,973
E003383,A01024,P0162,REQK0005,USERK0004,2026-06-16 01:02:24,20260616,,Applied,3383
E001128,A00347,P0007,REQK0026,USERK0002,2026-06-16 01:57:55,20260616,Applied,Rejected,1128
E004002,A01211,P0025,REQK0006,USERK0003,2026-06-16 02:03:22,20260616,Offer,Hired,4002
E000595,A00186,P0030,REQK0024,USERK0004,2026-06-16 03:14:54,20260616,,Applied,595
E004499,A01365,P0348,REQK0026,USERK0002,2026-06-16 03:29:03,20260616,,Applied,4499
E003240,A00981,P0548,REQK0021,USERK0002,2026-06-16 03:32:01,20260616,Applied,Screen,3240
E000400,A00124,P0469,REQK0026,USERK0001,2026-06-16 03:56:51,20260616,Applied,Rejected,400
E000888,A00275,P0438,REQK0008,USERK0002,2026-06-16 04:27:42,20260616,,Applied,888
E003423,A01037,P0166,REQK0004,USERK0003,2026-06-16 04:31:33,20260616,,Applied,3423
E000472,A00145,P0282,REQK0008,USERK0002,2026-06-16 04:50:11,20260616,Offer,Hired,472
E004124,A01247,P0298,REQK0017,USERK0002,2026-06-16 07:27:10,20260616,Screen,Rejected,4124
E003086,A00935,P0428,REQK0010,USERK0003,2026-06-16 08:35:44,20260616,Screen,Interview,3086
E000201,A00064,P0419,REQK0022,USERK0002,2026-06-16 10:22:31,20260616,Screen,Withdrawn,201
E002094,A00639,P0440,REQK0008,USERK0002,2026-06-16 12:28:41,20260616,Interview,Withdrawn,2094
E003315,A01004,P0443,REQK0024,USERK0002,2026-06-16 12:34:26,20260616,Screen,Interview,3315
E001953,A00598,P0271,REQK0022,USERK0004,2026-06-16 12:43:28,20260616,Applied,Withdrawn,1953
E001306,A00399,P0307,REQK0024,USERK0004,2026-06-16 13:15:20,20260616,Screen,Interview,1306
E004635,A01408,P0146,REQK0024,USERK0003,2026-06-16 13:26:50,20260616,,Applied,4635
E001273,A00390,P0389,REQK0003,USERK0004,2026-06-16 13:51:04,20260616,Applied,Screen,1273
E004102,A01240,P0509,REQK0014,USERK0003,2026-06-16 15:12:43,20260616,,Applied,4102
E002099,A00641,P0421,REQK0007,USERK0004,2026-06-16 16:36:04,20260616,,Applied,2099
E001649,A00505,P0355,REQK0014,USERK0004,2026-06-16 18:16:22,20260616,Interview,Withdrawn,1649
E001246,A00381,P0343,REQK0017,USERK0004,2026-06-16 18:19:53,20260616,Interview,Offer,1246
E003774,A01145,P0023,REQK0016,USERK0002,2026-06-16 19:20:13,20260616,Screen,Interview,3774
E002290,A00698,P0032,REQK0026,USERK0002,2026-06-16 20:06:49,20260616,Screen,Withdrawn,2290
E002720,A00826,P0060,REQK0001,USERK0001,2026-06-16 23:43:39,20260616,Interview,Offer,2720
E002951,A00894,P0175,REQK0008,USERK0003,2026-06-16 23:53:39,20260616,Offer,Hired,2951
E003911,A01186,P0513,REQK0002,USERK0002,2026-06-17 01:00:51,20260617,Screen,Interview,3911
E000423,A00132,P0057,REQK0002,USERK0003,2026-06-17 01:49:53,20260617,,Applied,423
E001653,A00507,P0223,REQK0024,USERK0002,2026-06-17 02:30:39,20260617,,Applied,1653
E001752,A00537,P0125,REQK0016,USERK0004,2026-06-17 02:44:25,20260617,Offer,Hired,1752
E004270,A01290,P0074,REQK0026,USERK0004,2026-06-17 03:08:09,20260617,Interview,Offer,4270
E003741,A01135,P0361,REQK0008,USERK0002,2026-06-17 04:00:30,20260617,,Applied,3741
E002855,A00866,P0111,REQK0020,USERK0004,2026-06-17 04:14:43,20260617,Applied,Rejected,2855
E003094,A00937,P0400,REQK0007,USERK0003,2026-06-17 05:06:49,20260617,Interview,Offer,3094
E000767,A00240,P0440,REQK0019,USERK0004,2026-06-17 05:18:56,20260617,Applied,Screen,767
E003518,A01068,P0281,REQK0015,USERK0002,2026-06-17 05:48:08,20260617,Applied,Withdrawn,3518
E000091,A00030,P0233,REQK0019,USERK0003,2026-06-17 06:21:09,20260617,Screen,Interview,91
E003206,A00972,P0370,REQK0007,USERK0003,2026-06-17 07:34:10,20260617,Applied,Screen,3206
E002612,A00795,P0160,REQK0024,USERK0004,2026-06-17 07:34:35,20260617,,Applied,2612
E003885,A01178,P0082,REQK0018,USERK0004,2026-06-17 09:35:38,20260617,Applied,Withdrawn,3885
E001359,A00415,P0072,REQK0003,USERK0002,2026-06-17 10:19:24,20260617,,Applied,1359
E001081,A00333,P0017,REQK0020,USERK0001,2026-06-17 11:37:50,20260617,,Applied,1081
E003819,A01159,P0162,REQK0008,USERK0001,2026-06-17 11:58:00,20260617,Applied,Screen,3819
E003476,A01056,P0351,REQK0026,USERK0003,2026-06-17 12:20:53,20260617,,Applied,3476
E000046,A00016,P0251,REQK0001,USERK0002,2026-06-17 14:03:43,20260617,Interview,Rejected,46
E001598,A00489,P0027,REQK0019,USERK0002,2026-06-17 16:03:07,20260617,Applied,Screen,1598
E004539,A01380,P0413,REQK0002,USERK0001,2026-06-17 16:30:10,20260617,Applied,Screen,4539
E002366,A00721,P0219,REQK0024,USERK0001,2026-06-17 16:54:45,20260617,Screen,Interview,2366
E004470,A01356,P0199,REQK0021,USERK0004,2026-06-17 17:35:17,20260617,Applied,Screen,4470
E000568,A00177,P0063,REQK0007,USERK0001,2026-06-17 18:36:44,20260617,Applied,Screen,568
E003237,A00980,P0167,REQK0010,USERK0002,2026-06-17 19:16:01,20260617,Applied,Screen,3237
E003620,A01098,P0440,REQK0023,USERK0001,2026-06-17 20:51:57,20260617,Applied,Rejected,3620
E002360,A00720,P0316,REQK0009,USERK0004,2026-06-17 21:06:32,20260617,,Applied,2360
E001151,A00353,P0415,REQK0021,USERK0003,2026-06-17 22:34:19,20260617,Offer,Rejected,1151
E003048,A00925,P0133,REQK0019,USERK0002,2026-06-17 22:38:36,20260617,Applied,Screen,3048
E002545,A00774,P0214,REQK0006,USERK0002,2026-06-17 22:53:01,20260617,Applied,Rejected,2545
E000639,A00200,P0351,REQK0003,USERK0004,2026-06-17 22:59:32,20260617,,Applied,639
E000459,A00142,P0489,REQK0010,USERK0002,2026-06-17 23:31:14,20260617,Screen,Rejected,459
E000308,A00096,P0367,REQK0003,USERK0002,2026-06-18 03:31:18,20260618,Screen,Rejected,308
E002450,A00746,P0202,REQK0026,USERK0002,2026-06-18 03:59:32,20260618,Applied,Screen,2450
E004215,A01273,P0213,REQK0011,USERK0001,2026-06-18 04:01:03,20260618,Screen,Withdrawn,4215
E000105,A00035,P0076,REQK0019,USERK0002,2026-06-18 05:04:03,20260618,,Applied,105
E001587,A00485,P0138,REQK0006,USERK0004,2026-06-18 05:35:16,20260618,Offer,Hired,1587
E004230,A01279,P0224,REQK0015,USERK0002,2026-06-18 05:40:05,20260618,,Applied,4230
E003120,A00946,P0367,REQK0023,USERK0003,2026-06-18 06:30:33,20260618,,Applied,3120
E003076,A00933,P0161,REQK0001,USERK0002,2026-06-18 06:34:26,20260618,Applied,Screen,3076
E004378,A01324,P0026,REQK0023,USERK0001,2026-06-18 06:41:54,20260618,Applied,Screen,4378
E002254,A00685,P0121,REQK0019,USERK0001,2026-06-18 07:15:08,20260618,Interview,Offer,2254
E003704,A01123,P0156,REQK0024,USERK0003,2026-06-18 08:14:41,20260618,Applied,Screen,3704
E000699,A00218,P0043,REQK0026,USERK0003,2026-06-18 10:18:35,20260618,Interview,Rejected,699
E003547,A01078,P0034,REQK0024,USERK0001,2026-06-18 10:32:36,20260618,,Applied,3547
E002411,A00734,P0398,REQK0019,USERK0001,2026-06-18 10:34:08,20260618,Screen,Interview,2411
E002838,A00860,P0310,REQK0021,USERK0001,2026-06-18 10:49:52,20260618,,Applied,2838
E002945,A00893,P0091,REQK0013,USERK0003,2026-06-18 11:33:29,20260618,Interview,Offer,2945
E003950,A01198,P0336,REQK0026,USERK0002,2026-06-18 12:37:04,20260618,Screen,Interview,3950
E001560,A00477,P0427,REQK0021,USERK0003,2026-06-18 13:08:29,20260618,,Applied,1560
E004502,A01366,P0141,REQK0015,USERK0001,2026-06-18 15:49:00,20260618,Applied,Screen,4502
E001677,A00514,P0265,REQK0003,USERK0002,2026-06-18 16:27:26,20260618,Screen,Interview,1677
E004163,A01259,P0321,REQK0026,USERK0001,2026-06-18 16:49:35,20260618,Interview,Offer,4163
E004392,A01330,P0026,REQK0001,USERK0002,2026-06-18 19:13:00,20260618,,Applied,4392
E000600,A00187,P0136,REQK0012,USERK0003,2026-06-18 19:38:26,20260618,Interview,Offer,600
E000843,A00262,P0428,REQK0016,USERK0001,2026-06-18 20:05:55,20260618,Offer,Rejected,843
E001988,A00609,P0359,REQK0008,USERK0002,2026-06-18 23:10:52,20260618,Screen,Interview,1988
E004027,A01218,P0001,REQK0002,USERK0002,2026-06-18 23:17:07,20260618,,Applied,4027
E001554,A00475,P0170,REQK0010,USERK0003,2026-06-18 23:18:02,20260618,Applied,Screen,1554
E004575,A01391,P0252,REQK0019,USERK0004,2026-06-19 00:40:40,20260619,Applied,Screen,4575
E002154,A00658,P0114,REQK0008,USERK0001,2026-06-19 01:39:55,20260619,,Applied,2154
E002368,A00722,P0379,REQK0020,USERK0002,2026-06-19 02:27:05,20260619,,Applied,2368
E003105,A00941,P0530,REQK0001,USERK0004,2026-06-19 04:39:00,20260619,Applied,Screen,3105
E000823,A00256,P0243,REQK0022,USERK0004,2026-06-19 05:02:59,20260619,,Applied,823
E004431,A01342,P0483,REQK0002,USERK0002,2026-06-19 05:04:32,20260619,Interview,Offer,4431
E002663,A00809,P0119,REQK0004,USERK0001,2026-06-19 06:00:57,20260619,Screen,Withdrawn,2663
E004745,A01441,P0421,REQK0001,USERK0003,2026-06-19 06:25:04,20260619,Applied,Screen,4745
E001056,A00325,P0272,REQK0015,USERK0003,2026-06-19 06:28:16,20260619,Screen,Interview,1056
E002558,A00778,P0436,REQK0004,USERK0004,2026-06-19 06:56:31,20260619,Applied,Screen,2558
E001797,A00552,P0319,REQK0024,USERK0002,2026-06-19 07:29:18,20260619,Applied,Screen,1797
E004413,A01336,P0156,REQK0023,USERK0002,2026-06-19 07:29:42,20260619,Screen,Interview,4413
E000388,A00121,P0248,REQK0002,USERK0003,2026-06-19 08:30:01,20260619,,Applied,388
E002751,A00833,P0368,REQK0004,USERK0001,2026-06-19 09:02:47,20260619,Interview,Offer,2751
E002802,A00850,P0120,REQK0017,USERK0004,2026-06-19 10:16:17,20260619,Applied,Screen,2802
E003000,A00910,P0500,REQK0020,USERK0004,2026-06-19 11:16:37,20260619,Applied,Screen,3000
E001239,A00380,P0375,REQK0020,USERK0002,2026-06-19 13:02:30,20260619,,Applied,1239
E004435,A01343,P0188,REQK0025,USERK0002,2026-06-19 13:08:14,20260619,Screen,Interview,4435
E000447,A00139,P0116,REQK0022,USERK0001,2026-06-19 13:49:08,20260619,,Applied,447
E004668,A01419,P0148,REQK0001,USERK0004,2026-06-19 13:51:40,20260619,Applied,Screen,4668
E003262,A00988,P0532,REQK0019,USERK0003,2026-06-19 14:09:25,20260619,,Applied,3262
E001448,A00440,P0057,REQK0019,USERK0003,2026-06-19 14:34:41,20260619,Applied,Screen,1448
E003030,A00920,P0479,REQK0005,USERK0001,2026-06-19 14:40:12,20260619,Applied,Screen,3030
E000329,A00103,P0336,REQK0018,USERK0002,2026-06-19 16:01:29,20260619,Interview,Offer,329
E000813,A00253,P0150,REQK0020,USERK0001,2026-06-19 16:18:30,20260619,Screen,Interview,813
E001827,A00560,P0128,REQK0012,USERK0003,2026-06-19 16:19:24,20260619,Applied,Screen,1827
E003316,A01004,P0443,REQK0024,USERK0003,2026-06-19 16:34:26,20260619,Interview,Offer,3316
E001521,A00463,P0545,REQK0023,USERK0002,2026-06-19 17:41:10,20260619,Applied,Withdrawn,1521
E000513,A00159,P0352,REQK0006,USERK0003,2026-06-19 17:41:45,20260619,Screen,Interview,513
E003769,A01144,P0412,REQK0004,USERK0004,2026-06-19 18:59:11,20260619,,Applied,3769
E002482,A00755,P0150,REQK0019,USERK0002,2026-06-19 19:42:36,20260619,Applied,Rejected,2482
E003786,A01149,P0273,REQK0016,USERK0002,2026-06-19 20:03:04,20260619,Screen,Interview,3786
E000117,A00039,P0143,REQK0015,USERK0001,2026-06-19 20:31:01,20260619,Applied,Screen,117
E000605,A00189,P0296,REQK0003,USERK0003,2026-06-19 20:36:31,20260619,Applied,Screen,605
E000294,A00092,P0154,REQK0025,USERK0004,2026-06-19 21:05:00,20260619,Screen,Withdrawn,294
E004607,A01401,P0241,REQK0023,USERK0004,2026-06-19 21:31:57,20260619,Applied,Screen,4607
E002926,A00887,P0386,REQK0021,USERK0003,2026-06-19 21:45:56,20260619,,Applied,2926
E000300,A00094,P0434,REQK0006,USERK0004,2026-06-19 23:25:08,20260619,Screen,Interview,300
E001443,A00439,P0078,REQK0026,USERK0002,2026-06-19 23:32:37,20260619,,Applied,1443
E003013,A00914,P0240,REQK0020,USERK0004,2026-06-20 00:37:53,20260620,Applied,Withdrawn,3013
E002403,A00731,P0149,REQK0008,USERK0002,2026-06-20 03:45:13,20260620,,Applied,2403
E003883,A01177,P0209,REQK0010,USERK0004,2026-06-20 03:46:03,20260620,Offer,Hired,3883
E004473,A01357,P0072,REQK0026,USERK0002,2026-06-20 03:50:38,20260620,,Applied,4473
E003646,A01105,P0034,REQK0002,USERK0002,2026-06-20 04:12:18,20260620,Applied,Screen,3646
E003402,A01030,P0082,REQK0001,USERK0004,2026-06-20 04:22:59,20260620,Screen,Rejected,3402
E000320,A00101,P0013,REQK0026,USERK0004,2026-06-20 04:40:18,20260620,,Applied,320
E004708,A01431,P0494,REQK0006,USERK0004,2026-06-20 05:05:32,20260620,Interview,Offer,4708
E001989,A00609,P0359,REQK0008,USERK0004,2026-06-20 05:10:52,20260620,Interview,Withdrawn,1989
E003269,A00989,P0539,REQK0004,USERK0003,2026-06-20 05:31:01,20260620,Interview,Offer,3269
E003452,A01046,P0381,REQK0005,USERK0002,2026-06-20 06:08:14,20260620,,Applied,3452
E003537,A01075,P0374,REQK0003,USERK0003,2026-06-20 06:36:47,20260620,,Applied,3537
E000011,A00005,P0192,REQK0017,USERK0004,2026-06-20 06:46:41,20260620,Applied,Screen,11
E004166,A01260,P0238,REQK0019,USERK0004,2026-06-20 07:18:25,20260620,Applied,Screen,4166
E004715,A01433,P0120,REQK0018,USERK0001,2026-06-20 08:26:27,20260620,Screen,Interview,4715
E000446,A00138,P0065,REQK0003,USERK0002,2026-06-20 08:48:13,20260620,Offer,Hired,446
E002119,A00647,P0126,REQK0008,USERK0003,2026-06-20 09:43:38,20260620,Screen,Rejected,2119
E003368,A01019,P0271,REQK0026,USERK0004,2026-06-20 10:04:54,20260620,Screen,Interview,3368
E003421,A01036,P0536,REQK0008,USERK0001,2026-06-20 11:20:55,20260620,Screen,Interview,3421
E004075,A01232,P0430,REQK0023,USERK0002,2026-06-20 12:50:56,20260620,Applied,Screen,4075
E003469,A01053,P0099,REQK0026,USERK0002,2026-06-20 13:03:03,20260620,,Applied,3469
E002746,A00832,P0320,REQK0013,USERK0001,2026-06-20 13:37:26,20260620,Interview,Offer,2746
E004718,A01434,P0293,REQK0004,USERK0004,2026-06-20 15:23:17,20260620,Applied,Rejected,4718
E004049,A01223,P0479,REQK0022,USERK0001,2026-06-20 17:38:37,20260620,Screen,Interview,4049
E003524,A01070,P0358,REQK0023,USERK0003,2026-06-20 18:00:09,20260620,Screen,Interview,3524
E001960,A00601,P0103,REQK0020,USERK0004,2026-06-20 18:05:08,20260620,Screen,Interview,1960
E003024,A00918,P0396,REQK0001,USERK0001,2026-06-20 18:28:46,20260620,,Applied,3024
E001360,A00415,P0072,REQK0003,USERK0002,2026-06-20 19:19:24,20260620,Applied,Screen,1360
E003696,A01121,P0270,REQK0019,USERK0004,2026-06-20 19:59:43,20260620,,Applied,3696
E000309,A00097,P0527,REQK0004,USERK0004,2026-06-20 20:13:44,20260620,,Applied,309
E004594,A01395,P0551,REQK0010,USERK0003,2026-06-20 20:44:11,20260620,Offer,Withdrawn,4594
E000905,A00279,P0431,REQK0026,USERK0003,2026-06-20 21:23:09,20260620,Offer,Rejected,905
E003298,A00998,P0176,REQK0003,USERK0001,2026-06-20 22:46:07,20260620,Applied,Rejected,3298
E004084,A01234,P0424,REQK0007,USERK0001,2026-06-21 00:09:10,20260621,Applied,Screen,4084
E000039,A00015,P0481,REQK0019,USERK0001,2026-06-21 00:18:16,20260621,,Applied,39
E001186,A00365,P0364,REQK0006,USERK0004,2026-06-21 04:31:01,20260621,Applied,Withdrawn,1186
E001800,A00553,P0053,REQK0009,USERK0004,2026-06-21 04:54:59,20260621,,Applied,1800
E003067,A00931,P0041,REQK0019,USERK0004,2026-06-21 06:06:21,20260621,Applied,Screen,3067
E002451,A00746,P0202,REQK0026,USERK0002,2026-06-21 08:59:32,20260621,Screen,Withdrawn,2451
E004689,A01426,P0080,REQK0004,USERK0002,2026-06-21 09:31:48,20260621,Applied,Screen,4689
E002738,A00831,P0437,REQK0021,USERK0003,2026-06-21 10:29:52,20260621,,Applied,2738
E004751,A01443,P0136,REQK0021,USERK0002,2026-06-21 10:39:38,20260621,Applied,Withdrawn,4751
E001010,A00311,P0516,REQK0006,USERK0003,2026-06-21 11:29:16,20260621,Applied,Withdrawn,1010
E004015,A01215,P0242,REQK0001,USERK0001,2026-06-21 12:32:24,20260621,Screen,Interview,4015
E003317,A01004,P0443,REQK0024,USERK0003,2026-06-21 12:34:26,20260621,Offer,Withdrawn,3317
E003531,A01073,P0129,REQK0004,USERK0002,2026-06-21 13:24:43,20260621,Applied,Rejected,3531
E000889,A00275,P0438,REQK0008,USERK0004,2026-06-21 15:27:42,20260621,Applied,Screen,889
E004307,A01302,P0426,REQK0005,USERK0004,2026-06-21 15:46:43,20260621,Offer,Hired,4307
E001499,A00457,P0383,REQK0022,USERK0003,2026-06-21 16:52:14,20260621,Interview,Offer,1499
E000960,A00295,P0266,REQK0007,USERK0003,2026-06-21 17:11:29,20260621,Offer,Hired,960
E004677,A01422,P0029,REQK0006,USERK0002,2026-06-21 17:42:09,20260621,Screen,Withdrawn,4677
E003031,A00920,P0479,REQK0005,USERK0001,2026-06-21 18:40:12,20260621,Screen,Interview,3031
E000408,A00127,P0155,REQK0001,USERK0004,2026-06-21 18:46:28,20260621,,Applied,408
E004199,A01269,P0365,REQK0015,USERK0004,2026-06-21 18:57:42,20260621,,Applied,4199
E003220,A00975,P0473,REQK0011,USERK0002,2026-06-21 19:38:52,20260621,Interview,Offer,3220
E002339,A00714,P0257,REQK0013,USERK0001,2026-06-21 20:00:48,20260621,,Applied,2339
E001903,A00583,P0305,REQK0001,USERK0004,2026-06-21 20:01:03,20260621,Screen,Withdrawn,1903
E004709,A01431,P0494,REQK0006,USERK0001,2026-06-21 21:05:32,20260621,Offer,Withdrawn,4709
E002361,A00720,P0316,REQK0009,USERK0002,2026-06-21 21:06:32,20260621,Applied,Screen,2361
E000922,A00284,P0431,REQK0009,USERK0004,2026-06-21 21:14:44,20260621,Applied,Screen,922
E002159,A00659,P0293,REQK0024,USERK0003,2026-06-21 22:34:00,20260621,Applied,Screen,2159
E002084,A00636,P0376,REQK0009,USERK0003,2026-06-21 23:17:22,20260621,Offer,Hired,2084
E004452,A01350,P0226,REQK0001,USERK0001,2026-06-21 23:39:27,20260621,,Applied,4452
E001074,A00331,P0003,REQK0024,USERK0001,2026-06-22 02:18:13,20260622,,Applied,1074
E001792,A00550,P0112,REQK0005,USERK0003,2026-06-22 02:28:31,20260622,,Applied,1792
E004249,A01284,P0356,REQK0006,USERK0002,2026-06-22 03:21:20,20260622,,Applied,4249
E000273,A00085,P0452,REQK0019,USERK0003,2026-06-22 04:53:27,20260622,,Applied,273
E002401,A00730,P0190,REQK0023,USERK0004,2026-06-22 05:17:18,20260622,Interview,Offer,2401
E001581,A00484,P0143,REQK0006,USERK0002,2026-06-22 05:50:59,20260622,Interview,Offer,1581
E000110,A00037,P0040,REQK0019,USERK0002,2026-06-22 07:13:34,20260622,,Applied,110
E002226,A00678,P0207,REQK0001,USERK0001,2026-06-22 11:06:14,20260622,,Applied,2226
E003334,A01009,P0159,REQK0017,USERK0003,2026-06-22 12:26:46,20260622,Offer,Hired,3334
E003888,A01180,P0557,REQK0015,USERK0004,2026-06-22 12:33:42,20260622,,Applied,3888
E001501,A00458,P0054,REQK0024,USERK0002,2026-06-22 13:24:39,20260622,,Applied,1501
E004500,A01365,P0348,REQK0026,USERK0003,2026-06-22 13:29:03,20260622,Applied,Rejected,4500
E004653,A01414,P0241,REQK0021,USERK0003,2026-06-22 13:58:05,20260622,,Applied,4653
E001307,A00399,P0307,REQK0024,USERK0003,2026-06-22 14:15:20,20260622,Interview,Offer,1307
E000974,A00300,P0446,REQK0018,USERK0002,2026-06-22 14:57:50,20260622,Applied,Screen,974
E002752,A00833,P0368,REQK0004,USERK0003,2026-06-22 15:02:47,20260622,Offer,Rejected,2752
E002058,A00629,P0401,REQK0024,USERK0003,2026-06-22 15:26:44,20260622,,Applied,2058
E003053,A00927,P0184,REQK0008,USERK0002,2026-06-22 15:38:09,20260622,,Applied,3053
E003751,A01137,P0414,REQK0016,USERK0001,2026-06-22 16:15:04,20260622,Interview,Offer,3751
E002927,A00887,P0386,REQK0021,USERK0003,2026-06-22 16:45:56,20260622,Applied,Screen,2927
E001906,A00584,P0218,REQK0015,USERK0003,2026-06-22 18:17:48,20260622,Screen,Interview,1906
E002100,A00641,P0421,REQK0007,USERK0004,2026-06-22 18:36:04,20260622,Applied,Screen,2100
E001464,A00446,P0310,REQK0004,USERK0004,2026-06-22 19:57:48,20260622,,Applied,1464
E001703,A00523,P0045,REQK0001,USERK0001,2026-06-22 20:08:20,20260622,,Applied,1703
E000051,A00017,P0150,REQK0026,USERK0003,2026-06-22 21:40:26,20260622,Offer,Hired,51
E002216,A00675,P0033,REQK0019,USERK0002,2026-06-22 22:01:41,20260622,Applied,Screen,2216
E001599,A00489,P0027,REQK0019,USERK0003,2026-06-22 23:03:07,20260622,Screen,Interview,1599
E003456,A01048,P0462,REQK0010,USERK0001,2026-06-22 23:14:43,20260622,,Applied,3456
E001361,A00415,P0072,REQK0003,USERK0004,2026-06-22 23:19:24,20260622,Screen,Rejected,1361
E000754,A00236,P0083,REQK0014,USERK0002,2026-06-23 00:56:38,20260623,Screen,Rejected,754
E000962,A00296,P0440,REQK0024,USERK0001,2026-06-23 04:51:09,20260623,Applied,Rejected,962
E001265,A00388,P0362,REQK0026,USERK0004,2026-06-23 05:06:37,20260623,,Applied,1265
E002105,A00643,P0209,REQK0024,USERK0003,2026-06-23 05:12:36,20260623,,Applied,2105
E003447,A01044,P0392,REQK0005,USERK0004,2026-06-23 05:42:27,20260623,Offer,Withdrawn,3447
E001678,A00514,P0265,REQK0003,USERK0003,2026-06-23 06:27:26,20260623,Interview,Withdrawn,1678
E003787,A01149,P0273,REQK0016,USERK0002,2026-06-23 07:03:04,20260623,Interview,Offer,3787
E002256,A00686,P0125,REQK0019,USERK0001,2026-06-23 07:19:12,20260623,,Applied,2256
E002582,A00785,P0382,REQK0013,USERK0001,2026-06-23 07:34:36,20260623,,Applied,2582
E002367,A00721,P0219,REQK0024,USERK0001,2026-06-23 07:54:45,20260623,Interview,Offer,2367
E003238,A00980,P0167,REQK0010,USERK0001,2026-06-23 11:16:01,20260623,Screen,Rejected,3238
E003541,A01076,P0122,REQK0007,USERK0002,2026-06-23 11:26:48,20260623,,Applied,3541
E000379,A00117,P0439,REQK0008,USERK0002,2026-06-23 12:30:45,20260623,Interview,Offer,379
E001182,A00364,P0243,REQK0010,USERK0001,2026-06-23 13:38:41,20260623,,Applied,1182
E004231,A01279,P0224,REQK0015,USERK0001,2026-06-23 13:40:05,20260623,Applied,Screen,4231
E002536,A00771,P0246,REQK0019,USERK0001,2026-06-23 13:40:11,20260623,Applied,Screen,2536
E002242,A00682,P0299,REQK0010,USERK0002,2026-06-23 15:14:09,20260623,Screen,Interview,2242
E000975,A00300,P0446,REQK0018,USERK0003,2026-06-23 15:57:50,20260623,Screen,Rejected,975
E001939,A00594,P0395,REQK0019,USERK0002,2026-06-23 16:00:00,20260623,,Applied,1939
E004182,A01264,P0348,REQK0026,USERK0002,2026-06-23 16:03:32,20260623,Offer,Hired,4182
E003498,A01062,P0271,REQK0011,USERK0003,2026-06-23 16:22:10,20260623,,Applied,3498
E001582,A00484,P0143,REQK0006,USERK0001,2026-06-23 17:50:59,20260623,Offer,Withdrawn,1582
E001718,A00527,P0198,REQK0014,USERK0001,2026-06-23 17:55:54,20260623,Screen,Interview,1718
E000496,A00154,P0452,REQK0021,USERK0001,2026-06-23 17:56:35,20260623,Applied,Screen,496
E003470,A01053,P0099,REQK0026,USERK0004,2026-06-23 18:03:03,20260623,Applied,Rejected,3470
E000814,A00253,P0150,REQK0020,USERK0001,2026-06-23 18:18:30,20260623,Interview,Offer,814
E000928,A00286,P0459,REQK0025,USERK0001,2026-06-23 18:49:20,20260623,Applied,Screen,928
E002478,A00754,P0305,REQK0016,USERK0003,2026-06-23 19:06:50,20260623,,Applied,2478
E004716,A01433,P0120,REQK0018,USERK0003,2026-06-23 19:26:27,20260623,Interview,Offer,4716
E004210,A01272,P0330,REQK0026,USERK0003,2026-06-23 19:29:42,20260623,Applied,Screen,4210
E001769,A00542,P0514,REQK0017,USERK0003,2026-06-23 19:39:34,20260623,Interview,Offer,1769
E004264,A01288,P0026,REQK0021,USERK0002,2026-06-23 21:40:32,20260623,Screen,Withdrawn,4264
E003672,A01112,P0361,REQK0021,USERK0002,2026-06-23 22:45:04,20260623,Offer,Hired,3672
E001924,A00590,P0075,REQK0001,USERK0004,2026-06-23 23:15:44,20260623,,Applied,1924
E001801,A00553,P0053,REQK0009,USERK0002,2026-06-23 23:54:59,20260623,Applied,Screen,1801
E003841,A01166,P0006,REQK0001,USERK0003,2026-06-24 00:00:57,20260624,Applied,Screen,3841
E001444,A00439,P0078,REQK0026,USERK0002,2026-06-24 00:32:37,20260624,Applied,Screen,1444
E003877,A01176,P0552,REQK0010,USERK0004,2026-06-24 02:34:35,20260624,Interview,Offer,3877
E002839,A00860,P0310,REQK0021,USERK0001,2026-06-24 02:49:52,20260624,Applied,Screen,2839
E003195,A00968,P0472,REQK0010,USERK0003,2026-06-24 02:59:29,20260624,Screen,Withdrawn,3195
E003820,A01159,P0162,REQK0008,USERK0002,2026-06-24 03:58:00,20260624,Screen,Interview,3820
E000890,A00275,P0438,REQK0008,USERK0001,2026-06-24 04:27:42,20260624,Screen,Interview,890
E003424,A01037,P0166,REQK0004,USERK0001,2026-06-24 04:31:33,20260624,Applied,Screen,3424
E003106,A00941,P0530,REQK0001,USERK0003,2026-06-24 05:39:00,20260624,Screen,Interview,3106
E002798,A00849,P0226,REQK0024,USERK0003,2026-06-24 08:24:21,20260624,Applied,Screen,2798
E003035,A00921,P0215,REQK0015,USERK0002,2026-06-24 09:00:45,20260624,Applied,Screen,3035
E000310,A00097,P0527,REQK0004,USERK0002,2026-06-24 09:13:44,20260624,Applied,Screen,310
E004026,A01217,P0148,REQK0010,USERK0003,2026-06-24 09:37:37,20260624,Interview,Offer,4026
E000148,A00049,P0275,REQK0003,USERK0002,2026-06-24 10:35:05,20260624,Applied,Screen,148
E003719,A01128,P0327,REQK0021,USERK0001,2026-06-24 11:16:48,20260624,Applied,Screen,3719
E001177,A00362,P0506,REQK0015,USERK0001,2026-06-24 12:22:35,20260624,Applied,Screen,1177
E004685,A01425,P0007,REQK0004,USERK0002,2026-06-24 16:24:00,20260624,Applied,Screen,4685
E003063,A00930,P0270,REQK0001,USERK0003,2026-06-24 16:40:59,20260624,,Applied,3063
E001911,A00585,P0259,REQK0020,USERK0004,2026-06-24 17:16:27,20260624,Interview,Offer,1911
E000361,A00113,P0351,REQK0024,USERK0004,2026-06-24 17:25:21,20260624,Screen,Interview,361
E004336,A01311,P0502,REQK0010,USERK0003,2026-06-24 19:27:57,20260624,Offer,Withdrawn,4336
E002935,A00890,P0500,REQK0020,USERK0003,2026-06-24 20:05:20,20260624,,Applied,2935
E003337,A01010,P0076,REQK0025,USERK0001,2026-06-24 21:13:20,20260624,Screen,Withdrawn,3337
E000509,A00158,P0510,REQK0017,USERK0004,2026-06-24 22:41:30,20260624,Interview,Offer,509
E003742,A01135,P0361,REQK0008,USERK0001,2026-06-24 23:00:30,20260624,Applied,Screen,3742
E000369,A00115,P0134,REQK0015,USERK0001,2026-06-24 23:01:04,20260624,Applied,Screen,369
E003697,A01121,P0270,REQK0019,USERK0001,2026-06-24 23:59:43,20260624,Applied,Screen,3697
E001876,A00573,P0472,REQK0008,USERK0001,2026-06-25 00:53:07,20260625,Interview,Withdrawn,1876
E003363,A01018,P0350,REQK0019,USERK0003,2026-06-25 01:35:36,20260625,Screen,Interview,3363
E003538,A01075,P0374,REQK0003,USERK0001,2026-06-25 01:36:47,20260625,Applied,Screen,3538
E002646,A00804,P0320,REQK0001,USERK0003,2026-06-25 01:58:10,20260625,Offer,Hired,2646
E003135,A00950,P0261,REQK0018,USERK0004,2026-06-25 03:06:47,20260625,,Applied,3135
E002224,A00677,P0370,REQK0023,USERK0002,2026-06-25 05:59:08,20260625,Interview,Offer,2224
E001240,A00380,P0375,REQK0020,USERK0002,2026-06-25 06:02:30,20260625,Applied,Screen,1240
E003683,A01117,P0175,REQK0020,USERK0002,2026-06-25 06:15:59,20260625,,Applied,3683
E001907,A00584,P0218,REQK0015,USERK0001,2026-06-25 08:17:48,20260625,Interview,Rejected,1907
E002861,A00868,P0033,REQK0020,USERK0003,2026-06-25 08:41:40,20260625,Interview,Offer,2861
E003894,A01181,P0347,REQK0024,USERK0003,2026-06-25 09:12:00,20260625,Interview,Offer,3894
E003693,A01120,P0293,REQK0010,USERK0004,2026-06-25 09:30:17,20260625,,Applied,3693
E001137,A00350,P0065,REQK0002,USERK0001,2026-06-25 10:07:21,20260625,Applied,Screen,1137
E003117,A00945,P0521,REQK0019,USERK0003,2026-06-25 12:02:53,20260625,Applied,Screen,3117
E000258,A00079,P0180,REQK0021,USERK0002,2026-06-25 12:33:21,20260625,Offer,Hired,258
E002641,A00803,P0003,REQK0010,USERK0004,2026-06-25 13:56:48,20260625,Interview,Offer,2641
E001616,A00495,P0019,REQK0005,USERK0002,2026-06-25 14:17:58,20260625,,Applied,1616
E003562,A01082,P0496,REQK0019,USERK0004,2026-06-25 14:31:12,20260625,Applied,Screen,3562
E003727,A01131,P0196,REQK0007,USERK0001,2026-06-25 15:13:29,20260625,,Applied,3727
E001950,A00597,P0039,REQK0021,USERK0001,2026-06-25 15:14:29,20260625,Applied,Screen,1950
E003901,A01183,P0405,REQK0011,USERK0002,2026-06-25 16:21:05,20260625,,Applied,3901
E003636,A01103,P0089,REQK0019,USERK0001,2026-06-25 17:21:16,20260625,Applied,Screen,3636
E001968,A00603,P0302,REQK0018,USERK0004,2026-06-25 18:12:02,20260625,Screen,Interview,1968
E002077,A00635,P0296,REQK0014,USERK0001,2026-06-25 19:57:34,20260625,Screen,Interview,2077
E000725,A00227,P0057,REQK0009,USERK0003,2026-06-25 19:59:12,20260625,Screen,Interview,725
E003051,A00926,P0071,REQK0014,USERK0003,2026-06-25 21:16:10,20260625,,Applied,3051
E003307,A01002,P0136,REQK0001,USERK0002,2026-06-26 00:06:07,20260626,,Applied,3307
E003572,A01085,P0150,REQK0008,USERK0001,2026-06-26 01:39:42,20260626,Screen,Interview,3572
E004379,A01324,P0026,REQK0023,USERK0001,2026-06-26 01:41:54,20260626,Screen,Withdrawn,4379
E003596,A01091,P0216,REQK0025,USERK0004,2026-06-26 02:16:39,20260626,Applied,Screen,3596
E002874,A00872,P0143,REQK0001,USERK0004,2026-06-26 03:11:15,20260626,Applied,Screen,2874
E002476,A00753,P0050,REQK0026,USERK0003,2026-06-26 03:17:24,20260626,Screen,Interview,2476
E001381,A00422,P0076,REQK0001,USERK0004,2026-06-26 04:21:25,20260626,,Applied,1381
E001424,A00434,P0141,REQK0018,USERK0003,2026-06-26 06:38:25,20260626,,Applied,1424
E001963,A00602,P0351,REQK0003,USERK0002,2026-06-26 07:05:22,20260626,Applied,Screen,1963
E002497,A00759,P0540,REQK0020,USERK0001,2026-06-26 07:20:20,20260626,Applied,Screen,2497
E003782,A01148,P0188,REQK0005,USERK0001,2026-06-26 08:23:50,20260626,,Applied,3782
E000596,A00186,P0030,REQK0024,USERK0002,2026-06-26 09:14:54,20260626,Applied,Withdrawn,596
E001064,A00328,P0549,REQK0026,USERK0002,2026-06-26 09:27:34,20260626,,Applied,1064
E004358,A01318,P0002,REQK0015,USERK0002,2026-06-26 09:29:31,20260626,Applied,Withdrawn,4358
E003355,A01016,P0414,REQK0016,USERK0001,2026-06-26 10:19:49,20260626,,Applied,3355
E000033,A00013,P0257,REQK0024,USERK0002,2026-06-26 10:24:14,20260626,,Applied,33
E004167,A01260,P0238,REQK0019,USERK0003,2026-06-26 11:18:25,20260626,Screen,Rejected,4167
E002257,A00686,P0125,REQK0019,USERK0001,2026-06-26 11:19:12,20260626,Applied,Rejected,2257
E003422,A01036,P0536,REQK0008,USERK0001,2026-06-26 12:20:55,20260626,Interview,Offer,3422
E004393,A01330,P0026,REQK0001,USERK0003,2026-06-26 13:13:00,20260626,Applied,Rejected,4393
E003912,A01186,P0513,REQK0002,USERK0004,2026-06-26 14:00:51,20260626,Interview,Rejected,3912
E004374,A01323,P0076,REQK0014,USERK0002,2026-06-26 14:39:35,20260626,,Applied,4374
E001259,A00386,P0050,REQK0020,USERK0002,2026-06-26 16:20:07,20260626,,Applied,1259
E002264,A00689,P0370,REQK0001,USERK0004,2026-06-26 16:25:47,20260626,,Applied,2264
E002609,A00794,P0103,REQK0024,USERK0002,2026-06-26 17:04:01,20260626,,Applied,2609
E004690,A01426,P0080,REQK0004,USERK0004,2026-06-26 17:31:48,20260626,Screen,Rejected,4690
E000497,A00154,P0452,REQK0021,USERK0003,2026-06-26 17:56:35,20260626,Screen,Interview,497
E001956,A00600,P0389,REQK0004,USERK0003,2026-06-26 18:26:42,20260626,,Applied,1956
E002196,A00668,P0061,REQK0020,USERK0002,2026-06-26 18:29:24,20260626,Offer,Rejected,2196
E004398,A01331,P0466,REQK0006,USERK0002,2026-06-26 18:49:50,20260626,Offer,Hired,4398
E002826,A00857,P0508,REQK0026,USERK0004,2026-06-26 18:56:22,20260626,,Applied,2826
E000499,A00155,P0107,REQK0020,USERK0001,2026-06-26 19:02:09,20260626,,Applied,499
E003587,A01089,P0084,REQK0008,USERK0004,2026-06-26 19:30:43,20260626,Applied,Screen,3587
E002767,A00839,P0308,REQK0004,USERK0001,2026-06-26 20:47:47,20260626,,Applied,2767
E003201,A00971,P0334,REQK0010,USERK0003,2026-06-26 21:01:50,20260626,Applied,Screen,3201
E004528,A01376,P0424,REQK0011,USERK0004,2026-06-26 21:04:05,20260626,,Applied,4528
E003015,A00915,P0523,REQK0005,USERK0002,2026-06-26 21:05:00,20260626,Applied,Screen,3015
E001027,A00316,P0376,REQK0006,USERK0003,2026-06-26 21:28:03,20260626,,Applied,1027
E000245,A00076,P0211,REQK0025,USERK0004,2026-06-26 21:31:45,20260626,Applied,Screen,245
E000834,A00260,P0504,REQK0004,USERK0003,2026-06-27 01:22:42,20260627,,Applied,834
E003516,A01067,P0135,REQK0016,USERK0004,2026-06-27 03:09:39,20260627,Offer,Hired,3516
E003021,A00917,P0019,REQK0021,USERK0002,2026-06-27 04:48:57,20260627,Applied,Screen,3021
E000146,A00048,P0002,REQK0020,USERK0004,2026-06-27 05:19:16,20260627,Screen,Withdrawn,146
E004471,A01356,P0199,REQK0021,USERK0001,2026-06-27 05:35:17,20260627,Screen,Interview,4471
E003525,A01070,P0358,REQK0023,USERK0004,2026-06-27 06:00:09,20260627,Interview,Withdrawn,3525
E003989,A01209,P0148,REQK0013,USERK0004,2026-06-27 06:16:57,20260627,,Applied,3989
E003583,A01088,P0519,REQK0003,USERK0002,2026-06-27 06:54:50,20260627,Screen,Interview,3583
E000431,A00134,P0270,REQK0007,USERK0003,2026-06-27 07:37:50,20260627,,Applied,431
E003647,A01105,P0034,REQK0002,USERK0003,2026-06-27 08:12:18,20260627,Screen,Interview,3647
E003951,A01198,P0336,REQK0026,USERK0004,2026-06-27 08:37:04,20260627,Interview,Rejected,3951
E003081,A00934,P0216,REQK0012,USERK0004,2026-06-27 08:56:31,20260627,Applied,Screen,3081
E002106,A00643,P0209,REQK0024,USERK0001,2026-06-27 09:12:36,20260627,Applied,Screen,2106
E002739,A00831,P0437,REQK0021,USERK0003,2026-06-27 11:29:52,20260627,Applied,Screen,2739
E000464,A00144,P0347,REQK0008,USERK0003,2026-06-27 12:17:51,20260627,,Applied,464
E002051,A00627,P0317,REQK0017,USERK0001,2026-06-27 12:21:41,20260627,Applied,Screen,2051
E000389,A00121,P0248,REQK0002,USERK0003,2026-06-27 12:30:01,20260627,Applied,Screen,389
E004678,A01423,P0401,REQK0021,USERK0001,2026-06-27 12:34:39,20260627,,Applied,4678
E003172,A00962,P0040,REQK0011,USERK0001,2026-06-27 13:36:18,20260627,Screen,Interview,3172
E000899,A00278,P0267,REQK0004,USERK0003,2026-06-27 14:09:13,20260627,,Applied,899
E004747,A01442,P0218,REQK0002,USERK0004,2026-06-27 14:18:52,20260627,,Applied,4747
E001537,A00469,P0070,REQK0007,USERK0001,2026-06-27 14:20:51,20260627,,Applied,1537
E003842,A01166,P0006,REQK0001,USERK0002,2026-06-27 20:00:57,20260627,Screen,Withdrawn,3842
E000012,A00005,P0192,REQK0017,USERK0004,2026-06-27 20:46:41,20260627,Screen,Withdrawn,12
E004050,A01223,P0479,REQK0022,USERK0002,2026-06-27 22:38:37,20260627,Interview,Offer,4050
E003725,A01130,P0160,REQK0005,USERK0004,2026-06-28 00:25:34,20260628,,Applied,3725
E000939,A00290,P0481,REQK0021,USERK0003,2026-06-28 00:27:22,20260628,Applied,Screen,939
E002836,A00859,P0241,REQK0001,USERK0001,2026-06-28 00:28:47,20260628,Screen,Interview,2836
E001719,A00527,P0198,REQK0014,USERK0001,2026-06-28 00:55:54,20260628,Interview,Offer,1719
E004754,A01445,P0425,REQK0004,USERK0003,2026-06-28 01:54:21,20260628,,Applied,4754
E003673,A01113,P0065,REQK0004,USERK0004,2026-06-28 02:54:13,20260628,,Applied,3673
E002407,A00733,P0023,REQK0007,USERK0001,2026-06-28 03:20:36,20260628,,Applied,2407
E003308,A01002,P0136,REQK0001,USERK0002,2026-06-28 04:06:07,20260628,Applied,Screen,3308
E004490,A01361,P0017,REQK0026,USERK0001,2026-06-28 04:12:52,20260628,Offer,Hired,4490
E002725,A00828,P0375,REQK0010,USERK0004,2026-06-28 04:41:02,20260628,,Applied,2725
E003960,A01201,P0348,REQK0021,USERK0003,2026-06-28 05:03:30,20260628,Screen,Interview,3960
E004195,A01268,P0220,REQK0023,USERK0004,2026-06-28 05:05:56,20260628,,Applied,4195
E003775,A01145,P0023,REQK0016,USERK0001,2026-06-28 05:20:13,20260628,Interview,Offer,3775
E000282,A00088,P0559,REQK0018,USERK0004,2026-06-28 06:50:53,20260628,Screen,Interview,282
E001336,A00409,P0088,REQK0024,USERK0002,2026-06-28 06:57:37,20260628,Applied,Screen,1336
E001082,A00333,P0017,REQK0020,USERK0003,2026-06-28 07:37:50,20260628,Applied,Rejected,1082
E001269,A00389,P0437,REQK0012,USERK0002,2026-06-28 08:36:45,20260628,Applied,Screen,1269
E000640,A00200,P0351,REQK0003,USERK0003,2026-06-28 08:59:32,20260628,Applied,Screen,640
E004253,A01285,P0385,REQK0022,USERK0001,2026-06-28 08:59:48,20260628,,Applied,4253
E002773,A00841,P0238,REQK0026,USERK0003,2026-06-28 08:59:57,20260628,Applied,Screen,2773
E003249,A00984,P0398,REQK0006,USERK0003,2026-06-28 09:16:40,20260628,,Applied,3249
E001785,A00548,P0081,REQK0008,USERK0004,2026-06-28 09:36:07,20260628,,Applied,1785
E003140,A00951,P0080,REQK0021,USERK0004,2026-06-28 09:45:44,20260628,Interview,Offer,3140
E000296,A00093,P0139,REQK0021,USERK0002,2026-06-28 11:41:19,20260628,Applied,Screen,296
E003477,A01056,P0351,REQK0026,USERK0004,2026-06-28 12:20:53,20260628,Applied,Screen,3477
E001753,A00538,P0474,REQK0025,USERK0003,2026-06-28 13:15:07,20260628,,Applied,1753
E004288,A01297,P0437,REQK0023,USERK0004,2026-06-28 13:17:11,20260628,,Applied,4288
E003732,A01132,P0156,REQK0011,USERK0001,2026-06-28 13:53:54,20260628,Applied,Screen,3732
E002777,A00842,P0253,REQK0023,USERK0003,2026-06-28 14:26:05,20260628,Applied,Rejected,2777
E002007,A00614,P0122,REQK0002,USERK0002,2026-06-28 14:29:57,20260628,Applied,Screen,2007
E004375,A01323,P0076,REQK0014,USERK0003,2026-06-28 14:39:35,20260628,Applied,Screen,4375
E000837,A00261,P0269,REQK0004,USERK0001,2026-06-28 14:53:53,20260628,,Applied,837
E004174,A01263,P0167,REQK0026,USERK0004,2026-06-28 15:36:14,20260628,,Applied,4174
E004503,A01366,P0141,REQK0015,USERK0003,2026-06-28 16:49:00,20260628,Screen,Interview,4503
E000424,A00132,P0057,REQK0002,USERK0004,2026-06-28 16:49:53,20260628,Applied,Screen,424
E004137,A01251,P0444,REQK0003,USERK0002,2026-06-28 17:03:05,20260628,,Applied,4137
E003214,A00974,P0032,REQK0001,USERK0002,2026-06-28 17:11:04,20260628,Applied,Screen,3214
E002832,A00858,P0228,REQK0018,USERK0004,2026-06-28 17:33:06,20260628,Screen,Interview,2832
E002593,A00788,P0060,REQK0004,USERK0002,2026-06-28 17:59:24,20260628,,Applied,2593
E000092,A00030,P0233,REQK0019,USERK0002,2026-06-28 19:21:09,20260628,Interview,Withdrawn,92
E003321,A01006,P0240,REQK0019,USERK0004,2026-06-28 20:36:32,20260628,,Applied,3321
E003356,A01016,P0414,REQK0016,USERK0001,2026-06-28 21:19:49,20260628,Applied,Screen,3356
E002747,A00832,P0320,REQK0013,USERK0001,2026-06-28 21:37:26,20260628,Offer,Rejected,2747
E000728,A00228,P0371,REQK0019,USERK0003,2026-06-28 22:42:10,20260628,Applied,Screen,728
E003016,A00915,P0523,REQK0005,USERK0003,2026-06-28 23:05:00,20260628,Screen,Rejected,3016
E001449,A00440,P0057,REQK0019,USERK0003,2026-06-29 02:34:41,20260629,Screen,Withdrawn,1449
E002155,A00658,P0114,REQK0008,USERK0004,2026-06-29 03:39:55,20260629,Applied,Screen,2155
E000409,A00127,P0155,REQK0001,USERK0002,2026-06-29 03:46:28,20260629,Applied,Rejected,409
E004021,A01216,P0388,REQK0019,USERK0001,2026-06-29 04:09:07,20260629,Interview,Offer,4021
E000142,A00047,P0149,REQK0017,USERK0004,2026-06-29 04:45:16,20260629,,Applied,142
E000768,A00240,P0440,REQK0019,USERK0004,2026-06-29 05:18:56,20260629,Screen,Interview,768
E000498,A00154,P0452,REQK0021,USERK0002,2026-06-29 05:56:35,20260629,Interview,Withdrawn,498
E004280,A01294,P0526,REQK0013,USERK0003,2026-06-29 06:47:21,20260629,,Applied,4280
E001961,A00601,P0103,REQK0020,USERK0004,2026-06-29 07:05:08,20260629,Interview,Rejected,1961
E002613,A00795,P0160,REQK0024,USERK0001,2026-06-29 07:34:35,20260629,Applied,Screen,2613
E003241,A00981,P0548,REQK0021,USERK0003,2026-06-29 08:32:01,20260629,Screen,Interview,3241
E003207,A00972,P0370,REQK0007,USERK0003,2026-06-29 08:34:10,20260629,Screen,Withdrawn,3207
E003329,A01008,P0036,REQK0008,USERK0002,2026-06-29 09:14:24,20260629,Interview,Offer,3329
E000118,A00039,P0143,REQK0015,USERK0003,2026-06-29 09:31:01,20260629,Screen,Interview,118
E002956,A00895,P0497,REQK0018,USERK0003,2026-06-29 10:56:59,20260629,Offer,Hired,2956
E002247,A00684,P0073,REQK0010,USERK0003,2026-06-29 11:13:24,20260629,,Applied,2247
E004116,A01244,P0414,REQK0019,USERK0003,2026-06-29 12:38:27,20260629,,Applied,4116
E000996,A00307,P0378,REQK0010,USERK0002,2026-06-29 13:14:56,20260629,Screen,Interview,996
E000413,A00129,P0065,REQK0006,USERK0002,2026-06-29 13:21:34,20260629,,Applied,413
E000034,A00013,P0257,REQK0024,USERK0003,2026-06-29 13:24:14,20260629,Applied,Withdrawn,34
E002875,A00872,P0143,REQK0001,USERK0004,2026-06-29 15:11:15,20260629,Screen,Interview,2875
E002003,A00613,P0240,REQK0023,USERK0002,2026-06-29 15:24:13,20260629,,Applied,2003
E002559,A00778,P0436,REQK0004,USERK0001,2026-06-29 16:56:31,20260629,Screen,Interview,2559
E001925,A00590,P0075,REQK0001,USERK0002,2026-06-29 17:15:44,20260629,Applied,Screen,1925
E002794,A00848,P0175,REQK0011,USERK0002,2026-06-29 18:51:19,20260629,,Applied,2794
E001538,A00469,P0070,REQK0007,USERK0002,2026-06-29 20:20:51,20260629,Applied,Rejected,1538
E003937,A01195,P0337,REQK0005,USERK0001,2026-06-29 20:43:38,20260629,Applied,Screen,3937
E003263,A00988,P0532,REQK0019,USERK0001,2026-06-29 22:09:25,20260629,Applied,Screen,3263
E002369,A00722,P0379,REQK0020,USERK0004,2026-06-29 22:27:05,20260629,Applied,Screen,2369
E002684,A00817,P0062,REQK0011,USERK0004,2026-06-29 22:31:34,20260629,,Applied,2684
E001637,A00502,P0186,REQK0024,USERK0001,2026-06-29 22:46:41,20260629,Applied,Screen,1637
E004164,A01259,P0321,REQK0026,USERK0001,2026-06-29 22:49:35,20260629,Offer,Rejected,4164
E004200,A01269,P0365,REQK0015,USERK0002,2026-06-29 22:57:42,20260629,Applied,Screen,4200
E000750,A00235,P0229,REQK0016,USERK0004,2026-06-29 23:06:47,20260629,Screen,Interview,750
E000569,A00177,P0063,REQK0007,USERK0004,2026-06-29 23:36:44,20260629,Screen,Interview,569
E002722,A00827,P0348,REQK0007,USERK0001,2026-06-29 23:45:35,20260629,,Applied,2722
E001325,A00405,P0459,REQK0020,USERK0003,2026-06-30 00:31:36,20260630,Offer,Hired,1325
E002594,A00788,P0060,REQK0004,USERK0002,2026-06-30 00:59:24,20260630,Applied,Rejected,2594
E004232,A01279,P0224,REQK0015,USERK0002,2026-06-30 01:40:05,20260630,Screen,Interview,4232
E002585,A00786,P0394,REQK0006,USERK0004,2026-06-30 02:49:20,20260630,,Applied,2585
E003001,A00910,P0500,REQK0020,USERK0001,2026-06-30 03:16:37,20260630,Screen,Interview,3001
E004005,A01213,P0374,REQK0001,USERK0002,2026-06-30 04:14:04,20260630,,Applied,4005
E000465,A00144,P0347,REQK0008,USERK0003,2026-06-30 05:17:51,20260630,Applied,Screen,465
E001566,A00480,P0496,REQK0016,USERK0004,2026-06-30 06:00:26,20260630,,Applied,1566
E001704,A00523,P0045,REQK0001,USERK0004,2026-06-30 06:08:20,20260630,Applied,Screen,1704
E001057,A00325,P0272,REQK0015,USERK0002,2026-06-30 06:28:16,20260630,Interview,Offer,1057
E004589,A01394,P0309,REQK0006,USERK0001,2026-06-30 07:10:54,20260630,Offer,Hired,4589
E001020,A00314,P0215,REQK0016,USERK0004,2026-06-30 08:03:15,20260630,Applied,Screen,1020
E001611,A00493,P0322,REQK0023,USERK0001,2026-06-30 08:04:14,20260630,Screen,Interview,1611
E001187,A00366,P0341,REQK0019,USERK0001,2026-06-30 08:37:13,20260630,,Applied,1187
E002225,A00677,P0370,REQK0023,USERK0004,2026-06-30 08:59:08,20260630,Offer,Withdrawn,2225
E002837,A00859,P0241,REQK0001,USERK0004,2026-06-30 09:28:47,20260630,Interview,Withdrawn,2837
E002936,A00890,P0500,REQK0020,USERK0003,2026-06-30 10:05:20,20260630,Applied,Screen,2936
E004254,A01285,P0385,REQK0022,USERK0002,2026-06-30 10:59:48,20260630,Applied,Screen,4254
E000172,A00056,P0032,REQK0015,USERK0004,2026-06-30 12:36:08,20260630,,Applied,172
E004385,A01327,P0450,REQK0025,USERK0003,2026-06-30 12:46:14,20260630,,Applied,4385
E002740,A00831,P0437,REQK0021,USERK0001,2026-06-30 13:29:52,20260630,Screen,Interview,2740
E003228,A00978,P0435,REQK0001,USERK0003,2026-06-30 14:26:11,20260630,,Applied,3228
E004010,A01214,P0332,REQK0003,USERK0003,2026-06-30 15:32:58,20260630,,Applied,4010
E000106,A00035,P0076,REQK0019,USERK0003,2026-06-30 16:04:03,20260630,Applied,Rejected,106
E002650,A00806,P0139,REQK0024,USERK0004,2026-06-30 16:18:30,20260630,Applied,Screen,2650
E003005,A00912,P0132,REQK0026,USERK0001,2026-06-30 16:24:42,20260630,,Applied,3005
E000183,A00059,P0088,REQK0007,USERK0001,2026-06-30 17:51:22,20260630,,Applied,183
E001679,A00515,P0361,REQK0013,USERK0001,2026-06-30 18:30:49,20260630,,Applied,1679
E001457,A00443,P0061,REQK0010,USERK0002,2026-06-30 22:44:52,20260630,,Applied,1457
E002377,A00724,P0213,REQK0008,USERK0002,2026-06-30 22:55:23,20260630,,Applied,2377
E001138,A00350,P0065,REQK0002,USERK0001,2026-06-30 23:07:21,20260630,Screen,Rejected,1138
E002379,A00725,P0327,REQK0021,USERK0002,2026-06-30 23:13:26,20260630,,Applied,2379
E001308,A00399,P0307,REQK0024,USERK0001,2026-06-30 23:15:20,20260630,Offer,Withdrawn,1308
E004507,A01368,P0276,REQK0023,USERK0002,2026-07-01 00:26:43,20260701,,Applied,4507
E004576,A01391,P0252,REQK0019,USERK0001,2026-07-01 00:40:40,20260701,Screen,Withdrawn,4576
E003242,A00981,P0548,REQK0021,USERK0002,2026-07-01 01:32:01,20260701,Interview,Rejected,3242
E003930,A01192,P0552,REQK0021,USERK0002,2026-07-01 03:48:46,20260701,Applied,Screen,3930
E001720,A00527,P0198,REQK0014,USERK0002,2026-07-01 05:55:54,20260701,Offer,Withdrawn,1720
E002920,A00885,P0300,REQK0018,USERK0001,2026-07-01 06:00:53,20260701,,Applied,2920
E001485,A00452,P0359,REQK0017,USERK0003,2026-07-01 06:05:12,20260701,Applied,Screen,1485
E001408,A00429,P0510,REQK0014,USERK0004,2026-07-01 07:38:26,20260701,,Applied,1408
E001401,A00427,P0497,REQK0004,USERK0003,2026-07-01 07:38:28,20260701,,Applied,1401
E003728,A01131,P0196,REQK0007,USERK0001,2026-07-01 08:13:29,20260701,Applied,Screen,3728
E003121,A00946,P0367,REQK0023,USERK0002,2026-07-01 08:30:33,20260701,Applied,Screen,3121
E001995,A00611,P0413,REQK0007,USERK0004,2026-07-01 08:47:27,20260701,Screen,Interview,1995
E001067,A00329,P0187,REQK0015,USERK0002,2026-07-01 09:48:00,20260701,,Applied,1067
E004441,A01346,P0451,REQK0019,USERK0003,2026-07-01 10:43:03,20260701,,Applied,4441
E000713,A00223,P0230,REQK0001,USERK0001,2026-07-01 10:47:01,20260701,Applied,Screen,713
E001333,A00408,P0361,REQK0007,USERK0001,2026-07-01 13:07:43,20260701,Interview,Offer,1333
E000246,A00076,P0211,REQK0025,USERK0003,2026-07-01 13:31:45,20260701,Screen,Rejected,246
E004201,A01269,P0365,REQK0015,USERK0002,2026-07-01 13:57:42,20260701,Screen,Withdrawn,4201
E004028,A01218,P0001,REQK0002,USERK0001,2026-07-01 14:17:07,20260701,Applied,Screen,4028
E004117,A01244,P0414,REQK0019,USERK0004,2026-07-01 15:38:27,20260701,Applied,Withdrawn,4117
E003821,A01159,P0162,REQK0008,USERK0002,2026-07-01 15:58:00,20260701,Interview,Offer,3821
E002759,A00837,P0023,REQK0020,USERK0003,2026-07-01 16:33:47,20260701,,Applied,2759
E003499,A01062,P0271,REQK0011,USERK0004,2026-07-01 17:22:10,20260701,Applied,Withdrawn,3499
E004746,A01441,P0421,REQK0001,USERK0003,2026-07-01 19:25:04,20260701,Screen,Withdrawn,4746
E003145,A00953,P0355,REQK0025,USERK0004,2026-07-01 19:30:48,20260701,Applied,Screen,3145
E001899,A00582,P0066,REQK0004,USERK0002,2026-07-01 22:37:53,20260701,,Applied,1899
E002404,A00731,P0149,REQK0008,USERK0004,2026-07-01 22:45:13,20260701,Applied,Withdrawn,2404
E000667,A00208,P0484,REQK0016,USERK0004,2026-07-01 22:49:27,20260701,Screen,Interview,667
E004494,A01363,P0527,REQK0021,USERK0001,2026-07-01 23:10:04,20260701,Applied,Screen,4494
E001065,A00328,P0549,REQK0026,USERK0002,2026-07-01 23:27:34,20260701,Applied,Screen,1065
E003453,A01046,P0381,REQK0005,USERK0004,2026-07-02 00:08:14,20260702,Applied,Withdrawn,3453
E003264,A00988,P0532,REQK0019,USERK0001,2026-07-02 01:09:25,20260702,Screen,Interview,3264
E004608,A01401,P0241,REQK0023,USERK0004,2026-07-02 01:31:57,20260702,Screen,Withdrawn,4608
E004260,A01287,P0143,REQK0001,USERK0003,2026-07-02 01:35:08,20260702,,Applied,4260
E002827,A00857,P0508,REQK0026,USERK0003,2026-07-02 01:56:22,20260702,Applied,Screen,2827
E002803,A00850,P0120,REQK0017,USERK0001,2026-07-02 02:16:17,20260702,Screen,Rejected,2803
E003049,A00925,P0133,REQK0019,USERK0004,2026-07-02 02:38:36,20260702,Screen,Interview,3049
E000176,A00057,P0158,REQK0018,USERK0002,2026-07-02 02:46:26,20260702,,Applied,176
E003765,A01142,P0390,REQK0004,USERK0001,2026-07-02 03:52:02,20260702,,Applied,3765
E002408,A00733,P0023,REQK0007,USERK0004,2026-07-02 05:20:36,20260702,Applied,Rejected,2408
E002362,A00720,P0316,REQK0009,USERK0004,2026-07-02 06:06:32,20260702,Screen,Interview,2362
E004205,A01270,P0359,REQK0019,USERK0001,2026-07-02 06:10:53,20260702,Interview,Offer,4205
E004250,A01284,P0356,REQK0006,USERK0003,2026-07-02 06:21:20,20260702,Applied,Screen,4250
E000726,A00227,P0057,REQK0009,USERK0001,2026-07-02 06:59:12,20260702,Interview,Withdrawn,726
E003961,A01201,P0348,REQK0021,USERK0004,2026-07-02 07:03:30,20260702,Interview,Offer,3961
E001798,A00552,P0319,REQK0024,USERK0004,2026-07-02 07:29:18,20260702,Screen,Interview,1798
E001654,A00507,P0223,REQK0024,USERK0001,2026-07-02 07:30:39,20260702,Applied,Screen,1654
E004006,A01213,P0374,REQK0001,USERK0004,2026-07-02 08:14:04,20260702,Applied,Screen,4006
E004669,A01419,P0148,REQK0001,USERK0002,2026-07-02 09:51:40,20260702,Screen,Withdrawn,4669
E004103,A01240,P0509,REQK0014,USERK0003,2026-07-02 10:12:43,20260702,Applied,Screen,4103
E004022,A01216,P0388,REQK0019,USERK0004,2026-07-02 11:09:07,20260702,Offer,Withdrawn,4022
E003990,A01209,P0148,REQK0013,USERK0004,2026-07-02 11:16:57,20260702,Applied,Screen,3990
E001682,A00516,P0149,REQK0006,USERK0003,2026-07-02 11:23:29,20260702,,Applied,1682
E003022,A00917,P0019,REQK0021,USERK0002,2026-07-02 11:48:57,20260702,Screen,Interview,3022
E004450,A01349,P0507,REQK0008,USERK0001,2026-07-02 12:15:56,20260702,Screen,Interview,4450
E001802,A00553,P0053,REQK0009,USERK0003,2026-07-02 12:54:59,20260702,Screen,Interview,1802
E004445,A01348,P0277,REQK0024,USERK0001,2026-07-02 13:07:14,20260702,,Applied,4445
E001713,A00525,P0167,REQK0025,USERK0002,2026-07-02 13:52:38,20260702,Offer,Hired,1713
E003369,A01019,P0271,REQK0026,USERK0002,2026-07-02 14:04:54,20260702,Interview,Offer,3369
E000685,A00214,P0356,REQK0001,USERK0003,2026-07-02 14:16:27,20260702,,Applied,685
E004376,A01323,P0076,REQK0014,USERK0004,2026-07-02 14:39:35,20260702,Screen,Withdrawn,4376
E003002,A00910,P0500,REQK0020,USERK0001,2026-07-02 15:16:37,20260702,Interview,Rejected,3002
E003675,A01114,P0002,REQK0004,USERK0002,2026-07-02 15:24:06,20260702,,Applied,3675
E001173,A00361,P0364,REQK0026,USERK0001,2026-07-02 16:05:52,20260702,,Applied,1173
E002799,A00849,P0226,REQK0024,USERK0004,2026-07-02 16:24:21,20260702,Screen,Interview,2799
E002614,A00795,P0160,REQK0024,USERK0004,2026-07-02 16:34:35,20260702,Screen,Withdrawn,2614
E000824,A00256,P0243,REQK0022,USERK0004,2026-07-02 17:02:59,20260702,Applied,Withdrawn,824
E001021,A00314,P0215,REQK0016,USERK0004,2026-07-02 18:03:15,20260702,Screen,Interview,1021
E001270,A00389,P0437,REQK0012,USERK0003,2026-07-02 19:36:45,20260702,Screen,Interview,1270
E000574,A00179,P0226,REQK0008,USERK0003,2026-07-02 20:23:03,20260702,,Applied,574
E002647,A00805,P0050,REQK0006,USERK0004,2026-07-02 21:11:18,20260702,,Applied,2647
E001097,A00338,P0130,REQK0006,USERK0004,2026-07-02 21:15:03,20260702,,Applied,1097
E003783,A01148,P0188,REQK0005,USERK0002,2026-07-02 21:23:50,20260702,Applied,Withdrawn,3783
E004679,A01423,P0401,REQK0021,USERK0001,2026-07-02 21:34:39,20260702,Applied,Withdrawn,4679
E002101,A00641,P0421,REQK0007,USERK0003,2026-07-02 21:36:04,20260702,Screen,Interview,2101
E002964,A00898,P0191,REQK0008,USERK0001,2026-07-02 21:47:33,20260702,,Applied,2964
E003087,A00935,P0428,REQK0010,USERK0003,2026-07-02 23:35:44,20260702,Interview,Offer,3087
E003726,A01130,P0160,REQK0005,USERK0003,2026-07-03 00:25:34,20260703,Applied,Withdrawn,3726
E004191,A01266,P0210,REQK0003,USERK0001,2026-07-03 01:42:17,20260703,Offer,Hired,4191
E002202,A00671,P0073,REQK0016,USERK0002,2026-07-03 01:45:15,20260703,,Applied,2202
E003256,A00986,P0519,REQK0011,USERK0001,2026-07-03 01:49:28,20260703,,Applied,3256
E004595,A01396,P0408,REQK0017,USERK0001,2026-07-03 02:09:51,20260703,,Applied,4595
E002301,A00703,P0444,REQK0002,USERK0001,2026-07-03 02:31:33,20260703,,Applied,2301
E002977,A00902,P0375,REQK0016,USERK0003,2026-07-03 02:43:18,20260703,,Applied,2977
E000078,A00026,P0496,REQK0009,USERK0004,2026-07-03 02:49:44,20260703,Interview,Offer,78
E002047,A00625,P0054,REQK0026,USERK0002,2026-07-03 02:53:18,20260703,Offer,Hired,2047
E001465,A00446,P0310,REQK0004,USERK0002,2026-07-03 02:57:48,20260703,Applied,Screen,1465
E001561,A00477,P0427,REQK0021,USERK0002,2026-07-03 04:08:29,20260703,Applied,Withdrawn,1561
E004370,A01322,P0405,REQK0018,USERK0002,2026-07-03 04:12:37,20260703,,Applied,4370
E004654,A01414,P0241,REQK0021,USERK0001,2026-07-03 04:58:05,20260703,Applied,Withdrawn,4654
E000951,A00293,P0026,REQK0004,USERK0003,2026-07-03 05:03:34,20260703,Screen,Interview,951
E004016,A01215,P0242,REQK0001,USERK0002,2026-07-03 06:32:24,20260703,Interview,Offer,4016
E000929,A00286,P0459,REQK0025,USERK0003,2026-07-03 06:49:20,20260703,Screen,Withdrawn,929
E002190,A00667,P0086,REQK0020,USERK0001,2026-07-03 06:51:30,20260703,,Applied,2190
E003834,A01164,P0367,REQK0001,USERK0003,2026-07-03 08:40:44,20260703,,Applied,3834
E000370,A00115,P0134,REQK0015,USERK0004,2026-07-03 10:01:04,20260703,Screen,Interview,370
E000466,A00144,P0347,REQK0008,USERK0004,2026-07-03 10:17:51,20260703,Screen,Interview,466
E002940,A00892,P0222,REQK0020,USERK0003,2026-07-03 11:29:35,20260703,,Applied,2940
E000149,A00049,P0275,REQK0003,USERK0001,2026-07-03 11:35:05,20260703,Screen,Interview,149
E001964,A00602,P0351,REQK0003,USERK0004,2026-07-03 15:05:22,20260703,Screen,Interview,1964
E001782,A00547,P0344,REQK0008,USERK0002,2026-07-03 15:05:28,20260703,Applied,Screen,1782
E002370,A00722,P0379,REQK0020,USERK0004,2026-07-03 16:27:05,20260703,Screen,Interview,2370
E001793,A00550,P0112,REQK0005,USERK0004,2026-07-03 16:28:31,20260703,Applied,Withdrawn,1793
E000489,A00151,P0424,REQK0011,USERK0002,2026-07-03 17:39:05,20260703,Screen,Interview,489
E003384,A01024,P0162,REQK0005,USERK0002,2026-07-03 18:02:24,20260703,Applied,Screen,3384
E002308,A00704,P0356,REQK0022,USERK0003,2026-07-03 18:12:18,20260703,Offer,Hired,2308
E000514,A00159,P0352,REQK0006,USERK0001,2026-07-03 20:41:45,20260703,Interview,Offer,514
E004424,A01340,P0226,REQK0004,USERK0003,2026-07-03 23:02:52,20260703,,Applied,4424
E003644,A01104,P0169,REQK0004,USERK0004,2026-07-04 00:01:25,20260704,Offer,Hired,3644
E003776,A01145,P0023,REQK0016,USERK0004,2026-07-04 00:20:13,20260704,Offer,Rejected,3776
E000432,A00134,P0270,REQK0007,USERK0001,2026-07-04 01:37:50,20260704,Applied,Rejected,432
E003136,A00950,P0261,REQK0018,USERK0004,2026-07-04 06:06:47,20260704,Applied,Withdrawn,3136
E003265,A00988,P0532,REQK0019,USERK0002,2026-07-04 06:09:25,20260704,Interview,Offer,3265
E000448,A00139,P0116,REQK0022,USERK0001,2026-07-04 06:49:08,20260704,Applied,Screen,448
E000143,A00047,P0149,REQK0017,USERK0004,2026-07-04 07:45:16,20260704,Applied,Withdrawn,143
E002595,A00789,P0264,REQK0004,USERK0004,2026-07-04 08:33:30,20260704,,Applied,2595
E002691,A00819,P0402,REQK0008,USERK0002,2026-07-04 09:09:28,20260704,,Applied,2691
E000253,A00078,P0031,REQK0009,USERK0001,2026-07-04 10:57:56,20260704,Offer,Hired,253
E003050,A00925,P0133,REQK0019,USERK0002,2026-07-04 11:38:36,20260704,Interview,Rejected,3050
E004287,A01296,P0060,REQK0004,USERK0004,2026-07-04 11:38:37,20260704,Interview,Offer,4287
E002340,A00714,P0257,REQK0013,USERK0004,2026-07-04 12:00:48,20260704,Applied,Rejected,2340
E003025,A00918,P0396,REQK0001,USERK0003,2026-07-04 13:28:46,20260704,Applied,Withdrawn,3025
E004245,A01282,P0127,REQK0001,USERK0001,2026-07-04 15:01:46,20260704,Applied,Screen,4245
E000874,A00271,P0263,REQK0022,USERK0001,2026-07-04 15:34:39,20260704,,Applied,874
E003442,A01043,P0062,REQK0013,USERK0002,2026-07-04 15:49:34,20260704,Offer,Hired,3442
E002030,A00620,P0444,REQK0023,USERK0004,2026-07-04 15:55:01,20260704,,Applied,2030
E003729,A01131,P0196,REQK0007,USERK0004,2026-07-04 16:13:29,20260704,Screen,Interview,3729
E003151,A00954,P0160,REQK0025,USERK0003,2026-07-04 16:38:24,20260704,Offer,Hired,3151
E003967,A01203,P0338,REQK0003,USERK0002,2026-07-04 17:04:31,20260704,Applied,Screen,3967
E004345,A01314,P0130,REQK0009,USERK0003,2026-07-04 17:52:05,20260704,,Applied,4345
E000082,A00028,P0526,REQK0011,USERK0003,2026-07-04 17:53:01,20260704,,Applied,82
E004076,A01232,P0430,REQK0023,USERK0004,2026-07-04 18:50:56,20260704,Screen,Interview,4076
E000765,A00239,P0390,REQK0001,USERK0003,2026-07-04 19:04:51,20260704,Offer,Hired,765
E002840,A00860,P0310,REQK0021,USERK0002,2026-07-04 19:49:52,20260704,Screen,Withdrawn,2840
E003122,A00946,P0367,REQK0023,USERK0003,2026-07-04 21:30:33,20260704,Screen,Rejected,3122
E000274,A00085,P0452,REQK0019,USERK0001,2026-07-04 21:53:27,20260704,Applied,Screen,274
E004418,A01338,P0265,REQK0024,USERK0001,2026-07-04 22:31:36,20260704,,Applied,4418
E002523,A00767,P0445,REQK0008,USERK0004,2026-07-04 23:02:11,20260704,,Applied,2523
E002065,A00632,P0092,REQK0019,USERK0002,2026-07-04 23:34:01,20260704,,Applied,2065
E004472,A01356,P0199,REQK0021,USERK0004,2026-07-04 23:35:17,20260704,Interview,Offer,4472
E001969,A00603,P0302,REQK0018,USERK0003,2026-07-05 00:12:02,20260705,Interview,Withdrawn,1969
E003733,A01132,P0156,REQK0011,USERK0004,2026-07-05 00:53:54,20260705,Screen,Withdrawn,3733
E002265,A00689,P0370,REQK0001,USERK0003,2026-07-05 01:25:47,20260705,Applied,Screen,2265
E002498,A00759,P0540,REQK0020,USERK0001,2026-07-05 02:20:20,20260705,Screen,Interview,2498
E002774,A00841,P0238,REQK0026,USERK0003,2026-07-05 02:59:57,20260705,Screen,Interview,2774
E001075,A00331,P0003,REQK0024,USERK0002,2026-07-05 03:18:13,20260705,Applied,Screen,1075
E000177,A00057,P0158,REQK0018,USERK0002,2026-07-05 04:46:26,20260705,Applied,Screen,177
E004453,A01350,P0226,REQK0001,USERK0003,2026-07-05 05:39:27,20260705,Applied,Withdrawn,4453
E002248,A00684,P0073,REQK0010,USERK0002,2026-07-05 06:13:24,20260705,Applied,Screen,2248
E002537,A00771,P0246,REQK0019,USERK0001,2026-07-05 06:40:11,20260705,Screen,Rejected,2537
E004085,A01234,P0424,REQK0007,USERK0003,2026-07-05 07:09:10,20260705,Screen,Interview,4085
E003077,A00933,P0161,REQK0001,USERK0001,2026-07-05 07:34:26,20260705,Screen,Interview,3077
E000731,A00229,P0074,REQK0021,USERK0001,2026-07-05 07:48:55,20260705,,Applied,731
E003257,A00986,P0519,REQK0011,USERK0003,2026-07-05 08:49:28,20260705,Applied,Screen,3257
E003597,A01091,P0216,REQK0025,USERK0002,2026-07-05 09:16:39,20260705,Screen,Withdrawn,3597
E003457,A01048,P0462,REQK0010,USERK0003,2026-07-05 14:14:43,20260705,Applied,Rejected,3457
E001274,A00390,P0389,REQK0003,USERK0001,2026-07-05 15:51:04,20260705,Screen,Interview,1274
E003611,A01096,P0088,REQK0001,USERK0001,2026-07-05 16:27:12,20260705,,Applied,3611
E003364,A01018,P0350,REQK0019,USERK0002,2026-07-05 16:35:36,20260705,Interview,Offer,3364
E002197,A00669,P0138,REQK0008,USERK0002,2026-07-05 17:08:59,20260705,,Applied,2197
E003676,A01114,P0002,REQK0004,USERK0002,2026-07-05 18:24:06,20260705,Applied,Rejected,3676
E004540,A01380,P0413,REQK0002,USERK0002,2026-07-05 19:30:10,20260705,Screen,Interview,4540
E002034,A00622,P0101,REQK0023,USERK0001,2026-07-05 20:16:22,20260705,,Applied,2034
E001093,A00336,P0077,REQK0004,USERK0003,2026-07-05 21:36:58,20260705,,Applied,1093
E001028,A00316,P0376,REQK0006,USERK0002,2026-07-05 23:28:03,20260705,Applied,Withdrawn,1028
E001350,A00412,P0524,REQK0014,USERK0003,2026-07-05 23:57:27,20260705,Applied,Screen,1350
E002217,A00675,P0033,REQK0019,USERK0001,2026-07-06 00:01:41,20260706,Screen,Interview,2217
E001502,A00458,P0054,REQK0024,USERK0004,2026-07-06 00:24:39,20260706,Applied,Screen,1502
E001957,A00600,P0389,REQK0004,USERK0004,2026-07-06 00:26:42,20260706,Applied,Rejected,1957
E000297,A00093,P0139,REQK0021,USERK0001,2026-07-06 01:41:19,20260706,Screen,Withdrawn,297
E001900,A00582,P0066,REQK0004,USERK0002,2026-07-06 02:37:53,20260706,Applied,Rejected,1900
E000311,A00097,P0527,REQK0004,USERK0001,2026-07-06 03:13:44,20260706,Screen,Withdrawn,311
E004419,A01338,P0265,REQK0024,USERK0001,2026-07-06 03:31:36,20260706,Applied,Rejected,4419
E003743,A01135,P0361,REQK0008,USERK0003,2026-07-06 04:00:30,20260706,Screen,Interview,3743
E003032,A00920,P0479,REQK0005,USERK0004,2026-07-06 04:40:12,20260706,Interview,Offer,3032
E003458,A01049,P0265,REQK0021,USERK0003,2026-07-06 04:54:17,20260706,,Applied,3458
E004755,A01445,P0425,REQK0004,USERK0002,2026-07-06 04:54:21,20260706,Applied,Withdrawn,4755
E002078,A00635,P0296,REQK0014,USERK0002,2026-07-06 06:57:34,20260706,Interview,Offer,2078
E004224,A01277,P0339,REQK0017,USERK0004,2026-07-06 08:33:46,20260706,,Applied,4224
E001837,A00563,P0059,REQK0023,USERK0002,2026-07-06 08:54:52,20260706,,Applied,1837
E002651,A00806,P0139,REQK0024,USERK0004,2026-07-06 10:18:30,20260706,Screen,Interview,2651
E001965,A00602,P0351,REQK0003,USERK0001,2026-07-06 11:05:22,20260706,Interview,Withdrawn,1965
E001771,A00543,P0207,REQK0007,USERK0004,2026-07-06 11:12:30,20260706,,Applied,1771
E003539,A01075,P0374,REQK0003,USERK0001,2026-07-06 12:36:47,20260706,Screen,Interview,3539
E003705,A01123,P0156,REQK0024,USERK0001,2026-07-06 13:14:41,20260706,Screen,Interview,3705
E004636,A01408,P0146,REQK0024,USERK0003,2026-07-06 13:26:50,20260706,Applied,Screen,4636
E001617,A00495,P0019,REQK0005,USERK0003,2026-07-06 14:17:58,20260706,Applied,Withdrawn,1617
E001602,A00490,P0197,REQK0024,USERK0004,2026-07-06 14:19:33,20260706,,Applied,1602
E000601,A00187,P0136,REQK0012,USERK0001,2026-07-06 14:38:26,20260706,Offer,Hired,601
E002412,A00734,P0398,REQK0019,USERK0001,2026-07-06 15:34:08,20260706,Interview,Offer,2412
E004446,A01348,P0277,REQK0024,USERK0003,2026-07-06 16:07:14,20260706,Applied,Screen,4446
E002499,A00759,P0540,REQK0020,USERK0004,2026-07-06 17:20:20,20260706,Interview,Withdrawn,2499
E001555,A00475,P0170,REQK0010,USERK0003,2026-07-06 18:18:02,20260706,Screen,Interview,1555
E002685,A00817,P0062,REQK0011,USERK0001,2026-07-06 18:31:34,20260706,Applied,Screen,2685
E002987,A00906,P0276,REQK0019,USERK0001,2026-07-06 19:14:21,20260706,,Applied,2987
E000362,A00113,P0351,REQK0024,USERK0001,2026-07-06 19:25:21,20260706,Interview,Offer,362
E000606,A00189,P0296,REQK0003,USERK0002,2026-07-06 21:36:31,20260706,Screen,Interview,606
E003202,A00971,P0334,REQK0010,USERK0002,2026-07-06 22:01:50,20260706,Screen,Interview,3202
E000500,A00155,P0107,REQK0020,USERK0002,2026-07-06 23:02:09,20260706,Applied,Rejected,500
E004425,A01340,P0226,REQK0004,USERK0002,2026-07-06 23:02:52,20260706,Applied,Rejected,4425
E002573,A00782,P0328,REQK0019,USERK0004,2026-07-06 23:41:30,20260706,,Applied,2573
E002560,A00778,P0436,REQK0004,USERK0003,2026-07-07 00:56:31,20260707,Interview,Rejected,2560
E001087,A00334,P0378,REQK0006,USERK0001,2026-07-07 02:39:38,20260707,Offer,Hired,1087
E002052,A00627,P0317,REQK0017,USERK0003,2026-07-07 04:21:41,20260707,Screen,Interview,2052
E004386,A01327,P0450,REQK0025,USERK0001,2026-07-07 04:46:14,20260707,Applied,Rejected,4386
E000079,A00026,P0496,REQK0009,USERK0004,2026-07-07 04:49:44,20260707,Offer,Rejected,79
E004099,A01239,P0236,REQK0021,USERK0003,2026-07-07 05:56:22,20260707,,Applied,4099
E000891,A00275,P0438,REQK0008,USERK0001,2026-07-07 06:27:42,20260707,Interview,Rejected,891
E003017,A00916,P0375,REQK0019,USERK0002,2026-07-07 09:52:56,20260707,,Applied,3017
E001567,A00480,P0496,REQK0016,USERK0004,2026-07-07 11:00:26,20260707,Applied,Withdrawn,1567
E002115,A00646,P0509,REQK0019,USERK0002,2026-07-07 11:03:23,20260707,,Applied,2115
E002390,A00727,P0239,REQK0018,USERK0004,2026-07-07 11:24:13,20260707,Offer,Hired,2390
E002610,A00794,P0103,REQK0024,USERK0001,2026-07-07 13:04:01,20260707,Applied,Screen,2610
E001052,A00324,P0047,REQK0019,USERK0001,2026-07-07 15:13:53,20260707,,Applied,1052
E003762,A01141,P0078,REQK0022,USERK0003,2026-07-07 15:14:30,20260707,,Applied,3762
E000686,A00214,P0356,REQK0001,USERK0001,2026-07-07 15:16:27,20260707,Applied,Screen,686
E003118,A00945,P0521,REQK0019,USERK0003,2026-07-07 17:02:53,20260707,Screen,Interview,3118
E000747,A00234,P0032,REQK0005,USERK0002,2026-07-07 18:55:39,20260707,Offer,Hired,747
E004258,A01286,P0307,REQK0005,USERK0004,2026-07-07 19:08:23,20260707,,Applied,4258
E002031,A00620,P0444,REQK0023,USERK0002,2026-07-07 19:55:01,20260707,Applied,Withdrawn,2031
E000067,A00023,P0308,REQK0015,USERK0004,2026-07-07 20:51:10,20260707,,Applied,67
E001951,A00597,P0039,REQK0021,USERK0004,2026-07-07 21:14:29,20260707,Screen,Withdrawn,1951
E001488,A00453,P0293,REQK0024,USERK0002,2026-07-07 21:53:43,20260707,,Applied,1488
E002429,A00740,P0550,REQK0001,USERK0001,2026-07-07 22:50:38,20260707,,Applied,2429
E003146,A00953,P0355,REQK0025,USERK0001,2026-07-07 23:30:48,20260707,Screen,Withdrawn,3146
E001458,A00443,P0061,REQK0010,USERK0001,2026-07-07 23:44:52,20260707,Applied,Rejected,1458
E002363,A00720,P0316,REQK0009,USERK0003,2026-07-08 00:06:32,20260708,Interview,Offer,2363
E000997,A00307,P0378,REQK0010,USERK0002,2026-07-08 00:14:56,20260708,Interview,Offer,997
E004011,A01214,P0332,REQK0003,USERK0002,2026-07-08 00:32:58,20260708,Applied,Screen,4011
E003108,A00942,P0491,REQK0010,USERK0004,2026-07-08 00:35:14,20260708,,Applied,3108
E001275,A00390,P0389,REQK0003,USERK0004,2026-07-08 01:51:04,20260708,Interview,Offer,1275
E003962,A01201,P0348,REQK0021,USERK0001,2026-07-08 03:03:30,20260708,Offer,Rejected,3962
E003573,A01085,P0150,REQK0008,USERK0001,2026-07-08 03:39:42,20260708,Interview,Withdrawn,3573
E003215,A00974,P0032,REQK0001,USERK0002,2026-07-08 04:11:04,20260708,Screen,Interview,3215
E003770,A01144,P0412,REQK0004,USERK0002,2026-07-08 04:59:11,20260708,Applied,Screen,3770
E003902,A01183,P0405,REQK0011,USERK0003,2026-07-08 05:21:05,20260708,Applied,Rejected,3902
E001503,A00458,P0054,REQK0024,USERK0002,2026-07-08 05:24:39,20260708,Screen,Interview,1503
E003054,A00927,P0184,REQK0008,USERK0004,2026-07-08 05:38:09,20260708,Applied,Screen,3054
E003720,A01128,P0327,REQK0021,USERK0002,2026-07-08 06:16:48,20260708,Screen,Interview,3720
E001382,A00422,P0076,REQK0001,USERK0003,2026-07-08 08:21:25,20260708,Applied,Screen,1382
E003878,A01176,P0552,REQK0010,USERK0001,2026-07-08 08:34:35,20260708,Offer,Hired,3878
E002524,A00767,P0445,REQK0008,USERK0003,2026-07-08 09:02:11,20260708,Applied,Withdrawn,2524
E003963,A01202,P0214,REQK0015,USERK0002,2026-07-08 09:14:08,20260708,,Applied,3963
E001098,A00338,P0130,REQK0006,USERK0001,2026-07-08 09:15:03,20260708,Applied,Screen,1098
E004261,A01287,P0143,REQK0001,USERK0003,2026-07-08 09:35:08,20260708,Applied,Rejected,4261
E000321,A00101,P0013,REQK0026,USERK0002,2026-07-08 09:40:18,20260708,Applied,Screen,321
E004474,A01357,P0072,REQK0026,USERK0001,2026-07-08 09:50:38,20260708,Applied,Screen,4474
E003621,A01099,P0062,REQK0001,USERK0003,2026-07-08 10:41:17,20260708,,Applied,3621
E001266,A00388,P0362,REQK0026,USERK0002,2026-07-08 11:06:37,20260708,Applied,Screen,1266
E000751,A00235,P0229,REQK0016,USERK0003,2026-07-08 12:06:47,20260708,Interview,Withdrawn,751
E004432,A01342,P0483,REQK0002,USERK0004,2026-07-08 13:04:32,20260708,Offer,Hired,4432
E002479,A00754,P0305,REQK0016,USERK0003,2026-07-08 13:06:50,20260708,Applied,Screen,2479
E002227,A00678,P0207,REQK0001,USERK0003,2026-07-08 14:06:14,20260708,Applied,Screen,2227
E000173,A00056,P0032,REQK0015,USERK0001,2026-07-08 14:36:08,20260708,Applied,Screen,173
E000196,A00063,P0381,REQK0008,USERK0004,2026-07-08 14:53:04,20260708,,Applied,196
E004225,A01277,P0339,REQK0017,USERK0002,2026-07-08 15:33:46,20260708,Applied,Screen,4225
E001940,A00594,P0395,REQK0019,USERK0004,2026-07-08 16:00:00,20260708,Applied,Screen,1940
E003068,A00931,P0041,REQK0019,USERK0004,2026-07-08 16:06:21,20260708,Screen,Interview,3068
E000719,A00225,P0270,REQK0004,USERK0004,2026-07-08 17:10:07,20260708,,Applied,719
E002243,A00682,P0299,REQK0010,USERK0003,2026-07-08 17:14:09,20260708,Interview,Offer,2243
E000003,A00002,P0327,REQK0020,USERK0003,2026-07-08 17:59:52,20260708,,Applied,3
E002004,A00613,P0240,REQK0023,USERK0002,2026-07-08 18:24:13,20260708,Applied,Screen,2004
E003064,A00930,P0270,REQK0001,USERK0001,2026-07-08 18:40:59,20260708,Applied,Screen,3064
E004138,A01251,P0444,REQK0003,USERK0003,2026-07-08 19:03:05,20260708,Applied,Screen,4138
E003548,A01078,P0034,REQK0024,USERK0004,2026-07-08 19:32:36,20260708,Applied,Screen,3548
E002846,A00863,P0041,REQK0024,USERK0003,2026-07-08 20:14:07,20260708,,Applied,2846
E004505,A01367,P0049,REQK0024,USERK0004,2026-07-08 20:59:34,20260708,,Applied,4505
E000769,A00240,P0440,REQK0019,USERK0003,2026-07-08 21:18:56,20260708,Interview,Withdrawn,769
E000729,A00228,P0371,REQK0019,USERK0002,2026-07-08 22:42:10,20260708,Screen,Interview,729
E003052,A00926,P0071,REQK0014,USERK0001,2026-07-08 23:16:10,20260708,Applied,Withdrawn,3052
E002198,A00669,P0138,REQK0008,USERK0002,2026-07-09 00:08:59,20260709,Applied,Screen,2198
E003780,A01147,P0035,REQK0005,USERK0002,2026-07-09 00:25:38,20260709,,Applied,3780
E003991,A01209,P0148,REQK0013,USERK0004,2026-07-09 01:16:57,20260709,Screen,Interview,3991
E004686,A01425,P0007,REQK0004,USERK0003,2026-07-09 02:24:00,20260709,Screen,Interview,4686
E000040,A00015,P0481,REQK0019,USERK0004,2026-07-09 03:18:16,20260709,Applied,Screen,40
E000104,A00034,P0398,REQK0001,USERK0004,2026-07-09 03:21:06,20260709,Offer,Hired,104
E000151,A00050,P0272,REQK0016,USERK0003,2026-07-09 03:58:51,20260709,,Applied,151
E003036,A00921,P0215,REQK0015,USERK0001,2026-07-09 05:00:45,20260709,Screen,Withdrawn,3036
E001100,A00339,P0363,REQK0023,USERK0003,2026-07-09 07:33:49,20260709,,Applied,1100
E003359,A01017,P0073,REQK0023,USERK0003,2026-07-09 07:50:51,20260709,,Applied,3359
E004414,A01336,P0156,REQK0023,USERK0001,2026-07-09 08:29:42,20260709,Interview,Offer,4414
E001600,A00489,P0027,REQK0019,USERK0002,2026-07-09 09:03:07,20260709,Interview,Offer,1600
E004504,A01366,P0141,REQK0015,USERK0001,2026-07-09 09:49:00,20260709,Interview,Withdrawn,4504
E000694,A00217,P0337,REQK0003,USERK0002,2026-07-09 10:24:02,20260709,,Applied,694
E004051,A01223,P0479,REQK0022,USERK0002,2026-07-09 11:38:37,20260709,Offer,Withdrawn,4051
E000439,A00137,P0482,REQK0012,USERK0003,2026-07-09 13:13:12,20260709,,Applied,439
E002946,A00893,P0091,REQK0013,USERK0002,2026-07-09 14:33:29,20260709,Offer,Hired,2946
E001772,A00543,P0207,REQK0007,USERK0002,2026-07-09 15:12:30,20260709,Applied,Rejected,1772
E004007,A01213,P0374,REQK0001,USERK0002,2026-07-09 15:14:04,20260709,Screen,Interview,4007
E004228,A01278,P0293,REQK0019,USERK0003,2026-07-09 15:59:13,20260709,,Applied,4228
E000283,A00088,P0559,REQK0018,USERK0002,2026-07-09 16:50:53,20260709,Interview,Offer,283
E003107,A00941,P0530,REQK0001,USERK0004,2026-07-09 17:39:00,20260709,Interview,Offer,3107
E001705,A00523,P0045,REQK0001,USERK0002,2026-07-09 19:08:20,20260709,Screen,Interview,1705
E001318,A00404,P0376,REQK0001,USERK0003,2026-07-09 20:24:13,20260709,,Applied,1318
E002008,A00614,P0122,REQK0002,USERK0001,2026-07-09 22:29:57,20260709,Screen,Interview,2008
E003023,A00917,P0019,REQK0021,USERK0004,2026-07-09 23:48:57,20260709,Interview,Offer,3023
E002670,A00812,P0449,REQK0004,USERK0001,2026-07-10 00:51:55,20260710,,Applied,2670
E002005,A00613,P0240,REQK0023,USERK0001,2026-07-10 01:24:13,20260710,Screen,Rejected,2005
E004734,A01438,P0313,REQK0019,USERK0001,2026-07-10 02:50:35,20260710,,Applied,4734
E000184,A00059,P0088,REQK0007,USERK0004,2026-07-10 02:51:22,20260710,Applied,Rejected,184
E001838,A00563,P0059,REQK0023,USERK0001,2026-07-10 02:54:52,20260710,Applied,Screen,1838
E003698,A01121,P0270,REQK0019,USERK0004,2026-07-10 02:59:43,20260710,Screen,Interview,3698
E003542,A01076,P0122,REQK0007,USERK0003,2026-07-10 04:26:48,20260710,Applied,Screen,3542
E001188,A00366,P0341,REQK0019,USERK0003,2026-07-10 04:37:13,20260710,Applied,Screen,1188
E000900,A00278,P0267,REQK0004,USERK0004,2026-07-10 05:09:13,20260710,Applied,Rejected,900
E003250,A00984,P0398,REQK0006,USERK0003,2026-07-10 05:16:40,20260710,Applied,Rejected,3250
E000301,A00094,P0434,REQK0006,USERK0002,2026-07-10 06:25:08,20260710,Interview,Offer,301
E003730,A01131,P0196,REQK0007,USERK0002,2026-07-10 08:13:29,20260710,Interview,Offer,3730
E002841,A00861,P0157,REQK0003,USERK0004,2026-07-10 08:15:01,20260710,,Applied,2841
E002766,A00838,P0213,REQK0024,USERK0004,2026-07-10 08:39:32,20260710,Offer,Hired,2766
E003968,A01203,P0338,REQK0003,USERK0003,2026-07-10 09:04:31,20260710,Screen,Interview,3968
E003637,A01103,P0089,REQK0019,USERK0002,2026-07-10 09:21:16,20260710,Screen,Interview,3637
E003549,A01078,P0034,REQK0024,USERK0001,2026-07-10 09:32:36,20260710,Screen,Rejected,3549
E003033,A00920,P0479,REQK0005,USERK0004,2026-07-10 09:40:12,20260710,Offer,Withdrawn,3033
E002053,A00627,P0317,REQK0017,USERK0003,2026-07-10 10:21:41,20260710,Interview,Offer,2053
E002768,A00839,P0308,REQK0004,USERK0001,2026-07-10 11:47:47,20260710,Applied,Screen,2768
E001486,A00452,P0359,REQK0017,USERK0002,2026-07-10 15:05:12,20260710,Screen,Interview,1486
E001066,A00328,P0549,REQK0026,USERK0001,2026-07-10 16:27:34,20260710,Screen,Withdrawn,1066
E004637,A01408,P0146,REQK0024,USERK0001,2026-07-10 18:26:50,20260710,Screen,Withdrawn,4637
E000873,A00270,P0025,REQK0006,USERK0002,2026-07-10 20:16:09,20260710,Offer,Hired,873
E004211,A01272,P0330,REQK0026,USERK0002,2026-07-10 20:29:42,20260710,Screen,Interview,4211
E002580,A00784,P0207,REQK0010,USERK0002,2026-07-10 21:21:18,20260710,,Applied,2580
E004687,A01425,P0007,REQK0004,USERK0002,2026-07-10 21:24:00,20260710,Interview,Rejected,4687
E001680,A00515,P0361,REQK0013,USERK0003,2026-07-10 21:30:49,20260710,Applied,Screen,1680
E000714,A00223,P0230,REQK0001,USERK0001,2026-07-10 21:47:01,20260710,Screen,Interview,714
E004281,A01294,P0526,REQK0013,USERK0002,2026-07-10 21:47:21,20260710,Applied,Withdrawn,4281
E001076,A00331,P0003,REQK0024,USERK0001,2026-07-10 22:18:13,20260710,Screen,Interview,1076
E004541,A01380,P0413,REQK0002,USERK0003,2026-07-10 23:30:10,20260710,Interview,Offer,4541
E004638,A01409,P0269,REQK0013,USERK0004,2026-07-10 23:39:51,20260710,,Applied,4638
E000733,A00230,P0560,REQK0023,USERK0002,2026-07-11 00:40:20,20260711,,Applied,733
E003574,A01086,P0173,REQK0021,USERK0004,2026-07-11 00:52:40,20260711,,Applied,3574
E004436,A01343,P0188,REQK0025,USERK0004,2026-07-11 01:08:14,20260711,Interview,Offer,4436
E001828,A00560,P0128,REQK0012,USERK0002,2026-07-11 01:19:24,20260711,Screen,Interview,1828
E003938,A01195,P0337,REQK0005,USERK0002,2026-07-11 01:43:38,20260711,Screen,Interview,3938
E002928,A00887,P0386,REQK0021,USERK0001,2026-07-11 01:45:56,20260711,Screen,Interview,2928
E001996,A00611,P0413,REQK0007,USERK0003,2026-07-11 02:47:27,20260711,Interview,Offer,1996
E004089,A01236,P0341,REQK0004,USERK0001,2026-07-11 02:50:43,20260711,,Applied,4089
E004271,A01290,P0074,REQK0026,USERK0004,2026-07-11 04:08:09,20260711,Offer,Hired,4271
E000406,A00126,P0356,REQK0006,USERK0003,2026-07-11 05:37:19,20260711,,Applied,406
E001426,A00435,P0050,REQK0008,USERK0002,2026-07-11 06:53:20,20260711,,Applied,1426
E000668,A00208,P0484,REQK0016,USERK0003,2026-07-11 07:49:27,20260711,Interview,Withdrawn,668
E000838,A00261,P0269,REQK0004,USERK0004,2026-07-11 07:53:53,20260711,Applied,Rejected,838
E000195,A00062,P0470,REQK0019,USERK0003,2026-07-11 08:10:36,20260711,Offer,Hired,195
E003152,A00955,P0265,REQK0005,USERK0002,2026-07-11 08:20:57,20260711,,Applied,3152
E001178,A00362,P0506,REQK0015,USERK0003,2026-07-11 08:22:35,20260711,Screen,Interview,1178
E001655,A00507,P0223,REQK0024,USERK0002,2026-07-11 09:30:39,20260711,Screen,Withdrawn,1655
E003694,A01120,P0293,REQK0010,USERK0003,2026-07-11 10:30:17,20260711,Applied,Screen,3694
E001068,A00329,P0187,REQK0015,USERK0002,2026-07-11 10:48:00,20260711,Applied,Screen,1068
E000026,A00010,P0289,REQK0012,USERK0001,2026-07-11 11:41:08,20260711,,Applied,26
E001046,A00322,P0095,REQK0019,USERK0001,2026-07-11 14:42:21,20260711,,Applied,1046
E003889,A01180,P0557,REQK0015,USERK0001,2026-07-11 15:33:42,20260711,Applied,Screen,3889
E003674,A01113,P0065,REQK0004,USERK0001,2026-07-11 16:54:13,20260711,Applied,Rejected,3674
E004104,A01240,P0509,REQK0014,USERK0002,2026-07-11 19:12:43,20260711,Screen,Interview,4104
E000923,A00284,P0431,REQK0009,USERK0003,2026-07-11 22:14:44,20260711,Screen,Interview,923
E001783,A00547,P0344,REQK0008,USERK0004,2026-07-11 23:05:28,20260711,Screen,Interview,1783
E002581,A00784,P0207,REQK0010,USERK0001,2026-07-12 00:21:18,20260712,Applied,Rejected,2581
E000275,A00085,P0452,REQK0019,USERK0003,2026-07-12 04:53:27,20260712,Screen,Withdrawn,275
E002378,A00724,P0213,REQK0008,USERK0002,2026-07-12 04:55:23,20260712,Applied,Withdrawn,2378
E004447,A01348,P0277,REQK0024,USERK0003,2026-07-12 05:07:14,20260712,Screen,Rejected,4447
E001754,A00538,P0474,REQK0025,USERK0001,2026-07-12 05:15:07,20260712,Applied,Screen,1754
E002723,A00827,P0348,REQK0007,USERK0002,2026-07-12 05:45:35,20260712,Applied,Screen,2723
E004289,A01297,P0437,REQK0023,USERK0004,2026-07-12 06:17:11,20260712,Applied,Withdrawn,4289
E001683,A00516,P0149,REQK0006,USERK0002,2026-07-12 06:23:29,20260712,Applied,Screen,1683
E000440,A00137,P0482,REQK0012,USERK0002,2026-07-12 07:13:12,20260712,Applied,Screen,440
E003095,A00937,P0400,REQK0007,USERK0002,2026-07-12 08:06:49,20260712,Offer,Hired,3095
E002868,A00870,P0214,REQK0018,USERK0004,2026-07-12 12:32:38,20260712,Offer,Hired,2868
E002228,A00678,P0207,REQK0001,USERK0002,2026-07-12 15:06:14,20260712,Screen,Interview,2228
E002583,A00785,P0382,REQK0013,USERK0002,2026-07-12 16:34:36,20260712,Applied,Screen,2583
E000178,A00057,P0158,REQK0018,USERK0004,2026-07-12 17:46:26,20260712,Screen,Interview,178
E004748,A01442,P0218,REQK0002,USERK0001,2026-07-12 18:18:52,20260712,Applied,Screen,4748
E003018,A00916,P0375,REQK0019,USERK0004,2026-07-12 18:52:56,20260712,Applied,Screen,3018
E001241,A00380,P0375,REQK0020,USERK0004,2026-07-12 19:02:30,20260712,Screen,Interview,1241
E003173,A00962,P0040,REQK0011,USERK0002,2026-07-12 19:36:18,20260712,Interview,Offer,3173
E003563,A01082,P0496,REQK0019,USERK0004,2026-07-12 21:31:12,20260712,Screen,Interview,3563
E003744,A01135,P0361,REQK0008,USERK0003,2026-07-12 22:00:30,20260712,Interview,Offer,3744
E004246,A01282,P0127,REQK0001,USERK0002,2026-07-12 23:01:46,20260712,Screen,Interview,4246
E002842,A00861,P0157,REQK0003,USERK0003,2026-07-13 01:15:01,20260713,Applied,Screen,2842
E004029,A01218,P0001,REQK0002,USERK0002,2026-07-13 02:17:07,20260713,Screen,Interview,4029
E003322,A01006,P0240,REQK0019,USERK0002,2026-07-13 02:36:32,20260713,Applied,Screen,3322
E004255,A01285,P0385,REQK0022,USERK0003,2026-07-13 03:59:48,20260713,Screen,Interview,4255
E003706,A01123,P0156,REQK0024,USERK0002,2026-07-13 04:14:41,20260713,Interview,Offer,3706
E002941,A00892,P0222,REQK0020,USERK0001,2026-07-13 06:29:35,20260713,Applied,Withdrawn,2941
E003425,A01037,P0166,REQK0004,USERK0002,2026-07-13 06:31:33,20260713,Screen,Interview,3425
E004769,A01449,P0142,REQK0007,USERK0002,2026-07-13 07:41:03,20260713,Offer,Hired,4769
E004196,A01268,P0220,REQK0023,USERK0001,2026-07-13 08:05:56,20260713,Applied,Screen,4196
E002059,A00629,P0401,REQK0024,USERK0004,2026-07-13 09:26:44,20260713,Applied,Screen,2059
E002160,A00659,P0293,REQK0024,USERK0004,2026-07-13 09:34:00,20260713,Screen,Interview,2160
E001183,A00364,P0243,REQK0010,USERK0001,2026-07-13 09:38:41,20260713,Applied,Screen,1183
E002876,A00872,P0143,REQK0001,USERK0001,2026-07-13 10:11:15,20260713,Interview,Rejected,2876
E002800,A00849,P0226,REQK0024,USERK0002,2026-07-13 10:24:21,20260713,Interview,Offer,2800
E001466,A00446,P0310,REQK0004,USERK0003,2026-07-13 10:57:48,20260713,Screen,Interview,1466
E000152,A00050,P0272,REQK0016,USERK0002,2026-07-13 11:58:51,20260713,Applied,Screen,152
E000720,A00225,P0270,REQK0004,USERK0001,2026-07-13 13:10:07,20260713,Applied,Withdrawn,720
E001383,A00422,P0076,REQK0001,USERK0001,2026-07-13 13:21:25,20260713,Screen,Interview,1383
E000641,A00200,P0351,REQK0003,USERK0002,2026-07-13 13:59:32,20260713,Screen,Interview,641
E004495,A01363,P0527,REQK0021,USERK0001,2026-07-13 15:10:04,20260713,Screen,Rejected,4495
E004639,A01409,P0269,REQK0013,USERK0001,2026-07-13 15:39:51,20260713,Applied,Withdrawn,4639
E003648,A01105,P0034,REQK0002,USERK0003,2026-07-13 17:12:18,20260713,Interview,Offer,3648
E000732,A00229,P0074,REQK0021,USERK0002,2026-07-13 17:48:55,20260713,Applied,Withdrawn,732
E000405,A00125,P0074,REQK0004,USERK0003,2026-07-13 19:06:56,20260713,Offer,Hired,405
E000111,A00037,P0040,REQK0019,USERK0003,2026-07-13 20:13:34,20260713,Applied,Screen,111
E001271,A00389,P0437,REQK0012,USERK0004,2026-07-13 21:36:45,20260713,Interview,Offer,1271
E003385,A01024,P0162,REQK0005,USERK0004,2026-07-13 22:02:24,20260713,Screen,Withdrawn,3385
E001101,A00339,P0363,REQK0023,USERK0002,2026-07-13 23:33:49,20260713,Applied,Rejected,1101
E002648,A00805,P0050,REQK0006,USERK0004,2026-07-14 00:11:18,20260714,Applied,Withdrawn,2648
E000607,A00189,P0296,REQK0003,USERK0003,2026-07-14 02:36:31,20260714,Interview,Withdrawn,607
E000197,A00063,P0381,REQK0008,USERK0004,2026-07-14 02:53:04,20260714,Applied,Screen,197
E001445,A00439,P0078,REQK0026,USERK0002,2026-07-14 05:32:37,20260714,Screen,Interview,1445
E003478,A01056,P0351,REQK0026,USERK0002,2026-07-14 06:20:53,20260714,Screen,Interview,3478
E003540,A01075,P0374,REQK0003,USERK0004,2026-07-14 06:36:47,20260714,Interview,Withdrawn,3540
E001500,A00457,P0383,REQK0022,USERK0003,2026-07-14 07:52:14,20260714,Offer,Hired,1500
E001839,A00563,P0059,REQK0023,USERK0001,2026-07-14 07:54:52,20260714,Screen,Withdrawn,1839
E001941,A00594,P0395,REQK0019,USERK0001,2026-07-14 09:00:00,20260714,Screen,Interview,1941
E003684,A01117,P0175,REQK0020,USERK0004,2026-07-14 09:15:59,20260714,Applied,Screen,3684
E004529,A01376,P0424,REQK0011,USERK0002,2026-07-14 10:04:05,20260714,Applied,Screen,4529
E002066,A00632,P0092,REQK0019,USERK0003,2026-07-14 10:34:01,20260714,Applied,Screen,2066
E004139,A01251,P0444,REQK0003,USERK0004,2026-07-14 11:03:05,20260714,Screen,Withdrawn,4139
E000041,A00015,P0481,REQK0019,USERK0002,2026-07-14 13:18:16,20260714,Screen,Interview,41
E002430,A00740,P0550,REQK0001,USERK0004,2026-07-14 14:50:38,20260714,Applied,Screen,2430
E003895,A01181,P0347,REQK0024,USERK0003,2026-07-14 15:12:00,20260714,Offer,Hired,3895
E000467,A00144,P0347,REQK0008,USERK0001,2026-07-14 15:17:51,20260714,Interview,Withdrawn,467
E003082,A00934,P0216,REQK0012,USERK0001,2026-07-14 15:56:31,20260714,Screen,Interview,3082
E001997,A00611,P0413,REQK0007,USERK0002,2026-07-14 18:47:27,20260714,Offer,Rejected,1997
E003078,A00933,P0161,REQK0001,USERK0004,2026-07-14 19:34:26,20260714,Interview,Offer,3078
E001755,A00538,P0474,REQK0025,USERK0004,2026-07-14 20:15:07,20260714,Screen,Rejected,1755
E001047,A00322,P0095,REQK0019,USERK0004,2026-07-14 22:42:21,20260714,Applied,Screen,1047
E002937,A00890,P0500,REQK0020,USERK0001,2026-07-14 23:05:20,20260714,Screen,Withdrawn,2937
E002760,A00837,P0023,REQK0020,USERK0003,2026-07-15 00:33:47,20260715,Applied,Screen,2760
E000570,A00177,P0063,REQK0007,USERK0003,2026-07-15 00:36:44,20260715,Interview,Offer,570
E004226,A01277,P0339,REQK0017,USERK0002,2026-07-15 01:33:46,20260715,Screen,Interview,4226
E002380,A00725,P0327,REQK0021,USERK0001,2026-07-15 02:13:26,20260715,Applied,Screen,2380
E002009,A00614,P0122,REQK0002,USERK0002,2026-07-15 02:29:57,20260715,Interview,Rejected,2009
E000924,A00284,P0431,REQK0009,USERK0004,2026-07-15 03:14:44,20260715,Interview,Offer,924
E000835,A00260,P0504,REQK0004,USERK0002,2026-07-15 05:22:42,20260715,Applied,Screen,835
E002102,A00641,P0421,REQK0007,USERK0001,2026-07-15 06:36:04,20260715,Interview,Offer,2102
E004008,A01213,P0374,REQK0001,USERK0002,2026-07-15 07:14:04,20260715,Interview,Offer,4008
E002477,A00753,P0050,REQK0026,USERK0003,2026-07-15 07:17:24,20260715,Interview,Offer,2477
E002833,A00858,P0228,REQK0018,USERK0001,2026-07-15 09:33:06,20260715,Interview,Offer,2833
E001409,A00429,P0510,REQK0014,USERK0002,2026-07-15 11:38:26,20260715,Applied,Screen,1409
E002686,A00817,P0062,REQK0011,USERK0003,2026-07-15 13:31:34,20260715,Screen,Interview,2686
E002586,A00786,P0394,REQK0006,USERK0002,2026-07-15 13:49:20,20260715,Applied,Screen,2586
E000119,A00039,P0143,REQK0015,USERK0002,2026-07-15 15:31:01,20260715,Interview,Offer,119
E000407,A00126,P0356,REQK0006,USERK0003,2026-07-15 17:37:19,20260715,Applied,Withdrawn,407
E003229,A00978,P0435,REQK0001,USERK0004,2026-07-15 19:26:11,20260715,Applied,Screen,3229
E003323,A01006,P0240,REQK0019,USERK0001,2026-07-15 19:36:32,20260715,Screen,Rejected,3323
E003699,A01121,P0270,REQK0019,USERK0003,2026-07-15 20:59:43,20260715,Interview,Offer,3699
E000695,A00217,P0337,REQK0003,USERK0002,2026-07-15 21:24:02,20260715,Applied,Rejected,695
E003931,A01192,P0552,REQK0021,USERK0003,2026-07-15 21:48:46,20260715,Screen,Withdrawn,3931
E002847,A00863,P0041,REQK0024,USERK0003,2026-07-15 23:14:07,20260715,Applied,Rejected,2847
E001267,A00388,P0362,REQK0026,USERK0004,2026-07-16 00:06:37,20260716,Screen,Interview,1267
E000449,A00139,P0116,REQK0022,USERK0003,2026-07-16 00:49:08,20260716,Screen,Interview,449
E003964,A01202,P0214,REQK0015,USERK0001,2026-07-16 01:14:08,20260716,Applied,Screen,3964
E002060,A00629,P0401,REQK0024,USERK0004,2026-07-16 04:26:44,20260716,Screen,Withdrawn,2060
E002107,A00643,P0209,REQK0024,USERK0003,2026-07-16 05:12:36,20260716,Screen,Interview,2107
E003638,A01103,P0089,REQK0019,USERK0001,2026-07-16 05:21:16,20260716,Interview,Offer,3638
E004256,A01285,P0385,REQK0022,USERK0003,2026-07-16 06:59:48,20260716,Interview,Offer,4256
E003584,A01088,P0519,REQK0003,USERK0002,2026-07-16 07:54:50,20260716,Interview,Offer,3584
E001179,A00362,P0506,REQK0015,USERK0002,2026-07-16 08:22:35,20260716,Interview,Withdrawn,1179
E002726,A00828,P0375,REQK0010,USERK0002,2026-07-16 09:41:02,20260716,Applied,Screen,2726
E000575,A00179,P0226,REQK0008,USERK0002,2026-07-16 10:23:03,20260716,Applied,Rejected,575
E001504,A00458,P0054,REQK0024,USERK0004,2026-07-16 10:24:39,20260716,Interview,Rejected,1504
E004371,A01322,P0405,REQK0018,USERK0003,2026-07-16 11:12:37,20260716,Applied,Screen,4371
E001242,A00380,P0375,REQK0020,USERK0004,2026-07-16 12:02:30,20260716,Interview,Rejected,1242
E000150,A00049,P0275,REQK0003,USERK0002,2026-07-16 12:35:05,20260716,Interview,Withdrawn,150
E003055,A00927,P0184,REQK0008,USERK0003,2026-07-16 12:38:09,20260716,Screen,Rejected,3055
E004105,A01240,P0509,REQK0014,USERK0003,2026-07-16 13:12:43,20260716,Interview,Offer,4105
E001189,A00366,P0341,REQK0019,USERK0003,2026-07-16 13:37:13,20260716,Screen,Interview,1189
E000371,A00115,P0134,REQK0015,USERK0003,2026-07-16 18:01:04,20260716,Interview,Offer,371
E001260,A00386,P0050,REQK0020,USERK0004,2026-07-16 18:20:07,20260716,Applied,Screen,1260
E001926,A00590,P0075,REQK0001,USERK0002,2026-07-16 19:15:44,20260716,Screen,Interview,1926
E004475,A01357,P0072,REQK0026,USERK0002,2026-07-16 19:50:38,20260716,Screen,Interview,4475
E004009,A01213,P0374,REQK0001,USERK0001,2026-07-16 20:14:04,20260716,Offer,Rejected,4009
E000687,A00214,P0356,REQK0001,USERK0003,2026-07-16 20:16:27,20260716,Screen,Interview,687
E002266,A00689,P0370,REQK0001,USERK0002,2026-07-16 20:25:47,20260716,Screen,Interview,2266
E000174,A00056,P0032,REQK0015,USERK0002,2026-07-16 20:36:08,20260716,Screen,Interview,174
E002828,A00857,P0508,REQK0026,USERK0004,2026-07-16 20:56:22,20260716,Screen,Interview,2828
E003588,A01089,P0084,REQK0008,USERK0003,2026-07-16 21:30:43,20260716,Screen,Interview,3588
E004175,A01263,P0167,REQK0026,USERK0002,2026-07-16 23:36:14,20260716,Applied,Screen,4175
E001425,A00434,P0141,REQK0018,USERK0004,2026-07-16 23:38:25,20260716,Applied,Screen,1425
E002218,A00675,P0033,REQK0019,USERK0003,2026-07-17 00:01:41,20260717,Interview,Rejected,2218
E000940,A00290,P0481,REQK0021,USERK0004,2026-07-17 00:27:22,20260717,Screen,Interview,940
E001786,A00548,P0081,REQK0008,USERK0003,2026-07-17 00:36:07,20260717,Applied,Screen,1786
E003203,A00971,P0334,REQK0010,USERK0004,2026-07-17 01:01:50,20260717,Interview,Offer,3203
E003822,A01159,P0162,REQK0008,USERK0003,2026-07-17 01:58:00,20260717,Offer,Hired,3822
E004077,A01232,P0430,REQK0023,USERK0004,2026-07-17 02:50:56,20260717,Interview,Withdrawn,4077
E001612,A00493,P0322,REQK0023,USERK0003,2026-07-17 03:04:14,20260717,Interview,Offer,1612
E002161,A00659,P0293,REQK0024,USERK0001,2026-07-17 03:34:00,20260717,Interview,Offer,2161
E000875,A00271,P0263,REQK0022,USERK0001,2026-07-17 06:34:39,20260717,Applied,Withdrawn,875
E002963,A00897,P0127,REQK0026,USERK0004,2026-07-17 06:52:45,20260717,Offer,Hired,2963
E000390,A00121,P0248,REQK0002,USERK0004,2026-07-17 08:30:01,20260717,Screen,Interview,390
E001402,A00427,P0497,REQK0004,USERK0001,2026-07-17 08:38:28,20260717,Applied,Screen,1402
E002249,A00684,P0073,REQK0010,USERK0004,2026-07-17 09:13:24,20260717,Screen,Interview,2249
E001681,A00515,P0361,REQK0013,USERK0004,2026-07-17 13:30:49,20260717,Screen,Withdrawn,1681
E003618,A01097,P0308,REQK0018,USERK0003,2026-07-17 13:46:45,20260717,Offer,Hired,3618
E001351,A00412,P0524,REQK0014,USERK0001,2026-07-17 13:57:27,20260717,Screen,Withdrawn,1351
E001337,A00409,P0088,REQK0024,USERK0004,2026-07-17 14:57:37,20260717,Screen,Interview,1337
E003069,A00931,P0041,REQK0019,USERK0002,2026-07-17 17:06:21,20260717,Interview,Rejected,3069
E003365,A01018,P0350,REQK0019,USERK0004,2026-07-17 17:35:36,20260717,Offer,Withdrawn,3365
E003426,A01037,P0166,REQK0004,USERK0003,2026-07-17 18:31:33,20260717,Interview,Withdrawn,3426
E000734,A00230,P0560,REQK0023,USERK0003,2026-07-17 18:40:20,20260717,Applied,Screen,734
E002978,A00902,P0375,REQK0016,USERK0002,2026-07-17 18:43:18,20260717,Applied,Screen,2978
E002203,A00671,P0073,REQK0016,USERK0003,2026-07-17 18:45:15,20260717,Applied,Screen,2203
E004233,A01279,P0224,REQK0015,USERK0002,2026-07-17 20:40:05,20260717,Interview,Offer,4233
E002371,A00722,P0379,REQK0020,USERK0001,2026-07-17 21:27:05,20260717,Interview,Offer,2371
E002652,A00806,P0139,REQK0024,USERK0003,2026-07-18 01:18:30,20260718,Interview,Offer,2652
E004596,A01396,P0408,REQK0017,USERK0002,2026-07-18 03:09:51,20260718,Applied,Screen,4596
E000730,A00228,P0371,REQK0019,USERK0004,2026-07-18 03:42:10,20260718,Interview,Offer,730
E003357,A01016,P0414,REQK0016,USERK0003,2026-07-18 04:19:49,20260718,Screen,Interview,3357
E001334,A00408,P0361,REQK0007,USERK0003,2026-07-18 08:07:43,20260718,Offer,Hired,1334
E003890,A01180,P0557,REQK0015,USERK0002,2026-07-18 09:33:42,20260718,Screen,Rejected,3890
E003700,A01121,P0270,REQK0019,USERK0001,2026-07-18 09:59:43,20260718,Offer,Rejected,3700
E003969,A01203,P0338,REQK0003,USERK0002,2026-07-18 10:04:31,20260718,Interview,Offer,3969
E003309,A01002,P0136,REQK0001,USERK0004,2026-07-18 10:06:07,20260718,Screen,Interview,3309
E004227,A01277,P0339,REQK0017,USERK0002,2026-07-18 10:33:46,20260718,Interview,Rejected,4227
E003221,A00975,P0473,REQK0011,USERK0004,2026-07-18 12:38:52,20260718,Offer,Hired,3221
E003119,A00945,P0521,REQK0019,USERK0002,2026-07-18 13:02:53,20260718,Interview,Offer,3119
E001410,A00429,P0510,REQK0014,USERK0003,2026-07-18 13:38:26,20260718,Screen,Rejected,1410
E001603,A00490,P0197,REQK0024,USERK0001,2026-07-18 14:19:33,20260718,Applied,Screen,1603
E002727,A00828,P0375,REQK0010,USERK0003,2026-07-18 14:41:02,20260718,Screen,Rejected,2727
E001489,A00453,P0293,REQK0024,USERK0001,2026-07-18 16:53:43,20260718,Applied,Rejected,1489
E001467,A00446,P0310,REQK0004,USERK0004,2026-07-18 16:57:48,20260718,Interview,Offer,1467
E004251,A01284,P0356,REQK0006,USERK0003,2026-07-18 17:21:20,20260718,Screen,Interview,4251
E004197,A01268,P0220,REQK0023,USERK0001,2026-07-18 19:05:56,20260718,Screen,Interview,4197
E003006,A00912,P0132,REQK0026,USERK0002,2026-07-18 19:24:42,20260718,Applied,Screen,3006
E002191,A00667,P0086,REQK0020,USERK0003,2026-07-18 20:51:30,20260718,Applied,Screen,2191
E003622,A01099,P0062,REQK0001,USERK0001,2026-07-18 21:41:17,20260718,Applied,Screen,3622
E004030,A01218,P0001,REQK0002,USERK0004,2026-07-18 22:17:07,20260718,Interview,Withdrawn,4030
E001022,A00314,P0215,REQK0016,USERK0002,2026-07-18 23:03:15,20260718,Interview,Offer,1022
E002795,A00848,P0175,REQK0011,USERK0002,2026-07-18 23:51:19,20260718,Applied,Screen,2795
E004086,A01234,P0424,REQK0007,USERK0003,2026-07-19 01:09:10,20260719,Interview,Rejected,4086
E000510,A00158,P0510,REQK0017,USERK0001,2026-07-19 01:41:30,20260719,Offer,Hired,510
E004100,A01239,P0236,REQK0021,USERK0001,2026-07-19 01:56:22,20260719,Applied,Screen,4100
E001638,A00502,P0186,REQK0024,USERK0004,2026-07-19 02:46:41,20260719,Screen,Interview,1638
E000642,A00200,P0351,REQK0003,USERK0001,2026-07-19 02:59:32,20260719,Interview,Offer,642
E000941,A00290,P0481,REQK0021,USERK0003,2026-07-19 03:27:22,20260719,Interview,Offer,941
E001184,A00364,P0243,REQK0010,USERK0002,2026-07-19 03:38:41,20260719,Screen,Withdrawn,1184
E000425,A00132,P0057,REQK0002,USERK0004,2026-07-19 03:49:53,20260719,Screen,Interview,425
E001487,A00452,P0359,REQK0017,USERK0001,2026-07-19 06:05:12,20260719,Interview,Offer,1487
E001319,A00404,P0376,REQK0001,USERK0003,2026-07-19 07:24:13,20260719,Applied,Screen,1319
E003992,A01209,P0148,REQK0013,USERK0002,2026-07-19 10:16:57,20260719,Interview,Rejected,3992
E002199,A00669,P0138,REQK0008,USERK0001,2026-07-19 15:08:59,20260719,Screen,Rejected,2199
E002431,A00740,P0550,REQK0001,USERK0002,2026-07-19 18:50:38,20260719,Screen,Interview,2431
E001069,A00329,P0187,REQK0015,USERK0002,2026-07-19 20:48:00,20260719,Screen,Interview,1069
E000153,A00050,P0272,REQK0016,USERK0001,2026-07-19 20:58:51,20260719,Screen,Interview,153
E003752,A01137,P0414,REQK0016,USERK0001,2026-07-19 21:15:04,20260719,Offer,Hired,3752
E001799,A00552,P0319,REQK0024,USERK0002,2026-07-19 21:29:18,20260719,Interview,Offer,1799
E001094,A00336,P0077,REQK0004,USERK0001,2026-07-19 23:36:58,20260719,Applied,Withdrawn,1094
E003766,A01142,P0390,REQK0004,USERK0001,2026-07-19 23:52:02,20260719,Applied,Screen,3766
E004372,A01322,P0405,REQK0018,USERK0003,2026-07-20 00:12:37,20260720,Screen,Interview,4372
E000414,A00129,P0065,REQK0006,USERK0003,2026-07-20 04:21:34,20260720,Applied,Screen,414
E002988,A00906,P0276,REQK0019,USERK0001,2026-07-20 05:14:21,20260720,Applied,Screen,2988
E002769,A00839,P0308,REQK0004,USERK0004,2026-07-20 06:47:47,20260720,Screen,Withdrawn,2769
E003771,A01144,P0412,REQK0004,USERK0002,2026-07-20 06:59:11,20260720,Screen,Withdrawn,3771
E004176,A01263,P0167,REQK0026,USERK0002,2026-07-20 07:36:14,20260720,Screen,Interview,4176
E003358,A01016,P0414,REQK0016,USERK0001,2026-07-20 10:19:49,20260720,Interview,Offer,3358
E003230,A00978,P0435,REQK0001,USERK0002,2026-07-20 12:26:11,20260720,Screen,Interview,3230
E000587,A00183,P0347,REQK0004,USERK0004,2026-07-20 14:02:24,20260720,Offer,Hired,587
E002888,A00875,P0071,REQK0015,USERK0001,2026-07-20 15:34:34,20260720,Offer,Hired,2888
E002156,A00658,P0114,REQK0008,USERK0001,2026-07-20 16:39:55,20260720,Screen,Interview,2156
E001384,A00422,P0076,REQK0001,USERK0002,2026-07-20 19:21:25,20260720,Interview,Offer,1384
E002921,A00885,P0300,REQK0018,USERK0002,2026-07-20 21:00:53,20260720,Applied,Screen,2921
E002381,A00725,P0327,REQK0021,USERK0001,2026-07-20 22:13:26,20260720,Screen,Interview,2381
E002687,A00817,P0062,REQK0011,USERK0004,2026-07-21 02:31:34,20260721,Interview,Offer,2687
E002741,A00831,P0437,REQK0021,USERK0001,2026-07-21 05:29:52,20260721,Interview,Offer,2741
E004442,A01346,P0451,REQK0019,USERK0004,2026-07-21 05:43:03,20260721,Applied,Screen,4442
E001053,A00324,P0047,REQK0019,USERK0001,2026-07-21 06:13:53,20260721,Applied,Withdrawn,1053
E001190,A00366,P0341,REQK0019,USERK0004,2026-07-21 07:37:13,20260721,Interview,Offer,1190
E000490,A00151,P0424,REQK0011,USERK0002,2026-07-21 07:39:05,20260721,Interview,Offer,490
E001556,A00475,P0170,REQK0010,USERK0003,2026-07-21 08:18:02,20260721,Interview,Offer,1556
E004530,A01376,P0424,REQK0011,USERK0003,2026-07-21 10:04:05,20260721,Screen,Rejected,4530
E003639,A01103,P0089,REQK0019,USERK0001,2026-07-21 10:21:16,20260721,Offer,Rejected,3639
E002054,A00627,P0317,REQK0017,USERK0004,2026-07-21 10:21:41,20260721,Offer,Withdrawn,2054
E003109,A00942,P0491,REQK0010,USERK0003,2026-07-21 10:35:14,20260721,Applied,Screen,3109
E002965,A00898,P0191,REQK0008,USERK0004,2026-07-21 12:47:33,20260721,Applied,Screen,2965
E004257,A01285,P0385,REQK0022,USERK0004,2026-07-21 13:59:48,20260721,Offer,Rejected,4257
E001427,A00435,P0050,REQK0008,USERK0003,2026-07-21 16:53:20,20260721,Applied,Screen,1427
E004508,A01368,P0276,REQK0023,USERK0001,2026-07-21 17:26:43,20260721,Applied,Screen,4508
E001048,A00322,P0095,REQK0019,USERK0001,2026-07-21 18:42:21,20260721,Screen,Interview,1048
E002079,A00635,P0296,REQK0014,USERK0001,2026-07-21 18:57:34,20260721,Offer,Hired,2079
E002302,A00703,P0444,REQK0002,USERK0003,2026-07-21 19:31:33,20260721,Applied,Screen,2302
E003685,A01117,P0175,REQK0020,USERK0002,2026-07-21 23:15:59,20260721,Screen,Rejected,3685
E003763,A01141,P0078,REQK0022,USERK0003,2026-07-22 01:14:30,20260722,Applied,Screen,3763
E004735,A01438,P0313,REQK0019,USERK0003,2026-07-22 03:50:35,20260722,Applied,Rejected,4735
E002267,A00689,P0370,REQK0001,USERK0003,2026-07-22 04:25:47,20260722,Interview,Withdrawn,2267
E003835,A01164,P0367,REQK0001,USERK0002,2026-07-22 04:40:44,20260722,Applied,Screen,3835
E001099,A00338,P0130,REQK0006,USERK0001,2026-07-22 05:15:03,20260722,Screen,Withdrawn,1099
E004101,A01239,P0236,REQK0021,USERK0002,2026-07-22 05:56:22,20260722,Screen,Rejected,4101
E004451,A01349,P0507,REQK0008,USERK0003,2026-07-22 07:15:56,20260722,Interview,Offer,4451
E001684,A00516,P0149,REQK0006,USERK0004,2026-07-22 10:23:29,20260722,Screen,Interview,1684
E001358,A00414,P0353,REQK0001,USERK0004,2026-07-22 12:27:49,20260722,Offer,Hired,1358
E002584,A00785,P0382,REQK0013,USERK0001,2026-07-22 12:34:36,20260722,Screen,Interview,2584
E002157,A00658,P0114,REQK0008,USERK0003,2026-07-22 12:39:55,20260722,Interview,Rejected,2157
E000068,A00023,P0308,REQK0015,USERK0004,2026-07-22 12:51:10,20260722,Applied,Rejected,68
E000175,A00056,P0032,REQK0015,USERK0002,2026-07-22 13:36:08,20260722,Interview,Withdrawn,175
E004252,A01284,P0356,REQK0006,USERK0001,2026-07-22 17:21:20,20260722,Interview,Offer,4252
E001261,A00386,P0050,REQK0020,USERK0001,2026-07-22 22:20:07,20260722,Screen,Interview,1261
E004234,A01279,P0224,REQK0015,USERK0001,2026-07-22 22:40:05,20260722,Offer,Withdrawn,4234
E001191,A00366,P0341,REQK0019,USERK0001,2026-07-22 23:37:13,20260722,Offer,Withdrawn,1191
E000515,A00159,P0352,REQK0006,USERK0003,2026-07-23 00:41:45,20260723,Offer,Hired,515
E003781,A01147,P0035,REQK0005,USERK0004,2026-07-23 03:25:38,20260723,Applied,Rejected,3781
E002761,A00837,P0023,REQK0020,USERK0001,2026-07-23 03:33:47,20260723,Screen,Interview,2761
E002671,A00812,P0449,REQK0004,USERK0003,2026-07-23 05:51:55,20260723,Applied,Screen,2671
E003231,A00978,P0435,REQK0001,USERK0001,2026-07-23 08:26:11,20260723,Interview,Withdrawn,3231
E001338,A00409,P0088,REQK0024,USERK0001,2026-07-23 09:57:37,20260723,Interview,Offer,1338
E003764,A01141,P0078,REQK0022,USERK0002,2026-07-23 10:14:30,20260723,Screen,Withdrawn,3764
E003479,A01056,P0351,REQK0026,USERK0004,2026-07-23 10:20:53,20260723,Interview,Offer,3479
E002574,A00782,P0328,REQK0019,USERK0004,2026-07-23 11:41:30,20260723,Applied,Screen,2574
E003065,A00930,P0270,REQK0001,USERK0002,2026-07-23 12:40:59,20260723,Screen,Rejected,3065
E003079,A00933,P0161,REQK0001,USERK0003,2026-07-23 14:34:26,20260723,Offer,Withdrawn,3079
E000391,A00121,P0248,REQK0002,USERK0001,2026-07-23 15:30:01,20260723,Interview,Offer,391
E000952,A00293,P0026,REQK0004,USERK0001,2026-07-23 16:03:34,20260723,Interview,Offer,952
E000027,A00010,P0289,REQK0012,USERK0002,2026-07-23 17:41:08,20260723,Applied,Withdrawn,27
E003721,A01128,P0327,REQK0021,USERK0002,2026-07-23 19:16:48,20260723,Interview,Offer,3721
E001803,A00553,P0053,REQK0009,USERK0004,2026-07-23 19:54:59,20260723,Interview,Offer,1803
E003788,A01149,P0273,REQK0016,USERK0003,2026-07-23 21:03:04,20260723,Offer,Hired,3788
E003695,A01120,P0293,REQK0010,USERK0003,2026-07-23 21:30:17,20260723,Screen,Interview,3695
E000322,A00101,P0013,REQK0026,USERK0004,2026-07-23 22:40:18,20260723,Screen,Interview,322
E001685,A00516,P0149,REQK0006,USERK0001,2026-07-24 00:23:29,20260724,Interview,Rejected,1685
E000126,A00041,P0519,REQK0018,USERK0003,2026-07-24 01:05:53,20260724,Offer,Hired,126
E003836,A01164,P0367,REQK0001,USERK0001,2026-07-24 05:40:44,20260724,Screen,Rejected,3836
E001829,A00560,P0128,REQK0012,USERK0002,2026-07-24 06:19:24,20260724,Interview,Offer,1829
E004346,A01314,P0130,REQK0009,USERK0002,2026-07-24 06:52:05,20260724,Applied,Screen,4346
E002035,A00622,P0101,REQK0023,USERK0003,2026-07-24 08:16:22,20260724,Applied,Screen,2035
E000372,A00115,P0134,REQK0015,USERK0004,2026-07-24 09:01:04,20260724,Offer,Withdrawn,372
E002114,A00645,P0059,REQK0012,USERK0002,2026-07-24 11:20:53,20260724,Offer,Hired,2114
E002724,A00827,P0348,REQK0007,USERK0002,2026-07-24 11:45:35,20260724,Screen,Withdrawn,2724
E001174,A00361,P0364,REQK0026,USERK0002,2026-07-24 12:05:52,20260724,Applied,Screen,1174
E003589,A01089,P0084,REQK0008,USERK0001,2026-07-24 12:30:43,20260724,Interview,Offer,3589
E002775,A00841,P0238,REQK0026,USERK0003,2026-07-24 13:59:57,20260724,Interview,Offer,2775
E002929,A00887,P0386,REQK0021,USERK0004,2026-07-24 15:45:56,20260724,Interview,Rejected,2929
E003612,A01096,P0088,REQK0001,USERK0004,2026-07-24 19:27:12,20260724,Applied,Screen,3612
E003258,A00986,P0519,REQK0011,USERK0003,2026-07-24 21:49:28,20260724,Screen,Interview,3258
E003575,A01086,P0173,REQK0021,USERK0004,2026-07-25 00:52:40,20260725,Applied,Screen,3575
E000154,A00050,P0272,REQK0016,USERK0004,2026-07-25 00:58:51,20260725,Interview,Offer,154
E002742,A00831,P0437,REQK0021,USERK0002,2026-07-25 01:29:52,20260725,Offer,Withdrawn,2742
E004509,A01368,P0276,REQK0023,USERK0001,2026-07-25 02:26:43,20260725,Screen,Withdrawn,4509
E000083,A00028,P0526,REQK0011,USERK0002,2026-07-25 02:53:01,20260725,Applied,Screen,83
E004597,A01396,P0408,REQK0017,USERK0002,2026-07-25 03:09:51,20260725,Screen,Withdrawn,4597
E003360,A01017,P0073,REQK0023,USERK0004,2026-07-25 03:50:51,20260725,Applied,Screen,3360
E002587,A00786,P0394,REQK0006,USERK0001,2026-07-25 04:49:20,20260725,Screen,Withdrawn,2587
E000042,A00015,P0481,REQK0019,USERK0001,2026-07-25 05:18:16,20260725,Interview,Offer,42
E004728,A01436,P0268,REQK0008,USERK0003,2026-07-25 05:28:44,20260725,Offer,Hired,4728
E002989,A00906,P0276,REQK0019,USERK0001,2026-07-25 06:14:21,20260725,Screen,Interview,2989
E002692,A00819,P0402,REQK0008,USERK0003,2026-07-25 09:09:28,20260725,Applied,Screen,2692
E004017,A01215,P0242,REQK0001,USERK0004,2026-07-25 11:32:24,20260725,Offer,Hired,4017
E002413,A00734,P0398,REQK0019,USERK0003,2026-07-25 17:34:08,20260725,Offer,Hired,2413
E004198,A01268,P0220,REQK0023,USERK0004,2026-07-25 21:05:56,20260725,Interview,Rejected,4198
E003613,A01096,P0088,REQK0001,USERK0003,2026-07-25 21:27:12,20260725,Screen,Withdrawn,3613
E003459,A01049,P0265,REQK0021,USERK0004,2026-07-25 21:54:17,20260725,Applied,Screen,3459
E004373,A01322,P0405,REQK0018,USERK0003,2026-07-26 00:12:37,20260726,Interview,Withdrawn,4373
E003649,A01105,P0034,REQK0002,USERK0004,2026-07-26 02:12:18,20260726,Offer,Rejected,3649
E002596,A00789,P0264,REQK0004,USERK0002,2026-07-26 03:33:30,20260726,Applied,Screen,2596
E002843,A00861,P0157,REQK0003,USERK0001,2026-07-26 04:15:01,20260726,Screen,Rejected,2843
E001706,A00523,P0045,REQK0001,USERK0004,2026-07-26 05:08:20,20260726,Interview,Offer,1706
E003965,A01202,P0214,REQK0015,USERK0003,2026-07-26 06:14:08,20260726,Screen,Interview,3965
E002402,A00730,P0190,REQK0023,USERK0001,2026-07-26 07:17:18,20260726,Offer,Hired,2402
E000441,A00137,P0482,REQK0012,USERK0003,2026-07-26 12:13:12,20260726,Screen,Interview,441
E002688,A00817,P0062,REQK0011,USERK0001,2026-07-26 14:31:34,20260726,Offer,Withdrawn,2688
E001639,A00502,P0186,REQK0024,USERK0001,2026-07-26 17:46:41,20260726,Interview,Rejected,1639
E001175,A00361,P0364,REQK0026,USERK0004,2026-07-26 18:05:52,20260726,Screen,Interview,1175
E001446,A00439,P0078,REQK0026,USERK0002,2026-07-26 21:32:37,20260726,Interview,Offer,1446
E003543,A01076,P0122,REQK0007,USERK0001,2026-07-26 23:26:48,20260726,Screen,Interview,3543
E002480,A00754,P0305,REQK0016,USERK0003,2026-07-27 00:06:50,20260727,Screen,Interview,2480
E000836,A00260,P0504,REQK0004,USERK0004,2026-07-27 00:22:42,20260727,Screen,Withdrawn,836
E001403,A00427,P0497,REQK0004,USERK0003,2026-07-27 02:38:28,20260727,Screen,Withdrawn,1403
E000198,A00063,P0381,REQK0008,USERK0003,2026-07-27 06:53:04,20260727,Screen,Interview,198
E004749,A01442,P0218,REQK0002,USERK0004,2026-07-27 08:18:52,20260727,Screen,Interview,4749
E001784,A00547,P0344,REQK0008,USERK0003,2026-07-27 11:05:28,20260727,Interview,Offer,1784
E003576,A01086,P0173,REQK0021,USERK0001,2026-07-27 15:52:40,20260727,Screen,Withdrawn,3576
E003939,A01195,P0337,REQK0005,USERK0004,2026-07-27 17:43:38,20260727,Interview,Offer,3939
E004506,A01367,P0049,REQK0024,USERK0002,2026-07-27 20:59:34,20260727,Applied,Screen,4506
E001070,A00329,P0187,REQK0015,USERK0002,2026-07-27 23:48:00,20260727,Interview,Offer,1070
E002116,A00646,P0509,REQK0019,USERK0004,2026-07-28 01:03:23,20260728,Applied,Screen,2116
E003460,A01049,P0265,REQK0021,USERK0003,2026-07-28 02:54:17,20260728,Screen,Rejected,3460
E002611,A00794,P0103,REQK0024,USERK0004,2026-07-28 03:04:01,20260728,Screen,Interview,2611
E004212,A01272,P0330,REQK0026,USERK0004,2026-07-28 04:29:42,20260728,Interview,Offer,4212
E004259,A01286,P0307,REQK0005,USERK0004,2026-07-28 05:08:23,20260728,Applied,Screen,4259
E003174,A00962,P0040,REQK0011,USERK0003,2026-07-28 06:36:18,20260728,Offer,Hired,3174
E002721,A00826,P0060,REQK0001,USERK0003,2026-07-28 07:43:39,20260728,Offer,Hired,2721
E004229,A01278,P0293,REQK0019,USERK0002,2026-07-28 09:59:13,20260728,Applied,Screen,4229
E003623,A01099,P0062,REQK0001,USERK0001,2026-07-28 10:41:17,20260728,Screen,Interview,3623
E002382,A00725,P0327,REQK0021,USERK0004,2026-07-28 11:13:26,20260728,Interview,Withdrawn,2382
E001912,A00585,P0259,REQK0020,USERK0001,2026-07-28 11:16:27,20260728,Offer,Hired,1912
E004012,A01214,P0332,REQK0003,USERK0001,2026-07-28 11:32:58,20260728,Screen,Interview,4012
E003083,A00934,P0216,REQK0012,USERK0004,2026-07-28 11:56:31,20260728,Interview,Offer,3083
E000571,A00177,P0063,REQK0007,USERK0002,2026-07-28 12:36:44,20260728,Offer,Rejected,571
E000688,A00214,P0356,REQK0001,USERK0002,2026-07-28 16:16:27,20260728,Interview,Offer,688
E003216,A00974,P0032,REQK0001,USERK0003,2026-07-28 18:11:04,20260728,Interview,Offer,3216
E002796,A00848,P0175,REQK0011,USERK0003,2026-07-28 19:51:19,20260728,Screen,Rejected,2796
E001601,A00489,P0027,REQK0019,USERK0003,2026-07-28 22:03:07,20260728,Offer,Hired,1601
E000302,A00094,P0434,REQK0006,USERK0002,2026-07-29 00:25:08,20260729,Offer,Hired,302
E002250,A00684,P0073,REQK0010,USERK0003,2026-07-29 02:13:24,20260729,Interview,Withdrawn,2250
E002204,A00671,P0073,REQK0016,USERK0001,2026-07-29 05:45:15,20260729,Screen,Withdrawn,2204
E000004,A00002,P0327,REQK0020,USERK0003,2026-07-29 08:59:52,20260729,Applied,Screen,4
E003007,A00912,P0132,REQK0026,USERK0002,2026-07-29 09:24:42,20260729,Screen,Rejected,3007
E002829,A00857,P0508,REQK0026,USERK0002,2026-07-29 09:56:22,20260729,Interview,Offer,2829
E001262,A00386,P0050,REQK0020,USERK0004,2026-07-29 10:20:07,20260729,Interview,Offer,1262
E001049,A00322,P0095,REQK0019,USERK0004,2026-07-29 13:42:21,20260729,Interview,Offer,1049
E003110,A00942,P0491,REQK0010,USERK0002,2026-07-29 17:35:14,20260729,Screen,Rejected,3110
E000715,A00223,P0230,REQK0001,USERK0004,2026-07-29 21:47:01,20260729,Interview,Offer,715
E002303,A00703,P0444,REQK0002,USERK0004,2026-07-29 22:31:33,20260729,Screen,Withdrawn,2303
E001339,A00409,P0088,REQK0024,USERK0001,2026-07-29 23:57:37,20260729,Offer,Rejected,1339
E002067,A00632,P0092,REQK0019,USERK0003,2026-07-30 02:34:01,20260730,Screen,Interview,2067
E001077,A00331,P0003,REQK0024,USERK0004,2026-07-30 03:18:13,20260730,Interview,Offer,1077
E000815,A00253,P0150,REQK0020,USERK0002,2026-07-30 04:18:30,20260730,Offer,Hired,815
E002979,A00902,P0375,REQK0016,USERK0004,2026-07-30 07:43:18,20260730,Screen,Interview,2979
E003019,A00916,P0375,REQK0019,USERK0001,2026-07-30 13:52:56,20260730,Screen,Interview,3019
E002229,A00678,P0207,REQK0001,USERK0003,2026-07-30 15:06:14,20260730,Interview,Offer,2229
E003153,A00955,P0265,REQK0005,USERK0001,2026-07-30 15:20:57,20260730,Applied,Screen,3153
E004177,A01263,P0167,REQK0026,USERK0002,2026-07-30 16:36:14,20260730,Interview,Offer,4177
E002432,A00740,P0550,REQK0001,USERK0003,2026-07-30 19:50:38,20260730,Interview,Withdrawn,2432
E001942,A00594,P0395,REQK0019,USERK0004,2026-07-31 01:00:00,20260731,Interview,Offer,1942
E002255,A00685,P0121,REQK0019,USERK0002,2026-07-31 01:15:08,20260731,Offer,Hired,2255
E003141,A00951,P0080,REQK0021,USERK0004,2026-07-31 02:45:44,20260731,Offer,Hired,3141
E001247,A00381,P0343,REQK0017,USERK0001,2026-07-31 03:19:53,20260731,Offer,Hired,1247
E003564,A01082,P0496,REQK0019,USERK0003,2026-07-31 04:31:12,20260731,Interview,Offer,3564
E001468,A00446,P0310,REQK0004,USERK0004,2026-07-31 04:57:48,20260731,Offer,Withdrawn,1468
E003204,A00971,P0334,REQK0010,USERK0002,2026-07-31 08:01:50,20260731,Offer,Rejected,3204
E004542,A01380,P0413,REQK0002,USERK0002,2026-07-31 08:30:10,20260731,Offer,Hired,4542
E001770,A00542,P0514,REQK0017,USERK0004,2026-07-31 09:39:34,20260731,Offer,Hired,1770
E003310,A01002,P0136,REQK0001,USERK0002,2026-07-31 13:06:07,20260731,Interview,Withdrawn,3310
E003585,A01088,P0519,REQK0003,USERK0002,2026-07-31 18:54:50,20260731,Offer,Hired,3585
E001320,A00404,P0376,REQK0001,USERK0002,2026-07-31 19:24:13,20260731,Screen,Interview,1320
E004090,A01236,P0341,REQK0004,USERK0001,2026-07-31 20:50:43,20260731,Applied,Screen,4090
