application_id,candidate_id,person_id,requisition_key,recruiter_user_key,hiring_manager_user_key,applied_date_key,current_stage,is_active
A00001,C00427,P0487,REQK0004,USERK0002,USERK0008,20260505,Withdrawn,false
A00002,C00350,P0327,REQK0020,USERK0003,USERK0010,20260708,Screen,true
A00003,C00027,P0516,REQK0026,USERK0004,USERK0007,20260525,Screen,false
A00004,C00335,P0042,REQK0022,USERK0003,USERK0006,20260528,Withdrawn,false
A00005,C00101,P0192,REQK0017,USERK0001,USERK0011,20260615,Withdrawn,false
A00006,C00109,P0159,REQK0017,USERK0001,USERK0011,20260313,Withdrawn,false
A00007,C00005,P0469,REQK0022,USERK0003,USERK0006,20260430,Withdrawn,false
A00008,C00211,P0478,REQK0016,USERK0002,USERK0012,20260330,Withdrawn,false
A00009,C00269,P0152,REQK0018,USERK0001,USERK0006,20260128,Offer,false
A00010,C00091,P0289,REQK0012,USERK0002,USERK0012,20260711,Withdrawn,false
A00011,C00199,P0138,REQK0019,USERK0004,USERK0010,20260510,Withdrawn,false
A00012,C00358,P0293,REQK0011,USERK0002,USERK0010,20251225,Rejected,false
A00013,C00196,P0257,REQK0024,USERK0001,USERK0005,20260626,Withdrawn,false
A00015,C00223,P0481,REQK0019,USERK0004,USERK0010,20260621,Offer,true
A00016,C00078,P0251,REQK0001,USERK0003,USERK0006,20260503,Rejected,false
A00017,C00093,P0150,REQK0026,USERK0004,USERK0007,20260419,Hired,false
A00018,C00245,P0161,REQK0006,USERK0003,USERK0011,20260523,Withdrawn,false
A00020,C00187,P0207,REQK0017,USERK0001,USERK0011,20260117,Withdrawn,false
A00021,C00259,P0002,REQK0002,USERK0003,USERK0007,20260202,Interview,false
A00022,C00552,P0411,REQK0016,USERK0002,USERK0012,20260129,Rejected,false
A00023,C00570,P0308,REQK0015,USERK0003,USERK0010,20260707,Rejected,false
A00024,C00470,P0107,REQK0003,USERK0001,USERK0005,20260111,Withdrawn,false
A00025,C00550,P0278,REQK0026,USERK0004,USERK0007,20260423,Rejected,false
A00026,C00268,P0496,REQK0009,USERK0003,USERK0008,20260511,Rejected,false
A00027,C00410,P0168,REQK0011,USERK0002,USERK0010,20260410,Withdrawn,false
A00028,C00166,P0526,REQK0011,USERK0002,USERK0010,20260704,Screen,true
A00029,C00408,P0380,REQK0014,USERK0004,USERK0009,20251122,Hired,false
A00030,C00317,P0233,REQK0019,USERK0004,USERK0010,20260520,Withdrawn,false
A00031,C00570,P0308,REQK0017,USERK0001,USERK0011,20260226,Rejected,false
A00032,C00544,P0012,REQK0021,USERK0001,USERK0008,20260428,Rejected,false
A00033,C00537,P0485,REQK0018,USERK0001,USERK0006,20260515,Withdrawn,false
A00034,C00242,P0398,REQK0001,USERK0003,USERK0006,20260516,Hired,false
A00035,C00121,P0076,REQK0019,USERK0004,USERK0010,20260618,Rejected,false
A00036,C00151,P0492,REQK0010,USERK0003,USERK0005,20260510,Rejected,false
A00037,C00585,P0040,REQK0019,USERK0004,USERK0010,20260622,Screen,true
A00038,C00378,P0379,REQK0003,USERK0001,USERK0005,20251105,Offer,true
A00039,C00482,P0143,REQK0015,USERK0003,USERK0010,20260604,Offer,true
A00040,C00231,P0442,REQK0011,USERK0002,USERK0010,20260128,Withdrawn,false
A00041,C00472,P0519,REQK0018,USERK0001,USERK0006,20260426,Hired,false
A00042,C00323,P0557,REQK0025,USERK0002,USERK0009,20260317,Withdrawn,false
A00043,C00155,P0404,REQK0018,USERK0001,USERK0006,20260203,Withdrawn,false
A00044,C00177,P0362,REQK0006,USERK0003,USERK0011,20260126,Withdrawn,false
A00045,C00458,P0410,REQK0006,USERK0003,USERK0011,20260314,Offer,true
A00046,C00040,P0016,REQK0003,USERK0001,USERK0005,20251205,Rejected,false
A00047,C00561,P0149,REQK0017,USERK0001,USERK0011,20260629,Withdrawn,false
A00048,C00591,P0002,REQK0020,USERK0003,USERK0010,20260528,Withdrawn,false
A00049,C00019,P0275,REQK0003,USERK0001,USERK0005,20260605,Withdrawn,false
A00050,C00583,P0272,REQK0016,USERK0002,USERK0012,20260709,Offer,true
A00051,C00406,P0132,REQK0005,USERK0004,USERK0012,20260501,Withdrawn,false
A00052,C00455,P0295,REQK0018,USERK0001,USERK0006,20260419,Withdrawn,false
A00053,C00365,P0454,REQK0013,USERK0001,USERK0009,20260227,Withdrawn,false
A00054,C00593,P0208,REQK0002,USERK0003,USERK0007,20260212,Withdrawn,false
A00055,C00350,P0327,REQK0023,USERK0001,USERK0009,20260403,Hired,false
A00056,C00581,P0032,REQK0015,USERK0003,USERK0010,20260630,Withdrawn,false
A00057,C00037,P0158,REQK0018,USERK0001,USERK0006,20260702,Interview,true
A00058,C00435,P0010,REQK0005,USERK0004,USERK0012,20260401,Withdrawn,false
A00059,C00052,P0088,REQK0007,USERK0003,USERK0009,20260630,Rejected,false
A00060,C00318,P0033,REQK0013,USERK0001,USERK0009,20260212,Screen,false
A00061,C00376,P0354,REQK0017,USERK0001,USERK0011,20260211,Rejected,false
A00062,C00001,P0470,REQK0019,USERK0004,USERK0010,20260507,Hired,false
A00063,C00389,P0381,REQK0008,USERK0002,USERK0012,20260708,Interview,true
A00064,C00493,P0419,REQK0022,USERK0003,USERK0006,20260529,Withdrawn,false
A00065,C00471,P0114,REQK0020,USERK0003,USERK0010,20260319,Rejected,false
A00066,C00172,P0495,REQK0023,USERK0001,USERK0009,20260401,Rejected,false
A00067,C00578,P0029,REQK0017,USERK0001,USERK0011,20260307,Rejected,false
A00068,C00258,P0100,REQK0004,USERK0002,USERK0008,20260421,Offer,true
A00069,C00191,P0325,REQK0017,USERK0001,USERK0011,20260113,Withdrawn,false
A00070,C00583,P0272,REQK0008,USERK0002,USERK0012,20260405,Withdrawn,false
A00071,C00545,P0303,REQK0020,USERK0003,USERK0010,20260303,Rejected,false
A00072,C00132,P0013,REQK0016,USERK0002,USERK0012,20260319,Withdrawn,false
A00073,C00396,P0415,REQK0015,USERK0003,USERK0010,20260125,Hired,false
A00074,C00312,P0139,REQK0018,USERK0001,USERK0006,20260402,Withdrawn,false
A00075,C00068,P0140,REQK0023,USERK0001,USERK0009,20260403,Screen,false
A00076,C00028,P0211,REQK0025,USERK0002,USERK0009,20260614,Rejected,false
A00077,C00354,P0174,REQK0015,USERK0003,USERK0010,20260416,Withdrawn,false
A00078,C00319,P0031,REQK0009,USERK0003,USERK0008,20260514,Hired,false
A00079,C00270,P0180,REQK0021,USERK0001,USERK0008,20260509,Hired,false
A00080,C00056,P0015,REQK0018,USERK0001,USERK0006,20260501,Rejected,false
A00081,C00075,P0376,REQK0015,USERK0003,USERK0010,20260310,Withdrawn,false
A00082,C00387,P0493,REQK0026,USERK0004,USERK0007,20260417,Rejected,false
A00083,C00459,P0383,REQK0012,USERK0002,USERK0012,20251018,Rejected,false
A00084,C00116,P0144,REQK0022,USERK0003,USERK0006,20251029,Withdrawn,false
A00085,C00262,P0452,REQK0019,USERK0004,USERK0010,20260622,Screen,false
A00086,C00055,P0532,REQK0020,USERK0003,USERK0010,20260602,Rejected,false
A00087,C00217,P0062,REQK0022,USERK0003,USERK0006,20260111,Rejected,false
A00088,C00515,P0559,REQK0018,USERK0001,USERK0006,20260525,Offer,true
A00089,C00355,P0518,REQK0008,USERK0002,USERK0012,20260425,Rejected,false
A00090,C00270,P0180,REQK0020,USERK0003,USERK0010,20260405,Rejected,false
A00091,C00058,P0067,REQK0014,USERK0004,USERK0009,20260502,Rejected,false
A00092,C00089,P0154,REQK0025,USERK0002,USERK0009,20260529,Withdrawn,false
A00093,C00312,P0139,REQK0021,USERK0001,USERK0008,20260609,Withdrawn,false
A00094,C00256,P0434,REQK0006,USERK0003,USERK0011,20260604,Offer,false
A00095,C00241,P0117,REQK0009,USERK0003,USERK0008,20251109,Rejected,false
A00096,C00497,P0367,REQK0003,USERK0001,USERK0005,20260520,Rejected,false
A00097,C00368,P0527,REQK0004,USERK0002,USERK0008,20260620,Withdrawn,false
A00098,C00124,P0130,REQK0014,USERK0004,USERK0009,20251125,Screen,false
A00099,C00242,P0398,REQK0006,USERK0003,USERK0011,20260404,Withdrawn,false
A00100,C00051,P0068,REQK0004,USERK0002,USERK0008,20260529,Withdrawn,false
A00101,C00132,P0013,REQK0026,USERK0004,USERK0007,20260620,Interview,true
A00102,C00185,P0502,REQK0019,USERK0004,USERK0010,20260525,Withdrawn,false
A00103,C00453,P0336,REQK0018,USERK0001,USERK0006,20260430,Offer,true
A00104,C00588,P0019,REQK0022,USERK0003,USERK0006,20251201,Withdrawn,false
A00105,C00209,P0009,REQK0025,USERK0002,USERK0009,20251228,Rejected,false
A00106,C00016,P0183,REQK0009,USERK0003,USERK0008,20251228,Withdrawn,false
A00108,C00593,P0208,REQK0025,USERK0002,USERK0009,20260420,Withdrawn,false
A00109,C00116,P0144,REQK0007,USERK0003,USERK0009,20260115,Withdrawn,false
A00110,C00208,P0507,REQK0003,USERK0001,USERK0005,20251020,Withdrawn,false
A00112,C00293,P0361,REQK0020,USERK0003,USERK0010,20260308,Offer,false
A00113,C00596,P0351,REQK0024,USERK0001,USERK0005,20260525,Offer,true
A00114,C00475,P0509,REQK0010,USERK0003,USERK0005,20260318,Hired,false
A00115,C00506,P0134,REQK0015,USERK0003,USERK0010,20260613,Withdrawn,false
A00116,C00182,P0474,REQK0005,USERK0004,USERK0012,20260520,Rejected,false
A00117,C00162,P0439,REQK0008,USERK0002,USERK0012,20260525,Offer,true
A00118,C00452,P0406,REQK0003,USERK0001,USERK0005,20251203,Offer,true
A00119,C00020,P0320,REQK0001,USERK0003,USERK0006,20260527,Withdrawn,false
A00120,C00310,P0035,REQK0002,USERK0003,USERK0007,20260111,Rejected,false
A00121,C00044,P0248,REQK0002,USERK0003,USERK0007,20260619,Offer,true
A00122,C00059,P0155,REQK0012,USERK0002,USERK0012,20260103,Withdrawn,false
A00123,C00525,P0221,REQK0005,USERK0004,USERK0012,20260424,Withdrawn,false
A00124,C00005,P0469,REQK0026,USERK0004,USERK0007,20260611,Rejected,false
A00125,C00434,P0074,REQK0004,USERK0002,USERK0008,20260504,Hired,false
A00126,C00159,P0356,REQK0006,USERK0003,USERK0011,20260711,Withdrawn,false
A00127,C00059,P0155,REQK0001,USERK0003,USERK0006,20260621,Rejected,false
A00128,C00026,P0302,REQK0016,USERK0002,USERK0012,20260309,Withdrawn,false
A00129,C00113,P0065,REQK0006,USERK0003,USERK0011,20260629,Screen,true
A00130,C00583,P0272,REQK0013,USERK0001,USERK0009,20260424,Withdrawn,false
A00131,C00545,P0303,REQK0023,USERK0001,USERK0009,20260309,Withdrawn,false
A00132,C00440,P0057,REQK0002,USERK0003,USERK0007,20260617,Interview,true
A00134,C00224,P0270,REQK0007,USERK0003,USERK0009,20260627,Rejected,false
A00135,C00111,P0338,REQK0011,USERK0002,USERK0010,20251110,Interview,true
A00136,C00115,P0166,REQK0015,USERK0003,USERK0010,20260305,Withdrawn,false
A00137,C00025,P0482,REQK0012,USERK0002,USERK0012,20260709,Interview,true
A00138,C00113,P0065,REQK0003,USERK0001,USERK0005,20260406,Hired,false
A00139,C00496,P0116,REQK0022,USERK0003,USERK0006,20260619,Interview,true
A00140,C00155,P0404,REQK0006,USERK0003,USERK0011,20260118,Rejected,false
A00141,C00467,P0225,REQK0011,USERK0002,USERK0010,20260503,Rejected,false
A00142,C00127,P0489,REQK0010,USERK0003,USERK0005,20260602,Rejected,false
A00144,C00429,P0347,REQK0008,USERK0002,USERK0012,20260627,Withdrawn,false
A00145,C00064,P0282,REQK0008,USERK0002,USERK0012,20260421,Hired,false
A00146,C00325,P0331,REQK0003,USERK0001,USERK0005,20260204,Withdrawn,false
A00147,C00180,P0397,REQK0012,USERK0002,USERK0012,20250927,Rejected,false
A00148,C00587,P0054,REQK0012,USERK0002,USERK0012,20251006,Withdrawn,false
A00149,C00014,P0087,REQK0015,USERK0003,USERK0010,20260503,Rejected,false
A00150,C00499,P0459,REQK0022,USERK0003,USERK0006,20251018,Withdrawn,false
A00151,C00254,P0424,REQK0011,USERK0002,USERK0010,20260523,Offer,true
A00152,C00590,P0074,REQK0017,USERK0001,USERK0011,20260507,Rejected,false
A00153,C00105,P0506,REQK0013,USERK0001,USERK0009,20260425,Rejected,false
A00154,C00262,P0452,REQK0021,USERK0001,USERK0008,20260603,Interview,false
A00155,C00470,P0107,REQK0020,USERK0003,USERK0010,20260626,Rejected,false
A00156,C00585,P0040,REQK0003,USERK0001,USERK0005,20260401,Rejected,false
A00157,C00165,P0388,REQK0008,USERK0002,USERK0012,20260531,Withdrawn,false
A00158,C00013,P0510,REQK0017,USERK0001,USERK0011,20260530,Hired,false
A00159,C00117,P0352,REQK0006,USERK0003,USERK0011,20260527,Hired,false
A00160,C00199,P0138,REQK0006,USERK0003,USERK0011,20260523,Withdrawn,false
A00161,C00311,P0524,REQK0019,USERK0004,USERK0010,20260529,Withdrawn,false
A00162,C00062,P0018,REQK0003,USERK0001,USERK0005,20251107,Hired,false
A00163,C00049,P0246,REQK0016,USERK0002,USERK0012,20260427,Withdrawn,false
A00164,C00518,P0375,REQK0025,USERK0002,USERK0009,20251031,Rejected,false
A00165,C00281,P0202,REQK0025,USERK0002,USERK0009,20260106,Withdrawn,false
A00166,C00383,P0106,REQK0018,USERK0001,USERK0006,20251214,Withdrawn,false
A00167,C00253,P0001,REQK0006,USERK0003,USERK0011,20260125,Withdrawn,false
A00168,C00495,P0194,REQK0017,USERK0001,USERK0011,20260408,Offer,true
A00169,C00265,P0054,REQK0024,USERK0001,USERK0005,20260428,Rejected,false
A00170,C00474,P0349,REQK0022,USERK0003,USERK0006,20260407,Hired,false
A00171,C00442,P0490,REQK0018,USERK0001,USERK0006,20260311,Withdrawn,false
A00172,C00361,P0371,REQK0003,USERK0001,USERK0005,20260512,Withdrawn,false
A00173,C00571,P0293,REQK0006,USERK0003,USERK0011,20260130,Rejected,false
A00174,C00374,P0279,REQK0017,USERK0001,USERK0011,20260310,Withdrawn,false
A00175,C00168,P0265,REQK0008,USERK0002,USERK0012,20260428,Rejected,false
A00176,C00168,P0265,REQK0023,USERK0001,USERK0009,20260518,Withdrawn,false
A00177,C00338,P0063,REQK0007,USERK0003,USERK0009,20260614,Rejected,false
A00178,C00137,P0393,REQK0022,USERK0003,USERK0006,20260530,Rejected,false
A00179,C00413,P0226,REQK0008,USERK0002,USERK0012,20260702,Rejected,false
A00180,C00159,P0356,REQK0012,USERK0002,USERK0012,20260506,Rejected,false
A00181,C00320,P0175,REQK0023,USERK0001,USERK0009,20260328,Withdrawn,false
A00182,C00101,P0192,REQK0007,USERK0003,USERK0009,20260404,Rejected,false
A00183,C00429,P0347,REQK0004,USERK0002,USERK0008,20260428,Hired,false
A00184,C00042,P0050,REQK0017,USERK0001,USERK0011,20260410,Withdrawn,false
A00185,C00434,P0074,REQK0014,USERK0004,USERK0009,20251224,Hired,false
A00186,C00321,P0030,REQK0024,USERK0001,USERK0005,20260616,Withdrawn,false
A00187,C00218,P0136,REQK0012,USERK0002,USERK0012,20260530,Hired,false
A00188,C00071,P0330,REQK0022,USERK0003,USERK0006,20260113,Withdrawn,false
A00189,C00308,P0296,REQK0003,USERK0001,USERK0005,20260609,Withdrawn,false
A00190,C00085,P0342,REQK0023,USERK0001,USERK0009,20260421,Rejected,false
A00191,C00341,P0135,REQK0018,USERK0001,USERK0006,20251230,Rejected,false
A00192,C00122,P0334,REQK0015,USERK0003,USERK0010,20260502,Withdrawn,false
A00193,C00131,P0428,REQK0019,USERK0004,USERK0010,20260505,Withdrawn,false
A00194,C00099,P0066,REQK0007,USERK0003,USERK0009,20260425,Withdrawn,false
A00195,C00230,P0500,REQK0026,USERK0004,USERK0007,20260419,Withdrawn,false
A00196,C00027,P0516,REQK0009,USERK0003,USERK0008,20260406,Rejected,false
A00197,C00130,P0055,REQK0011,USERK0002,USERK0010,20251113,Withdrawn,false
A00198,C00278,P0179,REQK0006,USERK0003,USERK0011,20260115,Withdrawn,false
A00199,C00133,P0020,REQK0012,USERK0002,USERK0012,20251125,Rejected,false
A00200,C00141,P0351,REQK0003,USERK0001,USERK0005,20260617,Offer,true
A00201,C00155,P0404,REQK0005,USERK0004,USERK0012,20260326,Withdrawn,false
A00202,C00406,P0132,REQK0017,USERK0001,USERK0011,20260328,Withdrawn,false
A00203,C00296,P0232,REQK0013,USERK0001,USERK0009,20260210,Withdrawn,false
A00204,C00331,P0244,REQK0001,USERK0003,USERK0006,20260519,Rejected,false
A00205,C00601,P0049,REQK0022,USERK0003,USERK0006,20260401,Offer,true
A00206,C00452,P0406,REQK0007,USERK0003,USERK0009,20251113,Rejected,false
A00207,C00492,P0535,REQK0025,USERK0002,USERK0009,20260221,Withdrawn,false
A00208,C00152,P0484,REQK0016,USERK0002,USERK0012,20260611,Interview,false
A00209,C00215,P0288,REQK0022,USERK0003,USERK0006,20251221,Withdrawn,false
A00210,C00444,P0170,REQK0011,USERK0002,USERK0010,20260211,Withdrawn,false
A00211,C00600,P0325,REQK0026,USERK0004,USERK0007,20260505,Withdrawn,false
A00212,C00088,P0163,REQK0014,USERK0004,USERK0009,20251124,Withdrawn,false
A00213,C00405,P0359,REQK0014,USERK0004,USERK0009,20260113,Hired,false
A00214,C00159,P0356,REQK0001,USERK0003,USERK0006,20260702,Offer,true
A00215,C00379,P0110,REQK0007,USERK0003,USERK0009,20251225,Rejected,false
A00216,C00407,P0365,REQK0003,USERK0001,USERK0005,20260125,Screen,false
A00217,C00007,P0337,REQK0003,USERK0001,USERK0005,20260709,Rejected,false
A00218,C00443,P0043,REQK0026,USERK0004,USERK0007,20260515,Interview,false
A00219,C00190,P0005,REQK0018,USERK0001,USERK0006,20260414,Offer,true
A00220,C00248,P0045,REQK0022,USERK0003,USERK0006,20251229,Rejected,false
A00221,C00089,P0154,REQK0010,USERK0003,USERK0005,20260401,Rejected,false
A00222,C00556,P0504,REQK0008,USERK0002,USERK0012,20260406,Withdrawn,false
A00223,C00439,P0230,REQK0001,USERK0003,USERK0006,20260611,Offer,true
A00224,C00361,P0371,REQK0001,USERK0003,USERK0006,20260505,Rejected,false
A00225,C00224,P0270,REQK0004,USERK0002,USERK0008,20260708,Withdrawn,false
A00226,C00387,P0493,REQK0017,USERK0001,USERK0011,20260330,Rejected,false
A00227,C00573,P0057,REQK0009,USERK0003,USERK0008,20260607,Withdrawn,false
A00228,C00361,P0371,REQK0019,USERK0004,USERK0010,20260611,Offer,true
A00229,C00434,P0074,REQK0021,USERK0001,USERK0008,20260705,Withdrawn,false
A00230,C00272,P0560,REQK0023,USERK0001,USERK0009,20260711,Screen,true
A00231,C00320,P0175,REQK0024,USERK0001,USERK0005,20260516,Rejected,false
A00232,C00267,P0254,REQK0024,USERK0001,USERK0005,20260515,Rejected,false
A00233,C00242,P0398,REQK0001,USERK0003,USERK0006,20260517,Rejected,false
A00234,C00210,P0032,REQK0005,USERK0004,USERK0012,20260408,Hired,false
A00235,C00167,P0229,REQK0016,USERK0002,USERK0012,20260527,Withdrawn,false
A00236,C00436,P0083,REQK0014,USERK0004,USERK0009,20260524,Rejected,false
A00237,C00303,P0006,REQK0001,USERK0003,USERK0006,20260607,Rejected,false
A00238,C00457,P0453,REQK0025,USERK0002,USERK0009,20260404,Withdrawn,false
A00239,C00174,P0390,REQK0001,USERK0003,USERK0006,20260516,Hired,false
A00240,C00568,P0440,REQK0019,USERK0004,USERK0010,20260527,Withdrawn,false
A00242,C00283,P0190,REQK0021,USERK0001,USERK0008,20260421,Withdrawn,false
A00243,C00393,P0530,REQK0026,USERK0004,USERK0007,20260513,Withdrawn,false
A00244,C00057,P0346,REQK0022,USERK0003,USERK0006,20260210,Withdrawn,false
A00245,C00512,P0283,REQK0018,USERK0001,USERK0006,20260331,Hired,false
A00246,C00560,P0280,REQK0007,USERK0003,USERK0009,20260218,Hired,false
A00247,C00449,P0165,REQK0025,USERK0002,USERK0009,20260102,Hired,false
A00248,C00389,P0381,REQK0023,USERK0001,USERK0009,20260404,Rejected,false
A00250,C00095,P0224,REQK0004,USERK0002,USERK0008,20260527,Withdrawn,false
A00251,C00376,P0354,REQK0025,USERK0002,USERK0009,20251229,Withdrawn,false
A00252,C00025,P0482,REQK0022,USERK0003,USERK0006,20260218,Rejected,false
A00253,C00093,P0150,REQK0020,USERK0003,USERK0010,20260605,Hired,false
A00254,C00452,P0406,REQK0011,USERK0002,USERK0010,20251215,Withdrawn,false
A00255,C00501,P0304,REQK0011,USERK0002,USERK0010,20260315,Rejected,false
A00256,C00420,P0243,REQK0022,USERK0003,USERK0006,20260619,Withdrawn,false
A00257,C00051,P0068,REQK0008,USERK0002,USERK0012,20260424,Rejected,false
A00258,C00185,P0502,REQK0010,USERK0003,USERK0005,20260423,Rejected,false
A00259,C00256,P0434,REQK0024,USERK0001,USERK0005,20260429,Rejected,false
A00260,C00556,P0504,REQK0004,USERK0002,USERK0008,20260627,Withdrawn,false
A00261,C00184,P0269,REQK0004,USERK0002,USERK0008,20260628,Rejected,false
A00262,C00131,P0428,REQK0016,USERK0002,USERK0012,20260419,Rejected,false
A00264,C00228,P0458,REQK0022,USERK0003,USERK0006,20251108,Hired,false
A00265,C00430,P0550,REQK0001,USERK0003,USERK0006,20260520,Rejected,false
A00266,C00028,P0211,REQK0008,USERK0002,USERK0012,20260404,Withdrawn,false
A00267,C00198,P0126,REQK0005,USERK0004,USERK0012,20260607,Rejected,false
A00268,C00264,P0414,REQK0011,USERK0002,USERK0010,20251216,Withdrawn,false
A00269,C00264,P0414,REQK0022,USERK0003,USERK0006,20260314,Offer,true
A00270,C00575,P0025,REQK0006,USERK0003,USERK0011,20260429,Hired,false
A00271,C00094,P0263,REQK0022,USERK0003,USERK0006,20260704,Withdrawn,false
A00272,C00040,P0016,REQK0015,USERK0003,USERK0010,20260418,Hired,false
A00273,C00023,P0488,REQK0017,USERK0001,USERK0011,20260204,Withdrawn,false
A00274,C00428,P0070,REQK0004,USERK0002,USERK0008,20260421,Hired,false
A00275,C00129,P0438,REQK0008,USERK0002,USERK0012,20260616,Rejected,false
A00276,C00311,P0524,REQK0002,USERK0003,USERK0007,20251114,Offer,false
A00277,C00168,P0265,REQK0021,USERK0001,USERK0008,20260603,Withdrawn,false
A00278,C00021,P0267,REQK0004,USERK0002,USERK0008,20260627,Rejected,false
A00279,C00419,P0431,REQK0026,USERK0004,USERK0007,20260427,Rejected,false
A00280,C00284,P0059,REQK0016,USERK0002,USERK0012,20260427,Withdrawn,false
A00281,C00446,P0156,REQK0024,USERK0001,USERK0005,20260507,Offer,true
A00282,C00238,P0039,REQK0016,USERK0002,USERK0012,20260201,Offer,true
A00283,C00352,P0542,REQK0012,USERK0002,USERK0012,20260510,Withdrawn,false
A00284,C00419,P0431,REQK0009,USERK0003,USERK0008,20260601,Interview,true
A00285,C00016,P0183,REQK0003,USERK0001,USERK0005,20260317,Withdrawn,false
A00286,C00499,P0459,REQK0025,USERK0002,USERK0009,20260612,Withdrawn,false
A00287,C00595,P0080,REQK0018,USERK0001,USERK0006,20260510,Withdrawn,false
A00288,C00573,P0057,REQK0015,USERK0003,USERK0010,20260506,Withdrawn,false
A00289,C00091,P0289,REQK0026,USERK0004,USERK0007,20260508,Withdrawn,false
A00290,C00223,P0481,REQK0021,USERK0001,USERK0008,20260613,Offer,true
A00291,C00532,P0543,REQK0014,USERK0004,USERK0009,20251111,Withdrawn,false
A00292,C00327,P0082,REQK0018,USERK0001,USERK0006,20260425,Rejected,false
A00293,C00022,P0026,REQK0004,USERK0002,USERK0008,20260527,Offer,true
A00294,C00163,P0422,REQK0018,USERK0001,USERK0006,20260119,Screen,false
A00295,C00110,P0266,REQK0007,USERK0003,USERK0009,20260420,Hired,false
A00296,C00568,P0440,REQK0024,USERK0001,USERK0005,20260609,Rejected,false
A00297,C00022,P0026,REQK0004,USERK0002,USERK0008,20260415,Rejected,false
A00298,C00087,P0461,REQK0013,USERK0001,USERK0009,20260112,Hired,false
A00299,C00514,P0264,REQK0023,USERK0001,USERK0009,20260331,Rejected,false
A00300,C00050,P0446,REQK0018,USERK0001,USERK0006,20260616,Rejected,false
A00301,C00158,P0448,REQK0023,USERK0001,USERK0009,20260326,Rejected,false
A00302,C00365,P0454,REQK0019,USERK0004,USERK0010,20260507,Withdrawn,false
A00303,C00272,P0560,REQK0017,USERK0001,USERK0011,20260427,Withdrawn,false
A00304,C00216,P0058,REQK0004,USERK0002,USERK0008,20260507,Withdrawn,false
A00305,C00127,P0489,REQK0012,USERK0002,USERK0012,20260120,Withdrawn,false
A00306,C00558,P0205,REQK0014,USERK0004,USERK0009,20260520,Screen,false
A00307,C00106,P0378,REQK0010,USERK0003,USERK0005,20260522,Offer,true
A00308,C00203,P0169,REQK0007,USERK0003,USERK0009,20260115,Offer,false
A00309,C00166,P0526,REQK0007,USERK0003,USERK0009,20251127,Withdrawn,false
A00310,C00442,P0490,REQK0023,USERK0001,USERK0009,20260531,Withdrawn,false
A00311,C00027,P0516,REQK0006,USERK0003,USERK0011,20260611,Withdrawn,false
A00312,C00131,P0428,REQK0005,USERK0004,USERK0012,20260419,Rejected,false
A00313,C00165,P0388,REQK0011,USERK0002,USERK0010,20251103,Screen,false
A00314,C00202,P0215,REQK0016,USERK0002,USERK0012,20260608,Interview,true
A00315,C00367,P0047,REQK0013,USERK0001,USERK0009,20260110,Rejected,false
A00316,C00075,P0376,REQK0006,USERK0003,USERK0011,20260626,Withdrawn,false
A00317,C00517,P0024,REQK0024,USERK0001,USERK0005,20260518,Withdrawn,false
A00318,C00233,P0119,REQK0022,USERK0003,USERK0006,20260404,Rejected,false
A00319,C00465,P0198,REQK0015,USERK0003,USERK0010,20260218,Hired,false
A00320,C00251,P0465,REQK0001,USERK0003,USERK0006,20260522,Rejected,false
A00321,C00352,P0542,REQK0025,USERK0002,USERK0009,20251104,Interview,true
A00322,C00416,P0095,REQK0019,USERK0004,USERK0010,20260711,Offer,true
A00323,C00403,P0405,REQK0022,USERK0003,USERK0006,20251201,Withdrawn,false
A00324,C00367,P0047,REQK0019,USERK0004,USERK0010,20260707,Withdrawn,false
A00325,C00583,P0272,REQK0015,USERK0003,USERK0010,20260531,Offer,true
A00326,C00489,P0023,REQK0025,USERK0002,USERK0009,20251105,Withdrawn,false
A00327,C00140,P0003,REQK0012,USERK0002,USERK0012,20260301,Offer,true
A00328,C00399,P0549,REQK0026,USERK0004,USERK0007,20260626,Screen,false
A00329,C00277,P0187,REQK0015,USERK0003,USERK0010,20260701,Offer,true
A00330,C00258,P0100,REQK0002,USERK0003,USERK0007,20260210,Withdrawn,false
A00331,C00140,P0003,REQK0024,USERK0001,USERK0005,20260622,Offer,true
A00332,C00473,P0137,REQK0012,USERK0002,USERK0012,20251016,Withdrawn,false
A00333,C00307,P0017,REQK0020,USERK0003,USERK0010,20260617,Rejected,false
A00334,C00106,P0378,REQK0006,USERK0003,USERK0011,20260428,Hired,false
A00335,C00144,P0426,REQK0007,USERK0003,USERK0009,20251023,Hired,false
A00336,C00531,P0077,REQK0004,USERK0002,USERK0008,20260705,Withdrawn,false
A00337,C00300,P0416,REQK0005,USERK0004,USERK0012,20260429,Rejected,false
A00338,C00564,P0130,REQK0006,USERK0003,USERK0011,20260702,Withdrawn,false
A00339,C00422,P0363,REQK0023,USERK0001,USERK0009,20260709,Rejected,false
A00340,C00550,P0278,REQK0010,USERK0003,USERK0005,20260318,Offer,false
A00341,C00231,P0442,REQK0019,USERK0004,USERK0010,20260518,Rejected,false
A00342,C00375,P0374,REQK0014,USERK0004,USERK0009,20260419,Withdrawn,false
A00343,C00389,P0381,REQK0001,USERK0003,USERK0006,20260502,Rejected,false
A00344,C00168,P0265,REQK0023,USERK0001,USERK0009,20260311,Interview,true
A00345,C00118,P0094,REQK0013,USERK0001,USERK0009,20260330,Rejected,false
A00346,C00491,P0473,REQK0017,USERK0001,USERK0011,20260412,Withdrawn,false
A00347,C00010,P0007,REQK0026,USERK0004,USERK0007,20260605,Rejected,false
A00348,C00536,P0109,REQK0003,USERK0001,USERK0005,20260327,Rejected,false
A00349,C00323,P0557,REQK0004,USERK0002,USERK0008,20260531,Rejected,false
A00350,C00113,P0065,REQK0002,USERK0003,USERK0007,20260608,Rejected,false
A00351,C00148,P0276,REQK0017,USERK0001,USERK0011,20260317,Hired,false
A00353,C00396,P0415,REQK0021,USERK0001,USERK0008,20260521,Rejected,false
A00354,C00399,P0549,REQK0023,USERK0001,USERK0009,20260312,Withdrawn,false
A00355,C00269,P0152,REQK0007,USERK0003,USERK0009,20260217,Rejected,false
A00356,C00208,P0507,REQK0010,USERK0003,USERK0005,20260428,Withdrawn,false
A00357,C00575,P0025,REQK0017,USERK0001,USERK0011,20260529,Rejected,false
A00358,C00143,P0041,REQK0012,USERK0002,USERK0012,20251012,Hired,false
A00359,C00167,P0229,REQK0006,USERK0003,USERK0011,20260429,Rejected,false
A00360,C00159,P0356,REQK0013,USERK0001,USERK0009,20260213,Rejected,false
A00361,C00565,P0364,REQK0026,USERK0004,USERK0007,20260702,Screen,true
A00362,C00105,P0506,REQK0015,USERK0003,USERK0010,20260609,Withdrawn,false
A00363,C00351,P0455,REQK0023,USERK0001,USERK0009,20260312,Withdrawn,false
A00364,C00420,P0243,REQK0010,USERK0003,USERK0005,20260623,Withdrawn,false
A00365,C00565,P0364,REQK0006,USERK0003,USERK0011,20260613,Withdrawn,false
A00366,C00192,P0341,REQK0019,USERK0004,USERK0010,20260630,Withdrawn,false
A00367,C00478,P0011,REQK0025,USERK0002,USERK0009,20251217,Withdrawn,false
A00368,C00410,P0168,REQK0018,USERK0001,USERK0006,20260127,Withdrawn,false
A00369,C00368,P0527,REQK0003,USERK0001,USERK0005,20260429,Rejected,false
A00370,C00425,P0358,REQK0015,USERK0003,USERK0010,20260125,Withdrawn,false
A00371,C00344,P0291,REQK0025,USERK0002,USERK0009,20251109,Rejected,false
A00372,C00085,P0342,REQK0025,USERK0002,USERK0009,20251123,Rejected,false
A00373,C00295,P0146,REQK0007,USERK0003,USERK0009,20251123,Rejected,false
A00374,C00034,P0186,REQK0013,USERK0001,USERK0009,20260404,Withdrawn,false
A00375,C00587,P0054,REQK0018,USERK0001,USERK0006,20251226,Rejected,false
A00376,C00358,P0293,REQK0002,USERK0003,USERK0007,20260401,Withdrawn,false
A00377,C00052,P0088,REQK0006,USERK0003,USERK0011,20260111,Rejected,false
A00378,C00391,P0385,REQK0013,USERK0001,USERK0009,20260318,Withdrawn,false
A00379,C00561,P0149,REQK0025,USERK0002,USERK0009,20251221,Rejected,false
A00380,C00518,P0375,REQK0020,USERK0003,USERK0010,20260619,Rejected,false
A00381,C00193,P0343,REQK0017,USERK0001,USERK0011,20260504,Hired,false
A00382,C00572,P0240,REQK0018,USERK0001,USERK0006,20260226,Interview,true
A00383,C00156,P0268,REQK0004,USERK0002,USERK0008,20260426,Rejected,false
A00384,C00165,P0388,REQK0023,USERK0001,USERK0009,20260305,Rejected,false
A00385,C00358,P0293,REQK0002,USERK0003,USERK0007,20260208,Rejected,false
A00386,C00577,P0050,REQK0020,USERK0003,USERK0010,20260626,Offer,true
A00387,C00437,P0541,REQK0014,USERK0004,USERK0009,20260419,Rejected,false
A00388,C00177,P0362,REQK0026,USERK0004,USERK0007,20260623,Interview,true
A00389,C00004,P0437,REQK0012,USERK0002,USERK0012,20260614,Offer,true
A00390,C00305,P0389,REQK0003,USERK0001,USERK0005,20260605,Offer,true
A00391,C00474,P0349,REQK0026,USERK0004,USERK0007,20260415,Rejected,false
A00392,C00004,P0437,REQK0023,USERK0001,USERK0009,20260405,Withdrawn,false
A00393,C00298,P0177,REQK0009,USERK0003,USERK0008,20251119,Rejected,false
A00394,C00483,P0292,REQK0009,USERK0003,USERK0008,20251103,Hired,false
A00395,C00254,P0424,REQK0007,USERK0003,USERK0009,20251010,Interview,false
A00396,C00278,P0179,REQK0020,USERK0003,USERK0010,20260505,Withdrawn,false
A00397,C00593,P0208,REQK0006,USERK0003,USERK0011,20260218,Withdrawn,false
A00398,C00554,P0060,REQK0014,USERK0004,USERK0009,20260216,Hired,false
A00399,C00486,P0307,REQK0024,USERK0001,USERK0005,20260530,Withdrawn,false
A00400,C00339,P0037,REQK0026,USERK0004,USERK0007,20260430,Withdrawn,false
A00401,C00320,P0175,REQK0011,USERK0002,USERK0010,20251004,Withdrawn,false
A00402,C00163,P0422,REQK0022,USERK0003,USERK0006,20251012,Rejected,false
A00403,C00487,P0324,REQK0022,USERK0003,USERK0006,20260325,Rejected,false
A00404,C00075,P0376,REQK0001,USERK0003,USERK0006,20260709,Interview,true
A00405,C00586,P0459,REQK0020,USERK0003,USERK0010,20260513,Hired,false
A00406,C00170,P0008,REQK0021,USERK0001,USERK0008,20260508,Rejected,false
A00407,C00464,P0091,REQK0023,USERK0001,USERK0009,20260514,Withdrawn,false
A00408,C00293,P0361,REQK0007,USERK0003,USERK0009,20260506,Offer,false
A00409,C00052,P0088,REQK0024,USERK0001,USERK0005,20260610,Rejected,false
A00410,C00295,P0146,REQK0014,USERK0004,USERK0009,20260327,Hired,false
A00411,C00238,P0039,REQK0007,USERK0003,USERK0009,20260129,Offer,true
A00412,C00311,P0524,REQK0014,USERK0004,USERK0009,20260614,Withdrawn,false
A00413,C00260,P0445,REQK0004,USERK0002,USERK0008,20260526,Withdrawn,false
A00414,C00511,P0353,REQK0001,USERK0003,USERK0006,20260506,Hired,false
A00415,C00526,P0072,REQK0003,USERK0001,USERK0005,20260617,Rejected,false
A00416,C00510,P0382,REQK0008,USERK0002,USERK0012,20260525,Withdrawn,false
A00417,C00342,P0131,REQK0011,USERK0002,USERK0010,20260311,Hired,false
A00418,C00357,P0216,REQK0023,USERK0001,USERK0009,20260503,Rejected,false
A00419,C00183,P0214,REQK0017,USERK0001,USERK0011,20251204,Rejected,false
A00420,C00474,P0349,REQK0018,USERK0001,USERK0006,20260210,Rejected,false
A00421,C00471,P0114,REQK0017,USERK0001,USERK0011,20251227,Rejected,false
A00422,C00121,P0076,REQK0001,USERK0003,USERK0006,20260626,Offer,true
A00423,C00162,P0439,REQK0007,USERK0003,USERK0009,20260301,Withdrawn,false
A00424,C00547,P0313,REQK0022,USERK0003,USERK0006,20251017,Withdrawn,false
A00425,C00220,P0181,REQK0024,USERK0001,USERK0005,20260509,Withdrawn,false
A00426,C00455,P0295,REQK0025,USERK0002,USERK0009,20260412,Offer,true
A00427,C00574,P0497,REQK0004,USERK0002,USERK0008,20260701,Screen,false
A00428,C00575,P0025,REQK0023,USERK0001,USERK0009,20260520,Withdrawn,false
A00429,C00013,P0510,REQK0014,USERK0004,USERK0009,20260701,Rejected,false
A00430,C00565,P0364,REQK0007,USERK0003,USERK0009,20260314,Withdrawn,false
A00431,C00006,P0456,REQK0021,USERK0001,USERK0008,20260501,Withdrawn,false
A00432,C00135,P0394,REQK0016,USERK0002,USERK0012,20260407,Withdrawn,false
A00433,C00088,P0163,REQK0021,USERK0001,USERK0008,20260510,Withdrawn,false
A00434,C00597,P0141,REQK0018,USERK0001,USERK0006,20260626,Screen,true
A00435,C00577,P0050,REQK0008,USERK0002,USERK0012,20260711,Screen,true
A00436,C00388,P0427,REQK0022,USERK0003,USERK0006,20251105,Rejected,false
A00437,C00404,P0212,REQK0011,USERK0002,USERK0010,20260125,Offer,false
A00438,C00354,P0174,REQK0022,USERK0003,USERK0006,20251207,Hired,false
A00439,C00084,P0078,REQK0026,USERK0004,USERK0007,20260619,Offer,true
A00440,C00440,P0057,REQK0019,USERK0004,USERK0010,20260612,Screen,false
A00442,C00153,P0309,REQK0007,USERK0003,USERK0009,20260331,Withdrawn,false
A00443,C00421,P0061,REQK0010,USERK0003,USERK0005,20260630,Rejected,false
A00444,C00284,P0059,REQK0026,USERK0004,USERK0007,20260526,Withdrawn,false
A00445,C00122,P0334,REQK0017,USERK0001,USERK0011,20260114,Rejected,false
A00446,C00074,P0310,REQK0004,USERK0002,USERK0008,20260622,Withdrawn,false
A00447,C00188,P0457,REQK0012,USERK0002,USERK0012,20251119,Withdrawn,false
A00448,C00163,P0422,REQK0025,USERK0002,USERK0009,20260601,Withdrawn,false
A00449,C00437,P0541,REQK0007,USERK0003,USERK0009,20251017,Withdrawn,false
A00450,C00149,P0274,REQK0026,USERK0004,USERK0007,20260426,Withdrawn,false
A00451,C00458,P0410,REQK0002,USERK0003,USERK0007,20260407,Hired,false
A00452,C00405,P0359,REQK0017,USERK0001,USERK0011,20260614,Offer,true
A00453,C00571,P0293,REQK0024,USERK0001,USERK0005,20260707,Rejected,false
A00454,C00118,P0094,REQK0006,USERK0003,USERK0011,20260427,Withdrawn,false
A00455,C00275,P0360,REQK0006,USERK0003,USERK0011,20260430,Rejected,false
A00456,C00248,P0045,REQK0012,USERK0002,USERK0012,20251101,Withdrawn,false
A00457,C00459,P0383,REQK0022,USERK0003,USERK0006,20260511,Hired,false
A00458,C00265,P0054,REQK0024,USERK0001,USERK0005,20260622,Interview,false
A00459,C00079,P0319,REQK0014,USERK0004,USERK0009,20260109,Withdrawn,false
A00460,C00560,P0280,REQK0025,USERK0002,USERK0009,20250918,Interview,false
A00461,C00410,P0168,REQK0006,USERK0003,USERK0011,20260427,Withdrawn,false
A00462,C00477,P0231,REQK0022,USERK0003,USERK0006,20260314,Offer,true
A00463,C00214,P0545,REQK0023,USERK0001,USERK0009,20260605,Withdrawn,false
A00464,C00371,P0249,REQK0003,USERK0001,USERK0005,20251214,Rejected,false
A00465,C00308,P0296,REQK0007,USERK0003,USERK0009,20260503,Rejected,false
A00467,C00074,P0310,REQK0002,USERK0003,USERK0007,20251126,Rejected,false
A00468,C00439,P0230,REQK0003,USERK0001,USERK0005,20251126,Offer,true
A00469,C00428,P0070,REQK0007,USERK0003,USERK0009,20260627,Rejected,false
A00470,C00475,P0509,REQK0009,USERK0003,USERK0008,20260330,Rejected,false
A00471,C00473,P0137,REQK0012,USERK0002,USERK0012,20260404,Rejected,false
A00472,C00063,P0188,REQK0002,USERK0003,USERK0007,20260307,Withdrawn,false
A00473,C00197,P0133,REQK0007,USERK0003,USERK0009,20260409,Rejected,false
A00474,C00341,P0135,REQK0012,USERK0002,USERK0012,20260407,Rejected,false
A00475,C00444,P0170,REQK0010,USERK0003,USERK0005,20260530,Offer,true
A00476,C00035,P0193,REQK0025,USERK0002,USERK0009,20251001,Rejected,false
A00477,C00388,P0427,REQK0021,USERK0001,USERK0008,20260618,Withdrawn,false
A00478,C00355,P0518,REQK0007,USERK0003,USERK0009,20250919,Withdrawn,false
A00479,C00576,P0202,REQK0009,USERK0003,USERK0008,20260223,Withdrawn,false
A00480,C00268,P0496,REQK0016,USERK0002,USERK0012,20260630,Withdrawn,false
A00481,C00093,P0150,REQK0014,USERK0004,USERK0009,20251214,Rejected,false
A00482,C00114,P0301,REQK0015,USERK0003,USERK0010,20260124,Rejected,false
A00483,C00446,P0156,REQK0013,USERK0001,USERK0009,20260222,Rejected,false
A00484,C00482,P0143,REQK0006,USERK0003,USERK0011,20260516,Withdrawn,false
A00485,C00199,P0138,REQK0006,USERK0003,USERK0011,20260409,Hired,false
A00486,C00127,P0489,REQK0008,USERK0002,USERK0012,20260502,Rejected,false
A00487,C00366,P0234,REQK0003,USERK0001,USERK0005,20251231,Rejected,false
A00488,C00158,P0448,REQK0009,USERK0003,USERK0008,20260120,Offer,true
A00489,C00557,P0027,REQK0019,USERK0004,USERK0010,20260610,Hired,false
A00490,C00479,P0197,REQK0024,USERK0001,USERK0005,20260706,Screen,true
A00491,C00435,P0010,REQK0012,USERK0002,USERK0012,20260108,Withdrawn,false
A00492,C00380,P0521,REQK0021,USERK0001,USERK0008,20260525,Rejected,false
A00493,C00372,P0322,REQK0023,USERK0001,USERK0009,20260612,Offer,true
A00494,C00284,P0059,REQK0018,USERK0001,USERK0006,20260419,Withdrawn,false
A00495,C00160,P0019,REQK0005,USERK0004,USERK0012,20260625,Withdrawn,false
A00496,C00024,P0546,REQK0003,USERK0001,USERK0005,20251229,Withdrawn,false
A00497,C00222,P0227,REQK0015,USERK0003,USERK0010,20260519,Withdrawn,false
A00498,C00312,P0139,REQK0016,USERK0002,USERK0012,20260226,Withdrawn,false
A00499,C00004,P0437,REQK0016,USERK0002,USERK0012,20260503,Rejected,false
A00500,C00560,P0280,REQK0024,USERK0001,USERK0005,20260516,Rejected,false
A00501,C00161,P0104,REQK0008,USERK0002,USERK0012,20260507,Rejected,false
A00502,C00034,P0186,REQK0024,USERK0001,USERK0005,20260615,Rejected,false
A00503,C00419,P0431,REQK0010,USERK0003,USERK0005,20260331,Withdrawn,false
A00504,C00067,P0253,REQK0011,USERK0002,USERK0010,20251206,Rejected,false
A00505,C00123,P0355,REQK0014,USERK0004,USERK0009,20260526,Withdrawn,false
A00506,C00395,P0252,REQK0023,USERK0001,USERK0009,20260416,Rejected,false
A00507,C00304,P0223,REQK0024,USERK0001,USERK0005,20260617,Withdrawn,false
A00508,C00543,P0536,REQK0011,USERK0002,USERK0010,20260511,Withdrawn,false
A00509,C00319,P0031,REQK0017,USERK0001,USERK0011,20260401,Rejected,false
A00510,C00460,P0432,REQK0018,USERK0001,USERK0006,20260302,Withdrawn,false
A00511,C00288,P0443,REQK0012,USERK0002,USERK0012,20251209,Hired,false
A00512,C00508,P0529,REQK0023,USERK0001,USERK0009,20260228,Rejected,false
A00513,C00386,P0476,REQK0004,USERK0002,USERK0008,20260422,Withdrawn,false
A00514,C00168,P0265,REQK0003,USERK0001,USERK0005,20260610,Withdrawn,false
A00515,C00293,P0361,REQK0013,USERK0001,USERK0009,20260630,Withdrawn,false
A00516,C00561,P0149,REQK0006,USERK0003,USERK0011,20260702,Rejected,false
A00517,C00505,P0537,REQK0007,USERK0003,USERK0009,20251204,Rejected,false
A00518,C00322,P0425,REQK0013,USERK0001,USERK0009,20260520,Withdrawn,false
A00519,C00264,P0414,REQK0015,USERK0003,USERK0010,20260331,Withdrawn,false
A00520,C00128,P0534,REQK0011,USERK0002,USERK0010,20251029,Rejected,false
A00521,C00026,P0302,REQK0023,USERK0001,USERK0009,20260322,Withdrawn,false
A00522,C00368,P0527,REQK0011,USERK0002,USERK0010,20260311,Offer,true
A00523,C00248,P0045,REQK0001,USERK0003,USERK0006,20260622,Offer,true
A00524,C00321,P0030,REQK0020,USERK0003,USERK0010,20260515,Withdrawn,false
A00525,C00279,P0167,REQK0025,USERK0002,USERK0009,20260422,Offer,false
A00526,C00092,P0515,REQK0012,USERK0002,USERK0012,20260203,Withdrawn,false
A00527,C00465,P0198,REQK0014,USERK0004,USERK0009,20260601,Withdrawn,false
A00528,C00410,P0168,REQK0017,USERK0001,USERK0011,20260227,Rejected,false
A00529,C00306,P0185,REQK0019,USERK0004,USERK0010,20260524,Withdrawn,false
A00530,C00378,P0379,REQK0010,USERK0003,USERK0005,20260306,Hired,false
A00531,C00569,P0175,REQK0006,USERK0003,USERK0011,20260426,Rejected,false
A00532,C00122,P0334,REQK0012,USERK0002,USERK0012,20251104,Rejected,false
A00533,C00283,P0190,REQK0021,USERK0001,USERK0008,20260503,Rejected,false
A00534,C00121,P0076,REQK0016,USERK0002,USERK0012,20260306,Rejected,false
A00535,C00398,P0402,REQK0012,USERK0002,USERK0012,20260127,Rejected,false
A00536,C00197,P0133,REQK0020,USERK0003,USERK0010,20260403,Rejected,false
A00537,C00229,P0125,REQK0016,USERK0002,USERK0012,20260417,Hired,false
A00538,C00182,P0474,REQK0025,USERK0002,USERK0009,20260628,Screen,false
A00539,C00157,P0086,REQK0020,USERK0003,USERK0010,20260427,Withdrawn,false
A00540,C00048,P0052,REQK0015,USERK0003,USERK0010,20260420,Withdrawn,false
A00541,C00034,P0186,REQK0014,USERK0004,USERK0009,20260221,Rejected,false
A00542,C00314,P0514,REQK0017,USERK0001,USERK0011,20260519,Hired,false
A00543,C00187,P0207,REQK0007,USERK0003,USERK0009,20260706,Rejected,false
A00544,C00032,P0306,REQK0003,USERK0001,USERK0005,20260312,Rejected,false
A00545,C00033,P0025,REQK0007,USERK0003,USERK0009,20251028,Withdrawn,false
A00546,C00529,P0123,REQK0018,USERK0001,USERK0006,20260531,Withdrawn,false
A00547,C00480,P0344,REQK0008,USERK0002,USERK0012,20260614,Offer,true
A00548,C00195,P0081,REQK0008,USERK0002,USERK0012,20260628,Screen,true
A00549,C00558,P0205,REQK0017,USERK0001,USERK0011,20251208,Offer,false
A00550,C00394,P0112,REQK0005,USERK0004,USERK0012,20260622,Withdrawn,false
A00551,C00226,P0517,REQK0017,USERK0001,USERK0011,20251126,Rejected,false
A00552,C00079,P0319,REQK0024,USERK0001,USERK0005,20260603,Offer,true
A00553,C00249,P0053,REQK0009,USERK0003,USERK0008,20260621,Offer,true
A00554,C00446,P0156,REQK0011,USERK0002,USERK0010,20250924,Screen,false
A00555,C00540,P0326,REQK0010,USERK0003,USERK0005,20260415,Withdrawn,false
A00556,C00531,P0077,REQK0020,USERK0003,USERK0010,20260420,Offer,true
A00557,C00442,P0490,REQK0018,USERK0001,USERK0006,20260205,Rejected,false
A00558,C00350,P0327,REQK0005,USERK0004,USERK0012,20260307,Rejected,false
A00559,C00368,P0527,REQK0011,USERK0002,USERK0010,20260120,Withdrawn,false
A00560,C00516,P0128,REQK0012,USERK0002,USERK0012,20260607,Offer,true
A00561,C00014,P0087,REQK0025,USERK0002,USERK0009,20260315,Hired,false
A00562,C00016,P0183,REQK0002,USERK0003,USERK0007,20251218,Withdrawn,false
A00563,C00284,P0059,REQK0023,USERK0001,USERK0009,20260706,Withdrawn,false
A00564,C00008,P0022,REQK0003,USERK0001,USERK0005,20260420,Withdrawn,false
A00565,C00044,P0248,REQK0013,USERK0001,USERK0009,20260415,Offer,false
A00566,C00479,P0197,REQK0011,USERK0002,USERK0010,20250928,Rejected,false
A00567,C00363,P0433,REQK0016,USERK0002,USERK0012,20260111,Rejected,false
A00568,C00362,P0040,REQK0018,USERK0001,USERK0006,20260226,Withdrawn,false
A00569,C00163,P0422,REQK0020,USERK0003,USERK0010,20260311,Hired,false
A00570,C00067,P0253,REQK0015,USERK0003,USERK0010,20260314,Offer,false
A00571,C00407,P0365,REQK0003,USERK0001,USERK0005,20260509,Withdrawn,false
A00572,C00535,P0142,REQK0006,USERK0003,USERK0011,20260419,Rejected,false
A00573,C00340,P0472,REQK0008,USERK0002,USERK0012,20260531,Withdrawn,false
A00574,C00289,P0440,REQK0022,USERK0003,USERK0006,20251121,Withdrawn,false
A00575,C00601,P0049,REQK0010,USERK0003,USERK0005,20260423,Rejected,false
A00576,C00086,P0090,REQK0018,USERK0001,USERK0006,20251222,Withdrawn,false
A00577,C00386,P0476,REQK0007,USERK0003,USERK0009,20251030,Rejected,false
A00579,C00167,P0229,REQK0022,USERK0003,USERK0006,20260321,Withdrawn,false
A00580,C00591,P0002,REQK0011,USERK0002,USERK0010,20260201,Withdrawn,false
A00581,C00354,P0174,REQK0006,USERK0003,USERK0011,20260603,Withdrawn,false
A00582,C00099,P0066,REQK0004,USERK0002,USERK0008,20260701,Rejected,false
A00583,C00369,P0305,REQK0001,USERK0003,USERK0006,20260527,Withdrawn,false
A00584,C00502,P0218,REQK0015,USERK0003,USERK0010,20260520,Rejected,false
A00585,C00186,P0259,REQK0020,USERK0003,USERK0010,20260601,Hired,false
A00586,C00343,P0173,REQK0002,USERK0003,USERK0007,20251127,Withdrawn,false
A00587,C00316,P0423,REQK0022,USERK0003,USERK0006,20260324,Rejected,false
A00588,C00261,P0151,REQK0024,USERK0001,USERK0005,20260425,Rejected,false
A00589,C00359,P0069,REQK0011,USERK0002,USERK0010,20251013,Rejected,false
A00590,C00125,P0075,REQK0001,USERK0003,USERK0006,20260623,Screen,true
A00591,C00270,P0180,REQK0008,USERK0002,USERK0012,20260429,Withdrawn,false
A00592,C00209,P0009,REQK0012,USERK0002,USERK0012,20260201,Hired,false
A00593,C00435,P0010,REQK0008,USERK0002,USERK0012,20260523,Withdrawn,false
A00594,C00329,P0395,REQK0019,USERK0004,USERK0010,20260623,Offer,true
A00595,C00376,P0354,REQK0003,USERK0001,USERK0005,20260505,Withdrawn,false
A00596,C00326,P0401,REQK0021,USERK0001,USERK0008,20260426,Withdrawn,false
A00597,C00238,P0039,REQK0021,USERK0001,USERK0008,20260612,Withdrawn,false
A00598,C00145,P0271,REQK0022,USERK0003,USERK0006,20260602,Withdrawn,false
A00599,C00393,P0530,REQK0012,USERK0002,USERK0012,20251012,Withdrawn,false
A00600,C00305,P0389,REQK0004,USERK0002,USERK0008,20260626,Rejected,false
A00601,C00077,P0103,REQK0020,USERK0003,USERK0010,20260529,Rejected,false
A00602,C00141,P0351,REQK0003,USERK0001,USERK0005,20260614,Withdrawn,false
A00603,C00026,P0302,REQK0018,USERK0001,USERK0006,20260601,Withdrawn,false
A00604,C00422,P0363,REQK0018,USERK0001,USERK0006,20260421,Withdrawn,false
A00605,C00265,P0054,REQK0011,USERK0002,USERK0010,20260503,Rejected,false
A00606,C00017,P0462,REQK0025,USERK0002,USERK0009,20260407,Withdrawn,false
A00607,C00434,P0074,REQK0005,USERK0004,USERK0012,20260411,Rejected,false
A00608,C00410,P0168,REQK0017,USERK0001,USERK0011,20260416,Withdrawn,false
A00609,C00405,P0359,REQK0008,USERK0002,USERK0012,20260530,Withdrawn,false
A00610,C00427,P0487,REQK0011,USERK0002,USERK0010,20260401,Withdrawn,false
A00611,C00412,P0413,REQK0007,USERK0003,USERK0009,20260531,Rejected,false
A00612,C00270,P0180,REQK0003,USERK0001,USERK0005,20251213,Offer,false
A00613,C00139,P0240,REQK0023,USERK0001,USERK0009,20260629,Rejected,false
A00614,C00309,P0122,REQK0002,USERK0003,USERK0007,20260608,Rejected,false
A00615,C00401,P0429,REQK0022,USERK0003,USERK0006,20260105,Withdrawn,false
A00616,C00130,P0055,REQK0002,USERK0003,USERK0007,20260301,Hired,false
A00617,C00008,P0022,REQK0013,USERK0001,USERK0009,20260502,Withdrawn,false
A00618,C00502,P0218,REQK0003,USERK0001,USERK0005,20260420,Withdrawn,false
A00619,C00505,P0537,REQK0011,USERK0002,USERK0010,20251023,Withdrawn,false
A00620,C00522,P0444,REQK0023,USERK0001,USERK0009,20260704,Withdrawn,false
A00621,C00580,P0298,REQK0026,USERK0004,USERK0007,20260516,Rejected,false
A00622,C00286,P0101,REQK0023,USERK0001,USERK0009,20260705,Screen,true
A00623,C00247,P0297,REQK0021,USERK0001,USERK0008,20260502,Hired,false
A00624,C00011,P0097,REQK0007,USERK0003,USERK0009,20251025,Withdrawn,false
A00625,C00587,P0054,REQK0026,USERK0004,USERK0007,20260502,Hired,false
A00626,C00204,P0200,REQK0024,USERK0001,USERK0005,20260506,Withdrawn,false
A00627,C00494,P0317,REQK0017,USERK0001,USERK0011,20260610,Withdrawn,false
A00628,C00488,P0129,REQK0007,USERK0003,USERK0009,20251025,Withdrawn,false
A00629,C00326,P0401,REQK0024,USERK0001,USERK0005,20260622,Withdrawn,false
A00630,C00165,P0388,REQK0009,USERK0003,USERK0008,20251124,Rejected,false
A00631,C00381,P0399,REQK0016,USERK0002,USERK0012,20260131,Withdrawn,false
A00632,C00451,P0092,REQK0019,USERK0004,USERK0010,20260704,Interview,true
A00633,C00391,P0385,REQK0006,USERK0003,USERK0011,20260418,Rejected,false
A00634,C00435,P0010,REQK0008,USERK0002,USERK0012,20260408,Withdrawn,false
A00635,C00308,P0296,REQK0014,USERK0004,USERK0009,20260604,Hired,false
A00636,C00075,P0376,REQK0009,USERK0003,USERK0008,20260515,Hired,false
A00637,C00261,P0151,REQK0010,USERK0003,USERK0005,20260429,Screen,false
A00638,C00499,P0459,REQK0005,USERK0004,USERK0012,20260406,Withdrawn,false
A00639,C00289,P0440,REQK0008,USERK0002,USERK0012,20260530,Withdrawn,false
A00640,C00169,P0548,REQK0026,USERK0004,USERK0007,20260428,Interview,true
A00641,C00301,P0421,REQK0007,USERK0003,USERK0009,20260616,Offer,true
A00642,C00044,P0248,REQK0007,USERK0003,USERK0009,20251104,Rejected,false
A00643,C00454,P0209,REQK0024,USERK0001,USERK0005,20260623,Interview,true
A00644,C00215,P0288,REQK0017,USERK0001,USERK0011,20251213,Rejected,false
A00645,C00284,P0059,REQK0012,USERK0002,USERK0012,20260520,Hired,false
A00646,C00475,P0509,REQK0019,USERK0004,USERK0010,20260707,Screen,true
A00647,C00198,P0126,REQK0008,USERK0002,USERK0012,20260528,Rejected,false
A00648,C00361,P0371,REQK0011,USERK0002,USERK0010,20251114,Rejected,false
A00649,C00540,P0326,REQK0025,USERK0002,USERK0009,20260422,Rejected,false
A00650,C00318,P0033,REQK0016,USERK0002,USERK0012,20260118,Offer,true
A00651,C00411,P0036,REQK0005,USERK0004,USERK0012,20260313,Withdrawn,false
A00652,C00055,P0532,REQK0018,USERK0001,USERK0006,20260317,Hired,false
A00653,C00531,P0077,REQK0016,USERK0002,USERK0012,20260320,Rejected,false
A00654,C00052,P0088,REQK0024,USERK0001,USERK0005,20260514,Screen,false
A00655,C00465,P0198,REQK0005,USERK0004,USERK0012,20260512,Rejected,false
A00656,C00146,P0551,REQK0005,USERK0004,USERK0012,20260523,Withdrawn,false
A00657,C00521,P0250,REQK0023,USERK0001,USERK0009,20260422,Withdrawn,false
A00658,C00471,P0114,REQK0008,USERK0002,USERK0012,20260619,Rejected,false
A00659,C00571,P0293,REQK0024,USERK0001,USERK0005,20260612,Offer,true
A00660,C00286,P0101,REQK0006,USERK0003,USERK0011,20260301,Hired,false
A00661,C00132,P0013,REQK0003,USERK0001,USERK0005,20251225,Interview,false
A00662,C00203,P0169,REQK0020,USERK0003,USERK0010,20260309,Hired,false
A00663,C00003,P0124,REQK0015,USERK0003,USERK0010,20260403,Offer,true
A00664,C00580,P0298,REQK0004,USERK0002,USERK0008,20260416,Withdrawn,false
A00665,C00560,P0280,REQK0011,USERK0002,USERK0010,20260410,Rejected,false
A00666,C00183,P0214,REQK0009,USERK0003,USERK0008,20260402,Rejected,false
A00667,C00157,P0086,REQK0020,USERK0003,USERK0010,20260703,Screen,true
A00668,C00421,P0061,REQK0020,USERK0003,USERK0010,20260503,Rejected,false
A00669,C00199,P0138,REQK0008,USERK0002,USERK0012,20260705,Rejected,false
A00670,C00546,P0118,REQK0009,USERK0003,USERK0008,20251224,Rejected,false
A00671,C00330,P0073,REQK0016,USERK0002,USERK0012,20260703,Withdrawn,false
A00672,C00260,P0445,REQK0025,USERK0002,USERK0009,20250912,Offer,true
A00673,C00243,P0554,REQK0012,USERK0002,USERK0012,20260413,Withdrawn,false
A00674,C00367,P0047,REQK0020,USERK0003,USERK0010,20260515,Rejected,false
A00675,C00318,P0033,REQK0019,USERK0004,USERK0010,20260611,Rejected,false
A00676,C00289,P0440,REQK0002,USERK0003,USERK0007,20260405,Rejected,false
A00677,C00066,P0370,REQK0023,USERK0001,USERK0009,20260516,Withdrawn,false
A00678,C00187,P0207,REQK0001,USERK0003,USERK0006,20260622,Offer,true
A00679,C00140,P0003,REQK0021,USERK0001,USERK0008,20260419,Withdrawn,false
A00680,C00132,P0013,REQK0012,USERK0002,USERK0012,20260106,Rejected,false
A00681,C00191,P0325,REQK0014,USERK0004,USERK0009,20260506,Withdrawn,false
A00682,C00082,P0299,REQK0010,USERK0003,USERK0005,20260511,Offer,true
A00683,C00558,P0205,REQK0013,USERK0001,USERK0009,20260314,Withdrawn,false
A00684,C00330,P0073,REQK0010,USERK0003,USERK0005,20260629,Withdrawn,false
A00685,C00441,P0121,REQK0019,USERK0004,USERK0010,20260521,Hired,false
A00686,C00229,P0125,REQK0019,USERK0004,USERK0010,20260623,Rejected,false
A00687,C00193,P0343,REQK0009,USERK0003,USERK0008,20260111,Withdrawn,false
A00688,C00411,P0036,REQK0007,USERK0003,USERK0009,20251212,Rejected,false
A00689,C00066,P0370,REQK0001,USERK0003,USERK0006,20260626,Withdrawn,false
A00690,C00165,P0388,REQK0011,USERK0002,USERK0010,20260106,Withdrawn,false
A00691,C00178,P0080,REQK0025,USERK0002,USERK0009,20260530,Withdrawn,false
A00692,C00222,P0227,REQK0017,USERK0001,USERK0011,20260105,Withdrawn,false
A00693,C00251,P0465,REQK0005,USERK0004,USERK0012,20260518,Withdrawn,false
A00694,C00509,P0182,REQK0023,USERK0001,USERK0009,20260509,Rejected,false
A00695,C00099,P0066,REQK0020,USERK0003,USERK0010,20260322,Rejected,false
A00696,C00057,P0346,REQK0013,USERK0001,USERK0009,20260308,Withdrawn,false
A00697,C00367,P0047,REQK0013,USERK0001,USERK0009,20260226,Rejected,false
A00698,C00210,P0032,REQK0026,USERK0004,USERK0007,20260527,Withdrawn,false
A00699,C00540,P0326,REQK0013,USERK0001,USERK0009,20260422,Rejected,false
A00700,C00012,P0467,REQK0022,USERK0003,USERK0006,20251109,Rejected,false
A00701,C00190,P0005,REQK0014,USERK0004,USERK0009,20260118,Withdrawn,false
A00702,C00473,P0137,REQK0006,USERK0003,USERK0011,20260118,Rejected,false
A00703,C00522,P0444,REQK0002,USERK0003,USERK0007,20260703,Withdrawn,false
A00704,C00159,P0356,REQK0022,USERK0003,USERK0006,20260521,Hired,false
A00705,C00289,P0440,REQK0013,USERK0001,USERK0009,20260212,Withdrawn,false
A00706,C00228,P0458,REQK0007,USERK0003,USERK0009,20260124,Withdrawn,false
A00707,C00007,P0337,REQK0016,USERK0002,USERK0012,20260522,Rejected,false
A00708,C00441,P0121,REQK0016,USERK0002,USERK0012,20260106,Rejected,false
A00709,C00550,P0278,REQK0024,USERK0001,USERK0005,20260427,Withdrawn,false
A00710,C00022,P0026,REQK0020,USERK0003,USERK0010,20260413,Rejected,false
A00711,C00148,P0276,REQK0009,USERK0003,USERK0008,20251119,Withdrawn,false
A00712,C00225,P0085,REQK0016,USERK0002,USERK0012,20260522,Withdrawn,false
A00713,C00117,P0352,REQK0001,USERK0003,USERK0006,20260506,Rejected,false
A00714,C00196,P0257,REQK0013,USERK0001,USERK0009,20260621,Rejected,false
A00715,C00459,P0383,REQK0023,USERK0001,USERK0009,20260514,Withdrawn,false
A00716,C00036,P0290,REQK0014,USERK0004,USERK0009,20251107,Rejected,false
A00717,C00422,P0363,REQK0002,USERK0003,USERK0007,20260325,Hired,false
A00718,C00315,P0332,REQK0010,USERK0003,USERK0005,20260427,Rejected,false
A00720,C00559,P0316,REQK0009,USERK0003,USERK0008,20260617,Offer,true
A00721,C00542,P0219,REQK0024,USERK0001,USERK0005,20260520,Offer,true
A00722,C00378,P0379,REQK0020,USERK0003,USERK0010,20260619,Offer,true
A00723,C00360,P0498,REQK0012,USERK0002,USERK0012,20251227,Rejected,false
A00724,C00002,P0213,REQK0008,USERK0002,USERK0012,20260630,Withdrawn,false
A00725,C00350,P0327,REQK0021,USERK0001,USERK0008,20260630,Withdrawn,false
A00726,C00428,P0070,REQK0017,USERK0001,USERK0011,20260105,Withdrawn,false
A00727,C00069,P0239,REQK0018,USERK0001,USERK0006,20260524,Offer,false
A00728,C00037,P0158,REQK0024,USERK0001,USERK0005,20260503,Hired,false
A00729,C00501,P0304,REQK0009,USERK0003,USERK0008,20260304,Withdrawn,false
A00730,C00283,P0190,REQK0023,USERK0001,USERK0009,20260510,Hired,false
A00731,C00551,P0149,REQK0008,USERK0002,USERK0012,20260620,Withdrawn,false
A00732,C00199,P0138,REQK0015,USERK0003,USERK0010,20260411,Withdrawn,false
A00733,C00489,P0023,REQK0007,USERK0003,USERK0009,20260628,Rejected,false
A00734,C00242,P0398,REQK0019,USERK0004,USERK0010,20260528,Hired,false
A00735,C00109,P0159,REQK0023,USERK0001,USERK0009,20260330,Rejected,false
A00736,C00260,P0445,REQK0012,USERK0002,USERK0012,20260316,Withdrawn,false
A00737,C00499,P0459,REQK0006,USERK0003,USERK0011,20260409,Withdrawn,false
A00738,C00268,P0496,REQK0014,USERK0004,USERK0009,20260405,Withdrawn,false
A00739,C00598,P0071,REQK0008,USERK0002,USERK0012,20260418,Withdrawn,false
A00740,C00430,P0550,REQK0001,USERK0003,USERK0006,20260707,Withdrawn,false
A00741,C00093,P0150,REQK0013,USERK0001,USERK0009,20260113,Withdrawn,false
A00742,C00384,P0412,REQK0006,USERK0003,USERK0011,20260307,Withdrawn,false
A00743,C00134,P0028,REQK0010,USERK0003,USERK0005,20260606,Withdrawn,false
A00744,C00410,P0168,REQK0024,USERK0001,USERK0005,20260428,Rejected,false
A00745,C00446,P0156,REQK0018,USERK0001,USERK0006,20251220,Withdrawn,false
A00746,C00576,P0202,REQK0026,USERK0004,USERK0007,20260615,Withdrawn,false
A00747,C00235,P0391,REQK0007,USERK0003,USERK0009,20251130,Withdrawn,false
A00748,C00058,P0067,REQK0004,USERK0002,USERK0008,20260603,Withdrawn,false
A00749,C00048,P0052,REQK0025,USERK0002,USERK0009,20260321,Hired,false
A00750,C00245,P0161,REQK0017,USERK0001,USERK0011,20260405,Rejected,false
A00751,C00110,P0266,REQK0024,USERK0001,USERK0005,20260503,Withdrawn,false
A00752,C00223,P0481,REQK0011,USERK0002,USERK0010,20250927,Withdrawn,false
A00753,C00577,P0050,REQK0026,USERK0004,USERK0007,20260601,Offer,true
A00754,C00369,P0305,REQK0016,USERK0002,USERK0012,20260623,Interview,true
A00755,C00093,P0150,REQK0019,USERK0004,USERK0010,20260606,Rejected,false
A00756,C00258,P0100,REQK0011,USERK0002,USERK0010,20251107,Hired,false
A00757,C00224,P0270,REQK0017,USERK0001,USERK0011,20260420,Rejected,false
A00758,C00599,P0330,REQK0013,USERK0001,USERK0009,20260308,Offer,true
A00759,C00336,P0540,REQK0020,USERK0003,USERK0010,20260606,Withdrawn,false
A00760,C00452,P0406,REQK0016,USERK0002,USERK0012,20260219,Hired,false
A00761,C00078,P0251,REQK0018,USERK0001,USERK0006,20260527,Withdrawn,false
A00762,C00249,P0053,REQK0014,USERK0004,USERK0009,20260428,Withdrawn,false
A00763,C00065,P0079,REQK0025,USERK0002,USERK0009,20260525,Rejected,false
A00764,C00175,P0544,REQK0020,USERK0003,USERK0010,20260330,Rejected,false
A00765,C00334,P0256,REQK0015,USERK0003,USERK0010,20260504,Rejected,false
A00766,C00210,P0032,REQK0004,USERK0002,USERK0008,20260514,Withdrawn,false
A00767,C00260,P0445,REQK0008,USERK0002,USERK0012,20260704,Withdrawn,false
A00768,C00537,P0485,REQK0020,USERK0003,USERK0010,20260325,Withdrawn,false
A00769,C00554,P0060,REQK0013,USERK0001,USERK0009,20260404,Withdrawn,false
A00770,C00049,P0246,REQK0025,USERK0002,USERK0009,20250922,Withdrawn,false
A00771,C00049,P0246,REQK0019,USERK0004,USERK0010,20260605,Rejected,false
A00772,C00296,P0232,REQK0002,USERK0003,USERK0007,20260104,Rejected,false
A00773,C00527,P0335,REQK0004,USERK0002,USERK0008,20260521,Withdrawn,false
A00774,C00183,P0214,REQK0006,USERK0003,USERK0011,20260612,Rejected,false
A00775,C00016,P0183,REQK0007,USERK0003,USERK0009,20251201,Withdrawn,false
A00776,C00499,P0459,REQK0007,USERK0003,USERK0009,20251215,Hired,false
A00777,C00495,P0194,REQK0018,USERK0001,USERK0006,20260324,Offer,true
A00778,C00418,P0436,REQK0004,USERK0002,USERK0008,20260605,Rejected,false
A00779,C00278,P0179,REQK0003,USERK0001,USERK0005,20251214,Hired,false
A00780,C00593,P0208,REQK0018,USERK0001,USERK0006,20260513,Withdrawn,false
A00781,C00361,P0371,REQK0015,USERK0003,USERK0010,20260413,Hired,false
A00782,C00189,P0328,REQK0019,USERK0004,USERK0010,20260706,Screen,true
A00783,C00223,P0481,REQK0014,USERK0004,USERK0009,20260117,Withdrawn,false
A00784,C00187,P0207,REQK0010,USERK0003,USERK0005,20260710,Rejected,false
A00785,C00510,P0382,REQK0013,USERK0001,USERK0009,20260623,Screen,true
A00786,C00135,P0394,REQK0006,USERK0003,USERK0011,20260630,Withdrawn,false
A00787,C00227,P0435,REQK0019,USERK0004,USERK0010,20260516,Offer,false
A00788,C00554,P0060,REQK0004,USERK0002,USERK0008,20260628,Rejected,false
A00789,C00514,P0264,REQK0004,USERK0002,USERK0008,20260704,Screen,true
A00790,C00307,P0017,REQK0005,USERK0004,USERK0012,20260228,Withdrawn,false
A00791,C00050,P0446,REQK0022,USERK0003,USERK0006,20251017,Screen,false
A00792,C00320,P0175,REQK0012,USERK0002,USERK0012,20251108,Withdrawn,false
A00793,C00305,P0389,REQK0025,USERK0002,USERK0009,20251121,Hired,false
A00794,C00077,P0103,REQK0024,USERK0001,USERK0005,20260626,Interview,true
A00795,C00538,P0160,REQK0024,USERK0001,USERK0005,20260617,Withdrawn,false
A00796,C00334,P0256,REQK0025,USERK0002,USERK0009,20260317,Withdrawn,false
A00797,C00358,P0293,REQK0025,USERK0002,USERK0009,20260603,Withdrawn,false
A00798,C00165,P0388,REQK0012,USERK0002,USERK0012,20260103,Rejected,false
A00799,C00186,P0259,REQK0014,USERK0004,USERK0009,20260215,Withdrawn,false
A00800,C00456,P0111,REQK0023,USERK0001,USERK0009,20260331,Offer,false
A00801,C00526,P0072,REQK0002,USERK0003,USERK0007,20251027,Hired,false
A00802,C00524,P0369,REQK0007,USERK0003,USERK0009,20260519,Screen,false
A00803,C00140,P0003,REQK0010,USERK0003,USERK0005,20260521,Offer,true
A00804,C00020,P0320,REQK0001,USERK0003,USERK0006,20260528,Offer,false
A00805,C00577,P0050,REQK0006,USERK0003,USERK0011,20260702,Withdrawn,false
A00806,C00312,P0139,REQK0024,USERK0001,USERK0005,20260612,Offer,true
A00807,C00456,P0111,REQK0018,USERK0001,USERK0006,20260412,Rejected,false
A00808,C00011,P0097,REQK0024,USERK0001,USERK0005,20260424,Rejected,false
A00809,C00233,P0119,REQK0004,USERK0002,USERK0008,20260518,Withdrawn,false
A00810,C00511,P0353,REQK0008,USERK0002,USERK0012,20260414,Offer,true
A00811,C00055,P0532,REQK0023,USERK0001,USERK0009,20260324,Withdrawn,false
A00812,C00433,P0449,REQK0004,USERK0002,USERK0008,20260710,Screen,true
A00813,C00466,P0450,REQK0002,USERK0003,USERK0007,20251218,Withdrawn,false
A00814,C00291,P0396,REQK0023,USERK0001,USERK0009,20260603,Withdrawn,false
A00815,C00055,P0532,REQK0002,USERK0003,USERK0007,20260428,Withdrawn,false
A00816,C00320,P0175,REQK0020,USERK0003,USERK0010,20260420,Rejected,false
A00817,C00217,P0062,REQK0011,USERK0002,USERK0010,20260629,Withdrawn,false
A00818,C00108,P0204,REQK0019,USERK0004,USERK0010,20260502,Withdrawn,false
A00819,C00398,P0402,REQK0008,USERK0002,USERK0012,20260704,Screen,true
A00820,C00563,P0084,REQK0008,USERK0002,USERK0012,20260407,Rejected,false
A00821,C00570,P0308,REQK0011,USERK0002,USERK0010,20251211,Withdrawn,false
A00822,C00177,P0362,REQK0012,USERK0002,USERK0012,20260201,Withdrawn,false
A00823,C00240,P0286,REQK0001,USERK0003,USERK0006,20260504,Withdrawn,false
A00824,C00334,P0256,REQK0015,USERK0003,USERK0010,20260407,Withdrawn,false
A00825,C00339,P0037,REQK0023,USERK0001,USERK0009,20260517,Withdrawn,false
A00826,C00554,P0060,REQK0001,USERK0003,USERK0006,20260518,Hired,false
A00827,C00205,P0348,REQK0007,USERK0003,USERK0009,20260629,Withdrawn,false
A00828,C00518,P0375,REQK0010,USERK0003,USERK0005,20260628,Rejected,false
A00829,C00483,P0292,REQK0023,USERK0001,USERK0009,20260303,Hired,false
A00830,C00444,P0170,REQK0005,USERK0004,USERK0012,20260312,Hired,false
A00831,C00004,P0437,REQK0021,USERK0001,USERK0008,20260621,Withdrawn,false
A00832,C00020,P0320,REQK0013,USERK0001,USERK0009,20260520,Rejected,false
A00833,C00349,P0368,REQK0004,USERK0002,USERK0008,20260517,Rejected,false
A00834,C00464,P0091,REQK0007,USERK0003,USERK0009,20251208,Rejected,false
A00835,C00564,P0130,REQK0008,USERK0002,USERK0012,20260425,Withdrawn,false
A00836,C00423,P0281,REQK0005,USERK0004,USERK0012,20260319,Withdrawn,false
A00837,C00489,P0023,REQK0020,USERK0003,USERK0010,20260701,Interview,true
A00838,C00002,P0213,REQK0024,USERK0001,USERK0005,20260502,Hired,false
A00839,C00570,P0308,REQK0004,USERK0002,USERK0008,20260626,Withdrawn,false
A00840,C00017,P0462,REQK0007,USERK0003,USERK0009,20260502,Withdrawn,false
A00841,C00031,P0238,REQK0026,USERK0004,USERK0007,20260608,Offer,true
A00842,C00067,P0253,REQK0023,USERK0001,USERK0009,20260615,Rejected,false
A00843,C00400,P0157,REQK0009,USERK0003,USERK0008,20251211,Screen,false
A00844,C00582,P0295,REQK0012,USERK0002,USERK0012,20251105,Hired,false
A00845,C00189,P0328,REQK0001,USERK0003,USERK0006,20260508,Withdrawn,false
A00846,C00126,P0208,REQK0008,USERK0002,USERK0012,20260513,Withdrawn,false
A00847,C00001,P0470,REQK0005,USERK0004,USERK0012,20260531,Rejected,false
A00848,C00569,P0175,REQK0011,USERK0002,USERK0010,20260629,Rejected,false
A00849,C00413,P0226,REQK0024,USERK0001,USERK0005,20260608,Offer,true
A00850,C00070,P0120,REQK0017,USERK0001,USERK0011,20260605,Rejected,false
A00851,C00323,P0557,REQK0025,USERK0002,USERK0009,20260301,Offer,true
A00852,C00021,P0267,REQK0005,USERK0004,USERK0012,20260329,Screen,false
A00853,C00572,P0240,REQK0012,USERK0002,USERK0012,20251030,Withdrawn,false
A00854,C00078,P0251,REQK0008,USERK0002,USERK0012,20260513,Withdrawn,false
A00855,C00030,P0392,REQK0006,USERK0003,USERK0011,20260206,Rejected,false
A00856,C00158,P0448,REQK0007,USERK0003,USERK0009,20260512,Withdrawn,false
A00857,C00469,P0508,REQK0026,USERK0004,USERK0007,20260626,Offer,true
A00858,C00039,P0228,REQK0018,USERK0001,USERK0006,20260528,Interview,true
A00859,C00548,P0241,REQK0001,USERK0003,USERK0006,20260611,Withdrawn,false
A00860,C00074,P0310,REQK0021,USERK0001,USERK0008,20260618,Withdrawn,false
A00861,C00400,P0157,REQK0003,USERK0001,USERK0005,20260710,Rejected,false
A00862,C00314,P0514,REQK0002,USERK0003,USERK0007,20251101,Rejected,false
A00863,C00143,P0041,REQK0024,USERK0001,USERK0005,20260708,Rejected,false
A00864,C00062,P0018,REQK0011,USERK0002,USERK0010,20251020,Rejected,false
A00865,C00314,P0514,REQK0022,USERK0003,USERK0006,20251208,Rejected,false
A00866,C00456,P0111,REQK0020,USERK0003,USERK0010,20260603,Rejected,false
A00867,C00214,P0545,REQK0003,USERK0001,USERK0005,20260324,Withdrawn,false
A00868,C00318,P0033,REQK0020,USERK0003,USERK0010,20260517,Offer,true
A00869,C00253,P0001,REQK0014,USERK0004,USERK0009,20251011,Withdrawn,false
A00870,C00183,P0214,REQK0018,USERK0001,USERK0006,20260425,Hired,false
A00871,C00265,P0054,REQK0003,USERK0001,USERK0005,20251029,Rejected,false
A00872,C00482,P0143,REQK0001,USERK0003,USERK0006,20260607,Rejected,false
A00873,C00392,P0056,REQK0019,USERK0004,USERK0010,20260520,Rejected,false
A00874,C00140,P0003,REQK0026,USERK0004,USERK0007,20260426,Withdrawn,false
A00875,C00598,P0071,REQK0015,USERK0003,USERK0010,20260416,Hired,false
A00876,C00353,P0555,REQK0011,USERK0002,USERK0010,20260325,Withdrawn,false
A00877,C00445,P0141,REQK0020,USERK0003,USERK0010,20260329,Withdrawn,false
A00878,C00191,P0325,REQK0026,USERK0004,USERK0007,20260512,Rejected,false
A00879,C00096,P0300,REQK0008,USERK0002,USERK0012,20260501,Rejected,false
A00880,C00506,P0134,REQK0001,USERK0003,USERK0006,20260508,Withdrawn,false
A00881,C00399,P0549,REQK0024,USERK0001,USERK0005,20260429,Withdrawn,false
A00882,C00459,P0383,REQK0010,USERK0003,USERK0005,20260305,Withdrawn,false
A00883,C00601,P0049,REQK0003,USERK0001,USERK0005,20251028,Withdrawn,false
A00884,C00302,P0172,REQK0023,USERK0001,USERK0009,20260326,Withdrawn,false
A00885,C00096,P0300,REQK0018,USERK0001,USERK0006,20260701,Screen,true
A00886,C00021,P0267,REQK0015,USERK0003,USERK0010,20260311,Withdrawn,false
A00887,C00414,P0386,REQK0021,USERK0001,USERK0008,20260619,Interview,false
A00888,C00010,P0007,REQK0019,USERK0004,USERK0010,20260512,Withdrawn,false
A00889,C00110,P0266,REQK0006,USERK0003,USERK0011,20260205,Rejected,false
A00890,C00230,P0500,REQK0020,USERK0003,USERK0010,20260624,Withdrawn,false
A00891,C00428,P0070,REQK0010,USERK0003,USERK0005,20260505,Rejected,false
A00892,C00280,P0222,REQK0020,USERK0003,USERK0010,20260703,Withdrawn,false
A00893,C00464,P0091,REQK0013,USERK0001,USERK0009,20260512,Hired,false
A00894,C00569,P0175,REQK0008,USERK0002,USERK0012,20260427,Hired,false
A00895,C00574,P0497,REQK0018,USERK0001,USERK0006,20260428,Hired,false
A00896,C00128,P0534,REQK0025,USERK0002,USERK0009,20251216,Rejected,false
A00897,C00462,P0127,REQK0026,USERK0004,USERK0007,20260512,Offer,false
A00898,C00219,P0191,REQK0008,USERK0002,USERK0012,20260702,Screen,true
A00899,C00564,P0130,REQK0015,USERK0003,USERK0010,20260326,Withdrawn,false
A00900,C00145,P0271,REQK0016,USERK0002,USERK0012,20260305,Rejected,false
A00901,C00399,P0549,REQK0011,USERK0002,USERK0010,20250925,Withdrawn,false
A00902,C00518,P0375,REQK0016,USERK0002,USERK0012,20260703,Interview,true
A00903,C00481,P0512,REQK0020,USERK0003,USERK0010,20260310,Rejected,false
A00904,C00390,P0538,REQK0020,USERK0003,USERK0010,20260411,Withdrawn,false
A00905,C00341,P0135,REQK0007,USERK0003,USERK0009,20251220,Rejected,false
A00906,C00148,P0276,REQK0019,USERK0004,USERK0010,20260706,Interview,true
A00907,C00504,P0255,REQK0005,USERK0004,USERK0012,20260605,Rejected,false
A00908,C00372,P0322,REQK0020,USERK0003,USERK0010,20260604,Rejected,false
A00909,C00266,P0048,REQK0022,USERK0003,USERK0006,20260228,Interview,false
A00910,C00230,P0500,REQK0020,USERK0003,USERK0010,20260608,Rejected,false
A00911,C00599,P0330,REQK0005,USERK0004,USERK0012,20260306,Withdrawn,false
A00912,C00406,P0132,REQK0026,USERK0004,USERK0007,20260630,Rejected,false
A00913,C00321,P0030,REQK0006,USERK0003,USERK0011,20260415,Rejected,false
A00914,C00572,P0240,REQK0020,USERK0003,USERK0010,20260607,Withdrawn,false
A00915,C00138,P0523,REQK0005,USERK0004,USERK0012,20260614,Rejected,false
A00916,C00518,P0375,REQK0019,USERK0004,USERK0010,20260707,Interview,true
A00917,C00160,P0019,REQK0021,USERK0001,USERK0008,20260608,Offer,true
A00918,C00291,P0396,REQK0001,USERK0003,USERK0006,20260620,Withdrawn,false
A00919,C00280,P0222,REQK0026,USERK0004,USERK0007,20260429,Withdrawn,false
A00920,C00347,P0479,REQK0005,USERK0004,USERK0012,20260530,Withdrawn,false
A00921,C00202,P0215,REQK0015,USERK0003,USERK0010,20260602,Withdrawn,false
A00922,C00321,P0030,REQK0023,USERK0001,USERK0009,20260316,Rejected,false
A00923,C00202,P0215,REQK0007,USERK0003,USERK0009,20251019,Rejected,false
A00924,C00302,P0172,REQK0009,USERK0003,USERK0008,20260426,Withdrawn,false
A00925,C00197,P0133,REQK0019,USERK0004,USERK0010,20260612,Interview,false
A00926,C00598,P0071,REQK0014,USERK0004,USERK0009,20260625,Withdrawn,false
A00927,C00232,P0184,REQK0008,USERK0002,USERK0012,20260622,Rejected,false
A00928,C00464,P0091,REQK0011,USERK0002,USERK0010,20260529,Rejected,false
A00930,C00224,P0270,REQK0001,USERK0003,USERK0006,20260624,Rejected,false
A00931,C00143,P0041,REQK0019,USERK0004,USERK0010,20260615,Rejected,false
A00932,C00436,P0083,REQK0008,USERK0002,USERK0012,20260414,Hired,false
A00933,C00245,P0161,REQK0001,USERK0003,USERK0006,20260530,Withdrawn,false
A00934,C00357,P0216,REQK0012,USERK0002,USERK0012,20260609,Offer,true
A00935,C00131,P0428,REQK0010,USERK0003,USERK0005,20260526,Offer,true
A00936,C00457,P0453,REQK0005,USERK0004,USERK0012,20260416,Withdrawn,false
A00937,C00539,P0400,REQK0007,USERK0003,USERK0009,20260530,Hired,false
A00938,C00519,P0176,REQK0025,USERK0002,USERK0009,20260301,Withdrawn,false
A00939,C00110,P0266,REQK0004,USERK0002,USERK0008,20260526,Rejected,false
A00940,C00019,P0275,REQK0004,USERK0002,USERK0008,20260521,Withdrawn,false
A00941,C00393,P0530,REQK0001,USERK0003,USERK0006,20260606,Offer,true
A00942,C00382,P0491,REQK0010,USERK0003,USERK0005,20260708,Rejected,false
A00943,C00411,P0036,REQK0022,USERK0003,USERK0006,20260522,Withdrawn,false
A00944,C00387,P0493,REQK0011,USERK0002,USERK0010,20260314,Rejected,false
A00945,C00380,P0521,REQK0019,USERK0004,USERK0010,20260611,Offer,true
A00946,C00497,P0367,REQK0023,USERK0001,USERK0009,20260618,Rejected,false
A00947,C00362,P0040,REQK0023,USERK0001,USERK0009,20260509,Withdrawn,false
A00948,C00216,P0058,REQK0019,USERK0004,USERK0010,20260426,Withdrawn,false
A00949,C00118,P0094,REQK0007,USERK0003,USERK0009,20260226,Withdrawn,false
A00950,C00179,P0261,REQK0018,USERK0001,USERK0006,20260625,Withdrawn,false
A00951,C00178,P0080,REQK0021,USERK0001,USERK0008,20260507,Hired,false
A00952,C00368,P0527,REQK0026,USERK0004,USERK0007,20260605,Withdrawn,false
A00953,C00123,P0355,REQK0025,USERK0002,USERK0009,20260613,Withdrawn,false
A00954,C00538,P0160,REQK0025,USERK0002,USERK0009,20260423,Hired,false
A00955,C00168,P0265,REQK0005,USERK0004,USERK0012,20260711,Screen,true
A00956,C00026,P0302,REQK0012,USERK0002,USERK0012,20260506,Withdrawn,false
A00957,C00041,P0147,REQK0024,USERK0001,USERK0005,20260417,Rejected,false
A00958,C00022,P0026,REQK0012,USERK0002,USERK0012,20260420,Screen,false
A00959,C00058,P0067,REQK0001,USERK0003,USERK0006,20260520,Rejected,false
A00960,C00014,P0087,REQK0026,USERK0004,USERK0007,20260513,Screen,false
A00961,C00412,P0413,REQK0002,USERK0003,USERK0007,20260217,Interview,false
A00962,C00362,P0040,REQK0011,USERK0002,USERK0010,20260520,Hired,false
A00963,C00276,P0195,REQK0008,USERK0002,USERK0012,20260410,Rejected,false
A00965,C00478,P0011,REQK0017,USERK0001,USERK0011,20251120,Rejected,false
A00966,C00206,P0153,REQK0002,USERK0003,USERK0007,20251226,Withdrawn,false
A00967,C00268,P0496,REQK0015,USERK0003,USERK0010,20260211,Withdrawn,false
A00968,C00340,P0472,REQK0010,USERK0003,USERK0005,20260604,Withdrawn,false
A00969,C00414,P0386,REQK0005,USERK0004,USERK0012,20260416,Withdrawn,false
A00970,C00083,P0373,REQK0017,USERK0001,USERK0011,20260317,Withdrawn,false
A00971,C00122,P0334,REQK0010,USERK0003,USERK0005,20260612,Rejected,false
A00972,C00066,P0370,REQK0007,USERK0003,USERK0009,20260605,Withdrawn,false
A00973,C00232,P0184,REQK0018,USERK0001,USERK0006,20260320,Rejected,false
A00974,C00210,P0032,REQK0001,USERK0003,USERK0006,20260608,Offer,true
A00975,C00491,P0473,REQK0011,USERK0002,USERK0010,20260507,Hired,false
A00976,C00482,P0143,REQK0020,USERK0003,USERK0010,20260522,Withdrawn,false
A00977,C00463,P0258,REQK0020,USERK0003,USERK0010,20260330,Rejected,false
A00978,C00227,P0435,REQK0001,USERK0003,USERK0006,20260630,Withdrawn,false
A00979,C00257,P0408,REQK0016,USERK0002,USERK0012,20260514,Offer,true
A00980,C00279,P0167,REQK0010,USERK0003,USERK0005,20260614,Rejected,false
A00981,C00169,P0548,REQK0021,USERK0001,USERK0008,20260607,Rejected,false
A00982,C00552,P0411,REQK0011,USERK0002,USERK0010,20260210,Rejected,false
A00983,C00110,P0266,REQK0008,USERK0002,USERK0012,20260505,Offer,true
A00984,C00242,P0398,REQK0006,USERK0003,USERK0011,20260628,Rejected,false
A00985,C00493,P0419,REQK0020,USERK0003,USERK0010,20260411,Hired,false
A00986,C00472,P0519,REQK0011,USERK0002,USERK0010,20260703,Interview,true
A00987,C00173,P0339,REQK0003,USERK0001,USERK0005,20260506,Rejected,false
A00988,C00055,P0532,REQK0019,USERK0004,USERK0010,20260619,Offer,true
A00989,C00448,P0539,REQK0004,USERK0002,USERK0008,20260518,Offer,true
A00990,C00407,P0365,REQK0025,USERK0002,USERK0009,20260219,Rejected,false
A00991,C00229,P0125,REQK0017,USERK0001,USERK0011,20260213,Withdrawn,false
A00992,C00004,P0437,REQK0017,USERK0001,USERK0011,20260111,Withdrawn,false
A00993,C00533,P0403,REQK0025,USERK0002,USERK0009,20251231,Offer,true
A00994,C00390,P0538,REQK0003,USERK0001,USERK0005,20251201,Hired,false
A00995,C00471,P0114,REQK0006,USERK0003,USERK0011,20260115,Withdrawn,false
A00996,C00539,P0400,REQK0014,USERK0004,USERK0009,20251114,Rejected,false
A00998,C00519,P0176,REQK0003,USERK0001,USERK0005,20260615,Rejected,false
A00999,C00415,P0329,REQK0023,USERK0001,USERK0009,20260527,Rejected,false
A01000,C00582,P0295,REQK0020,USERK0003,USERK0010,20260512,Rejected,false
A01001,C00049,P0246,REQK0015,USERK0003,USERK0010,20260522,Withdrawn,false
A01002,C00218,P0136,REQK0001,USERK0003,USERK0006,20260626,Withdrawn,false
A01003,C00574,P0497,REQK0014,USERK0004,USERK0009,20260528,Withdrawn,false
A01004,C00288,P0443,REQK0024,USERK0001,USERK0005,20260527,Withdrawn,false
A01005,C00104,P0513,REQK0012,USERK0002,USERK0012,20260204,Screen,false
A01006,C00572,P0240,REQK0019,USERK0004,USERK0010,20260628,Screen,false
A01007,C00191,P0325,REQK0012,USERK0002,USERK0012,20260516,Rejected,false
A01008,C00411,P0036,REQK0008,USERK0002,USERK0012,20260507,Offer,true
A01009,C00109,P0159,REQK0017,USERK0001,USERK0011,20260510,Hired,false
A01010,C00121,P0076,REQK0025,USERK0002,USERK0009,20260604,Withdrawn,false
A01011,C00107,P0262,REQK0015,USERK0003,USERK0010,20260131,Withdrawn,false
A01012,C00414,P0386,REQK0002,USERK0003,USERK0007,20251024,Offer,true
A01013,C00002,P0213,REQK0009,USERK0003,USERK0008,20260225,Offer,true
A01014,C00116,P0144,REQK0001,USERK0003,USERK0006,20260501,Rejected,false
A01015,C00281,P0202,REQK0006,USERK0003,USERK0011,20260120,Withdrawn,false
A01016,C00264,P0414,REQK0016,USERK0002,USERK0012,20260626,Offer,true
A01017,C00330,P0073,REQK0023,USERK0001,USERK0009,20260709,Screen,true
A01018,C00346,P0350,REQK0019,USERK0004,USERK0010,20260525,Withdrawn,false
A01019,C00145,P0271,REQK0026,USERK0004,USERK0007,20260519,Offer,true
A01020,C00567,P0166,REQK0001,USERK0003,USERK0006,20260502,Withdrawn,false
A01021,C00581,P0032,REQK0009,USERK0003,USERK0008,20251203,Screen,false
A01022,C00392,P0056,REQK0013,USERK0001,USERK0009,20260313,Withdrawn,false
A01023,C00349,P0368,REQK0013,USERK0001,USERK0009,20260429,Withdrawn,false
A01024,C00397,P0162,REQK0005,USERK0004,USERK0012,20260616,Withdrawn,false
A01025,C00409,P0522,REQK0008,USERK0002,USERK0012,20260428,Withdrawn,false
A01026,C00032,P0306,REQK0018,USERK0001,USERK0006,20260323,Rejected,false
A01027,C00522,P0444,REQK0016,USERK0002,USERK0012,20260116,Withdrawn,false
A01028,C00571,P0293,REQK0018,USERK0001,USERK0006,20260317,Withdrawn,false
A01029,C00518,P0375,REQK0016,USERK0002,USERK0012,20260227,Withdrawn,false
A01030,C00327,P0082,REQK0001,USERK0003,USERK0006,20260526,Rejected,false
A01031,C00283,P0190,REQK0009,USERK0003,USERK0008,20251107,Offer,true
A01032,C00303,P0006,REQK0014,USERK0004,USERK0009,20251103,Withdrawn,false
A01033,C00077,P0103,REQK0022,USERK0003,USERK0006,20260120,Offer,false
A01034,C00102,P0145,REQK0025,USERK0002,USERK0009,20260313,Withdrawn,false
A01035,C00034,P0186,REQK0002,USERK0003,USERK0007,20260318,Rejected,false
A01036,C00543,P0536,REQK0008,USERK0002,USERK0012,20260601,Offer,true
A01037,C00115,P0166,REQK0004,USERK0002,USERK0008,20260616,Withdrawn,false
A01038,C00255,P0115,REQK0021,USERK0001,USERK0008,20260603,Withdrawn,false
A01039,C00402,P0046,REQK0013,USERK0001,USERK0009,20260225,Rejected,false
A01040,C00044,P0248,REQK0023,USERK0001,USERK0009,20260514,Withdrawn,false
A01041,C00188,P0457,REQK0010,USERK0003,USERK0005,20260306,Withdrawn,false
A01042,C00302,P0172,REQK0016,USERK0002,USERK0012,20260112,Rejected,false
A01043,C00217,P0062,REQK0013,USERK0001,USERK0009,20260512,Hired,false
A01044,C00030,P0392,REQK0005,USERK0004,USERK0012,20260516,Withdrawn,false
A01045,C00338,P0063,REQK0017,USERK0001,USERK0011,20251118,Rejected,false
A01046,C00389,P0381,REQK0005,USERK0004,USERK0012,20260620,Withdrawn,false
A01047,C00411,P0036,REQK0009,USERK0003,USERK0008,20260123,Rejected,false
A01048,C00017,P0462,REQK0010,USERK0003,USERK0005,20260622,Rejected,false
A01049,C00168,P0265,REQK0021,USERK0001,USERK0008,20260706,Rejected,false
A01050,C00496,P0116,REQK0001,USERK0003,USERK0006,20260430,Rejected,false
A01051,C00531,P0077,REQK0004,USERK0002,USERK0008,20260504,Withdrawn,false
A01052,C00178,P0080,REQK0017,USERK0001,USERK0011,20260106,Rejected,false
A01053,C00136,P0099,REQK0026,USERK0004,USERK0007,20260620,Rejected,false
A01054,C00445,P0141,REQK0015,USERK0003,USERK0010,20260215,Withdrawn,false
A01055,C00216,P0058,REQK0020,USERK0003,USERK0010,20260507,Withdrawn,false
A01056,C00596,P0351,REQK0026,USERK0004,USERK0007,20260617,Offer,true
A01057,C00175,P0544,REQK0009,USERK0003,USERK0008,20260131,Rejected,false
A01058,C00322,P0425,REQK0011,USERK0002,USERK0010,20251215,Rejected,false
A01059,C00440,P0057,REQK0025,USERK0002,USERK0009,20260215,Withdrawn,false
A01060,C00030,P0392,REQK0002,USERK0003,USERK0007,20251115,Rejected,false
A01061,C00554,P0060,REQK0025,USERK0002,USERK0009,20260208,Offer,false
A01062,C00145,P0271,REQK0011,USERK0002,USERK0010,20260623,Withdrawn,false
A01063,C00482,P0143,REQK0009,USERK0003,USERK0008,20260512,Withdrawn,false
A01064,C00304,P0223,REQK0013,USERK0001,USERK0009,20260128,Withdrawn,false
A01065,C00598,P0071,REQK0009,USERK0003,USERK0008,20251226,Offer,false
A01066,C00544,P0012,REQK0016,USERK0002,USERK0012,20260402,Withdrawn,false
A01067,C00341,P0135,REQK0016,USERK0002,USERK0012,20260428,Hired,false
A01068,C00423,P0281,REQK0015,USERK0003,USERK0010,20260614,Withdrawn,false
A01069,C00434,P0074,REQK0022,USERK0003,USERK0006,20260407,Withdrawn,false
A01070,C00425,P0358,REQK0023,USERK0001,USERK0009,20260518,Withdrawn,false
A01071,C00457,P0453,REQK0017,USERK0001,USERK0011,20260301,Withdrawn,false
A01072,C00151,P0492,REQK0015,USERK0003,USERK0010,20260530,Withdrawn,false
A01073,C00488,P0129,REQK0004,USERK0002,USERK0008,20260607,Rejected,false
A01074,C00371,P0249,REQK0007,USERK0003,USERK0009,20260223,Withdrawn,false
A01075,C00375,P0374,REQK0003,USERK0001,USERK0005,20260620,Withdrawn,false
A01076,C00309,P0122,REQK0007,USERK0003,USERK0009,20260623,Interview,true
A01077,C00089,P0154,REQK0020,USERK0003,USERK0010,20260308,Screen,false
A01078,C00018,P0034,REQK0024,USERK0001,USERK0005,20260618,Rejected,false
A01079,C00298,P0177,REQK0014,USERK0004,USERK0009,20260219,Withdrawn,false
A01080,C00435,P0010,REQK0003,USERK0001,USERK0005,20251029,Withdrawn,false
A01081,C00123,P0355,REQK0022,USERK0003,USERK0006,20251120,Withdrawn,false
A01082,C00268,P0496,REQK0019,USERK0004,USERK0010,20260604,Offer,true
A01083,C00544,P0012,REQK0009,USERK0003,USERK0008,20251214,Rejected,false
A01084,C00551,P0149,REQK0022,USERK0003,USERK0006,20251022,Rejected,false
A01085,C00093,P0150,REQK0008,USERK0002,USERK0012,20260529,Withdrawn,false
A01086,C00343,P0173,REQK0021,USERK0001,USERK0008,20260711,Withdrawn,false
A01088,C00472,P0519,REQK0003,USERK0001,USERK0005,20260531,Hired,false
A01089,C00563,P0084,REQK0008,USERK0002,USERK0012,20260611,Offer,true
A01091,C00357,P0216,REQK0025,USERK0002,USERK0009,20260610,Withdrawn,false
A01092,C00062,P0018,REQK0018,USERK0001,USERK0006,20251225,Rejected,false
A01093,C00488,P0129,REQK0019,USERK0004,USERK0010,20260520,Withdrawn,false
A01094,C00328,P0494,REQK0013,USERK0001,USERK0009,20260510,Rejected,false
A01095,C00437,P0541,REQK0009,USERK0003,USERK0008,20251222,Hired,false
A01096,C00052,P0088,REQK0001,USERK0003,USERK0006,20260705,Withdrawn,false
A01097,C00570,P0308,REQK0018,USERK0001,USERK0006,20260524,Hired,false
A01098,C00289,P0440,REQK0023,USERK0001,USERK0009,20260606,Rejected,false
A01099,C00217,P0062,REQK0001,USERK0003,USERK0006,20260708,Interview,true
A01100,C00032,P0306,REQK0003,USERK0001,USERK0005,20251109,Rejected,false
A01101,C00466,P0450,REQK0004,USERK0002,USERK0008,20260426,Withdrawn,false
A01102,C00208,P0507,REQK0025,USERK0002,USERK0009,20260225,Screen,false
A01103,C00431,P0089,REQK0019,USERK0004,USERK0010,20260607,Rejected,false
A01104,C00203,P0169,REQK0004,USERK0002,USERK0008,20260516,Hired,false
A01105,C00018,P0034,REQK0002,USERK0003,USERK0007,20260603,Rejected,false
A01106,C00327,P0082,REQK0022,USERK0003,USERK0006,20251227,Rejected,false
A01107,C00593,P0208,REQK0012,USERK0002,USERK0012,20251012,Withdrawn,false
A01108,C00048,P0052,REQK0006,USERK0003,USERK0011,20260201,Withdrawn,false
A01109,C00572,P0240,REQK0022,USERK0003,USERK0006,20251217,Rejected,false
A01110,C00085,P0342,REQK0021,USERK0001,USERK0008,20260607,Withdrawn,false
A01111,C00192,P0341,REQK0011,USERK0002,USERK0010,20260109,Rejected,false
A01112,C00293,P0361,REQK0021,USERK0001,USERK0008,20260507,Hired,false
A01113,C00113,P0065,REQK0004,USERK0002,USERK0008,20260628,Rejected,false
A01114,C00591,P0002,REQK0004,USERK0002,USERK0008,20260702,Rejected,false
A01115,C00483,P0292,REQK0014,USERK0004,USERK0009,20260312,Withdrawn,false
A01116,C00164,P0501,REQK0021,USERK0001,USERK0008,20260506,Withdrawn,false
A01117,C00569,P0175,REQK0020,USERK0003,USERK0010,20260625,Rejected,false
A01118,C00462,P0127,REQK0006,USERK0003,USERK0011,20260325,Screen,false
A01119,C00267,P0254,REQK0012,USERK0002,USERK0012,20260323,Rejected,false
A01120,C00571,P0293,REQK0010,USERK0003,USERK0005,20260625,Interview,true
A01121,C00224,P0270,REQK0019,USERK0004,USERK0010,20260620,Rejected,false
A01122,C00447,P0533,REQK0020,USERK0003,USERK0010,20260421,Withdrawn,false
A01123,C00446,P0156,REQK0024,USERK0001,USERK0005,20260529,Offer,true
A01124,C00576,P0202,REQK0014,USERK0004,USERK0009,20260226,Withdrawn,false
A01125,C00490,P0108,REQK0022,USERK0003,USERK0006,20260204,Rejected,false
A01126,C00510,P0382,REQK0012,USERK0002,USERK0012,20260320,Rejected,false
A01127,C00247,P0297,REQK0022,USERK0003,USERK0006,20260418,Withdrawn,false
A01128,C00350,P0327,REQK0021,USERK0001,USERK0008,20260606,Offer,true
A01129,C00266,P0048,REQK0014,USERK0004,USERK0009,20251206,Rejected,false
A01130,C00538,P0160,REQK0005,USERK0004,USERK0012,20260628,Withdrawn,false
A01131,C00523,P0196,REQK0007,USERK0003,USERK0009,20260625,Offer,true
A01132,C00446,P0156,REQK0011,USERK0002,USERK0010,20260616,Withdrawn,false
A01133,C00513,P0285,REQK0008,USERK0002,USERK0012,20260408,Rejected,false
A01134,C00460,P0432,REQK0017,USERK0001,USERK0011,20260202,Hired,false
A01135,C00293,P0361,REQK0008,USERK0002,USERK0012,20260617,Offer,true
A01136,C00526,P0072,REQK0007,USERK0003,USERK0009,20260209,Withdrawn,false
A01137,C00264,P0414,REQK0016,USERK0002,USERK0012,20260518,Offer,false
A01138,C00169,P0548,REQK0010,USERK0003,USERK0005,20260404,Rejected,false
A01139,C00060,P0203,REQK0014,USERK0004,USERK0009,20251228,Rejected,false
A01140,C00095,P0224,REQK0017,USERK0001,USERK0011,20260415,Rejected,false
A01141,C00084,P0078,REQK0022,USERK0003,USERK0006,20260707,Withdrawn,false
A01142,C00174,P0390,REQK0004,USERK0002,USERK0008,20260702,Screen,true
A01143,C00505,P0537,REQK0012,USERK0002,USERK0012,20260526,Withdrawn,false
A01144,C00384,P0412,REQK0004,USERK0002,USERK0008,20260619,Withdrawn,false
A01145,C00489,P0023,REQK0016,USERK0002,USERK0012,20260524,Rejected,false
A01146,C00018,P0034,REQK0019,USERK0004,USERK0010,20260610,Withdrawn,false
A01147,C00310,P0035,REQK0005,USERK0004,USERK0012,20260709,Rejected,false
A01148,C00063,P0188,REQK0005,USERK0004,USERK0012,20260626,Withdrawn,false
A01149,C00297,P0273,REQK0016,USERK0002,USERK0012,20260512,Hired,false
A01150,C00157,P0086,REQK0016,USERK0002,USERK0012,20260107,Rejected,false
A01151,C00498,P0113,REQK0019,USERK0004,USERK0010,20260515,Withdrawn,false
A01152,C00157,P0086,REQK0002,USERK0003,USERK0007,20260405,Withdrawn,false
A01153,C00284,P0059,REQK0024,USERK0001,USERK0005,20260425,Withdrawn,false
A01154,C00344,P0291,REQK0017,USERK0001,USERK0011,20251206,Rejected,false
A01155,C00432,P0372,REQK0012,USERK0002,USERK0012,20260218,Withdrawn,false
A01156,C00344,P0291,REQK0021,USERK0001,USERK0008,20260508,Withdrawn,false
A01157,C00190,P0005,REQK0009,USERK0003,USERK0008,20251107,Withdrawn,false
A01158,C00226,P0517,REQK0019,USERK0004,USERK0010,20260515,Hired,false
A01159,C00397,P0162,REQK0008,USERK0002,USERK0012,20260529,Hired,false
A01160,C00578,P0029,REQK0014,USERK0004,USERK0009,20251123,Withdrawn,false
A01161,C00246,P0486,REQK0022,USERK0003,USERK0006,20260219,Rejected,false
A01162,C00229,P0125,REQK0011,USERK0002,USERK0010,20260320,Withdrawn,false
A01163,C00266,P0048,REQK0009,USERK0003,USERK0008,20260512,Withdrawn,false
A01164,C00566,P0367,REQK0001,USERK0003,USERK0006,20260703,Rejected,false
A01165,C00216,P0058,REQK0017,USERK0001,USERK0011,20260113,Withdrawn,false
A01166,C00303,P0006,REQK0001,USERK0003,USERK0006,20260610,Withdrawn,false
A01167,C00470,P0107,REQK0006,USERK0003,USERK0011,20260402,Rejected,false
A01168,C00104,P0513,REQK0002,USERK0003,USERK0007,20260428,Rejected,false
A01169,C00173,P0339,REQK0018,USERK0001,USERK0006,20260218,Rejected,false
A01170,C00461,P0298,REQK0001,USERK0003,USERK0006,20260531,Withdrawn,false
A01171,C00512,P0283,REQK0025,USERK0002,USERK0009,20260501,Hired,false
A01172,C00135,P0394,REQK0008,USERK0002,USERK0012,20260404,Interview,false
A01173,C00519,P0176,REQK0024,USERK0001,USERK0005,20260518,Withdrawn,false
A01174,C00275,P0360,REQK0025,USERK0002,USERK0009,20260119,Rejected,false
A01175,C00378,P0379,REQK0012,USERK0002,USERK0012,20251106,Withdrawn,false
A01176,C00061,P0552,REQK0010,USERK0003,USERK0005,20260514,Hired,false
A01177,C00454,P0209,REQK0010,USERK0003,USERK0005,20260413,Hired,false
A01178,C00327,P0082,REQK0018,USERK0001,USERK0006,20260615,Withdrawn,false
A01179,C00275,P0360,REQK0010,USERK0003,USERK0005,20260304,Rejected,false
A01180,C00323,P0557,REQK0015,USERK0003,USERK0010,20260622,Rejected,false
A01181,C00429,P0347,REQK0024,USERK0001,USERK0005,20260514,Hired,false
A01182,C00354,P0174,REQK0017,USERK0001,USERK0011,20251202,Offer,false
A01183,C00403,P0405,REQK0011,USERK0002,USERK0010,20260625,Rejected,false
A01184,C00210,P0032,REQK0015,USERK0003,USERK0010,20260326,Withdrawn,false
A01185,C00200,P0064,REQK0006,USERK0003,USERK0011,20260424,Withdrawn,false
A01186,C00104,P0513,REQK0002,USERK0003,USERK0007,20260509,Rejected,false
A01187,C00176,P0418,REQK0023,USERK0001,USERK0009,20260415,Rejected,false
A01188,C00036,P0290,REQK0004,USERK0002,USERK0008,20260507,Rejected,false
A01189,C00179,P0261,REQK0012,USERK0002,USERK0012,20260116,Rejected,false
A01190,C00174,P0390,REQK0015,USERK0003,USERK0010,20260426,Interview,false
A01191,C00159,P0356,REQK0014,USERK0004,USERK0009,20251206,Rejected,false
A01192,C00061,P0552,REQK0021,USERK0001,USERK0008,20260611,Withdrawn,false
A01193,C00527,P0335,REQK0023,USERK0001,USERK0009,20260312,Rejected,false
A01194,C00284,P0059,REQK0010,USERK0003,USERK0005,20260306,Withdrawn,false
A01195,C00007,P0337,REQK0005,USERK0004,USERK0012,20260609,Offer,true
A01196,C00070,P0120,REQK0002,USERK0003,USERK0007,20260110,Offer,true
A01198,C00453,P0336,REQK0026,USERK0004,USERK0007,20260526,Interview,false
A01199,C00079,P0319,REQK0017,USERK0001,USERK0011,20260211,Withdrawn,false
A01200,C00184,P0269,REQK0016,USERK0002,USERK0012,20260109,Rejected,false
A01201,C00205,P0348,REQK0021,USERK0001,USERK0008,20260528,Rejected,false
A01202,C00183,P0214,REQK0015,USERK0003,USERK0010,20260708,Screen,true
A01203,C00111,P0338,REQK0003,USERK0001,USERK0005,20260613,Interview,true
A01204,C00504,P0255,REQK0022,USERK0003,USERK0006,20260204,Offer,true
A01205,C00151,P0492,REQK0017,USERK0001,USERK0011,20260427,Withdrawn,false
A01206,C00205,P0348,REQK0017,USERK0001,USERK0011,20260528,Rejected,false
A01207,C00225,P0085,REQK0003,USERK0001,USERK0005,20260124,Hired,false
A01208,C00373,P0217,REQK0018,USERK0001,USERK0006,20260226,Rejected,false
A01209,C00250,P0148,REQK0013,USERK0001,USERK0009,20260627,Rejected,false
A01210,C00003,P0124,REQK0003,USERK0001,USERK0005,20260208,Rejected,false
A01211,C00575,P0025,REQK0006,USERK0003,USERK0011,20260430,Hired,false
A01212,C00061,P0552,REQK0022,USERK0003,USERK0006,20260524,Rejected,false
A01213,C00375,P0374,REQK0001,USERK0003,USERK0006,20260630,Rejected,false
A01214,C00315,P0332,REQK0003,USERK0001,USERK0005,20260630,Interview,true
A01215,C00528,P0242,REQK0001,USERK0003,USERK0006,20260602,Hired,false
A01216,C00165,P0388,REQK0019,USERK0004,USERK0010,20260518,Withdrawn,false
A01217,C00250,P0148,REQK0010,USERK0003,USERK0005,20260521,Offer,true
A01218,C00253,P0001,REQK0002,USERK0003,USERK0007,20260618,Withdrawn,false
A01219,C00031,P0238,REQK0017,USERK0001,USERK0011,20251121,Offer,true
A01220,C00555,P0377,REQK0016,USERK0002,USERK0012,20260101,Withdrawn,false
A01221,C00191,P0325,REQK0006,USERK0003,USERK0011,20260101,Rejected,false
A01222,C00579,P0064,REQK0010,USERK0003,USERK0005,20260304,Hired,false
A01223,C00347,P0479,REQK0022,USERK0003,USERK0006,20260524,Withdrawn,false
A01224,C00407,P0365,REQK0020,USERK0003,USERK0010,20260523,Withdrawn,false
A01225,C00319,P0031,REQK0024,USERK0001,USERK0005,20260507,Withdrawn,false
A01226,C00127,P0489,REQK0011,USERK0002,USERK0010,20251226,Withdrawn,false
A01227,C00265,P0054,REQK0020,USERK0003,USERK0010,20260317,Rejected,false
A01228,C00541,P0021,REQK0019,USERK0004,USERK0010,20260508,Withdrawn,false
A01229,C00479,P0197,REQK0025,USERK0002,USERK0009,20260109,Withdrawn,false
A01230,C00272,P0560,REQK0001,USERK0003,USERK0006,20260518,Withdrawn,false
A01231,C00463,P0258,REQK0013,USERK0001,USERK0009,20260122,Offer,false
A01232,C00324,P0430,REQK0023,USERK0001,USERK0009,20260609,Withdrawn,false
A01233,C00092,P0515,REQK0022,USERK0003,USERK0006,20260129,Rejected,false
A01234,C00254,P0424,REQK0007,USERK0003,USERK0009,20260608,Rejected,false
A01235,C00412,P0413,REQK0018,USERK0001,USERK0006,20260501,Withdrawn,false
A01236,C00192,P0341,REQK0004,USERK0002,USERK0008,20260711,Screen,true
A01237,C00349,P0368,REQK0013,USERK0001,USERK0009,20260313,Hired,false
A01238,C00595,P0080,REQK0008,USERK0002,USERK0012,20260426,Rejected,false
A01239,C00244,P0236,REQK0021,USERK0001,USERK0008,20260707,Rejected,false
A01240,C00475,P0509,REQK0014,USERK0004,USERK0009,20260616,Offer,true
A01241,C00166,P0526,REQK0009,USERK0003,USERK0008,20260404,Withdrawn,false
A01242,C00581,P0032,REQK0010,USERK0003,USERK0005,20260510,Rejected,false
A01243,C00596,P0351,REQK0007,USERK0003,USERK0009,20260506,Withdrawn,false
A01244,C00264,P0414,REQK0019,USERK0004,USERK0010,20260629,Withdrawn,false
A01245,C00573,P0057,REQK0021,USERK0001,USERK0008,20260515,Rejected,false
A01246,C00573,P0057,REQK0026,USERK0004,USERK0007,20260524,Rejected,false
A01247,C00580,P0298,REQK0017,USERK0001,USERK0011,20260527,Rejected,false
A01248,C00079,P0319,REQK0007,USERK0003,USERK0009,20260208,Withdrawn,false
A01249,C00251,P0465,REQK0004,USERK0002,USERK0008,20260414,Offer,true
A01250,C00032,P0306,REQK0016,USERK0002,USERK0012,20260105,Withdrawn,false
A01251,C00522,P0444,REQK0003,USERK0001,USERK0005,20260628,Withdrawn,false
A01252,C00188,P0457,REQK0004,USERK0002,USERK0008,20260417,Rejected,false
A01253,C00469,P0508,REQK0020,USERK0003,USERK0010,20260411,Withdrawn,false
A01254,C00200,P0064,REQK0023,USERK0001,USERK0009,20260422,Rejected,false
A01255,C00397,P0162,REQK0014,USERK0004,USERK0009,20260530,Withdrawn,false
A01256,C00099,P0066,REQK0014,USERK0004,USERK0009,20260316,Offer,false
A01257,C00100,P0357,REQK0007,USERK0003,USERK0009,20251011,Rejected,false
A01258,C00527,P0335,REQK0025,USERK0002,USERK0009,20260408,Withdrawn,false
A01259,C00015,P0321,REQK0026,USERK0004,USERK0007,20260523,Rejected,false
A01260,C00031,P0238,REQK0019,USERK0004,USERK0010,20260609,Rejected,false
A01261,C00497,P0367,REQK0025,USERK0002,USERK0009,20260410,Withdrawn,false
A01262,C00584,P0282,REQK0011,USERK0002,USERK0010,20260315,Withdrawn,false
A01263,C00279,P0167,REQK0026,USERK0004,USERK0007,20260628,Offer,true
A01264,C00205,P0348,REQK0026,USERK0004,USERK0007,20260512,Hired,false
A01265,C00431,P0089,REQK0012,USERK0002,USERK0012,20260321,Withdrawn,false
A01266,C00503,P0210,REQK0003,USERK0001,USERK0005,20260427,Hired,false
A01267,C00011,P0097,REQK0014,USERK0004,USERK0009,20251209,Rejected,false
A01268,C00370,P0220,REQK0023,USERK0001,USERK0009,20260628,Rejected,false
A01269,C00407,P0365,REQK0015,USERK0003,USERK0010,20260621,Withdrawn,false
A01270,C00405,P0359,REQK0019,USERK0004,USERK0010,20260515,Offer,true
A01271,C00226,P0517,REQK0018,USERK0001,USERK0006,20260209,Rejected,false
A01272,C00071,P0330,REQK0026,USERK0004,USERK0007,20260615,Offer,true
A01273,C00002,P0213,REQK0011,USERK0002,USERK0010,20260516,Withdrawn,false
A01274,C00387,P0493,REQK0011,USERK0002,USERK0010,20251125,Rejected,false
A01275,C00353,P0555,REQK0026,USERK0004,USERK0007,20260510,Rejected,false
A01276,C00174,P0390,REQK0021,USERK0001,USERK0008,20260504,Offer,true
A01277,C00173,P0339,REQK0017,USERK0001,USERK0011,20260706,Interview,false
A01278,C00358,P0293,REQK0019,USERK0004,USERK0010,20260709,Screen,true
A01279,C00095,P0224,REQK0015,USERK0003,USERK0010,20260618,Withdrawn,false
A01280,C00339,P0037,REQK0007,USERK0003,USERK0009,20251204,Hired,false
A01281,C00465,P0198,REQK0017,USERK0001,USERK0011,20260318,Rejected,false
A01282,C00462,P0127,REQK0001,USERK0003,USERK0006,20260613,Interview,true
A01283,C00061,P0552,REQK0019,USERK0004,USERK0010,20260505,Withdrawn,false
A01284,C00159,P0356,REQK0006,USERK0003,USERK0011,20260622,Offer,true
A01285,C00391,P0385,REQK0022,USERK0003,USERK0006,20260628,Rejected,false
A01286,C00486,P0307,REQK0005,USERK0004,USERK0012,20260707,Screen,true
A01287,C00482,P0143,REQK0001,USERK0003,USERK0006,20260702,Rejected,false
A01288,C00592,P0026,REQK0021,USERK0001,USERK0008,20260523,Withdrawn,false
A01289,C00240,P0286,REQK0020,USERK0003,USERK0010,20260314,Withdrawn,false
A01290,C00434,P0074,REQK0026,USERK0004,USERK0007,20260513,Hired,false
A01291,C00015,P0321,REQK0004,USERK0002,USERK0008,20260410,Withdrawn,false
A01292,C00261,P0151,REQK0003,USERK0001,USERK0005,20260221,Withdrawn,false
A01293,C00146,P0551,REQK0008,USERK0002,USERK0012,20260416,Rejected,false
A01294,C00166,P0526,REQK0013,USERK0001,USERK0009,20260629,Withdrawn,false
A01295,C00447,P0533,REQK0016,USERK0002,USERK0012,20260308,Rejected,false
A01296,C00554,P0060,REQK0004,USERK0002,USERK0008,20260522,Offer,true
A01297,C00004,P0437,REQK0023,USERK0001,USERK0009,20260628,Withdrawn,false
A01298,C00580,P0298,REQK0023,USERK0001,USERK0009,20260605,Rejected,false
A01299,C00099,P0066,REQK0022,USERK0003,USERK0006,20251128,Hired,false
A01301,C00391,P0385,REQK0013,USERK0001,USERK0009,20260403,Screen,false
A01302,C00144,P0426,REQK0005,USERK0004,USERK0012,20260411,Hired,false
A01303,C00368,P0527,REQK0017,USERK0001,USERK0011,20260130,Offer,false
A01304,C00262,P0452,REQK0010,USERK0003,USERK0005,20260330,Rejected,false
A01305,C00025,P0482,REQK0021,USERK0001,USERK0008,20260421,Withdrawn,false
A01306,C00243,P0554,REQK0020,USERK0003,USERK0010,20260528,Rejected,false
A01307,C00548,P0241,REQK0009,USERK0003,USERK0008,20260220,Withdrawn,false
A01308,C00489,P0023,REQK0006,USERK0003,USERK0011,20260214,Withdrawn,false
A01309,C00300,P0416,REQK0016,USERK0002,USERK0012,20260418,Rejected,false
A01310,C00274,P0409,REQK0011,USERK0002,USERK0010,20251002,Withdrawn,false
A01311,C00185,P0502,REQK0010,USERK0003,USERK0005,20260507,Withdrawn,false
A01312,C00297,P0273,REQK0016,USERK0002,USERK0012,20260331,Rejected,false
A01313,C00106,P0378,REQK0012,USERK0002,USERK0012,20251031,Screen,false
A01314,C00124,P0130,REQK0009,USERK0003,USERK0008,20260704,Screen,true
A01315,C00033,P0025,REQK0018,USERK0001,USERK0006,20260519,Rejected,false
A01316,C00463,P0258,REQK0020,USERK0003,USERK0010,20260420,Withdrawn,false
A01317,C00456,P0111,REQK0022,USERK0003,USERK0006,20260224,Offer,true
A01318,C00259,P0002,REQK0015,USERK0003,USERK0010,20260614,Withdrawn,false
A01319,C00480,P0344,REQK0006,USERK0003,USERK0011,20260522,Rejected,false
A01320,C00472,P0519,REQK0012,USERK0002,USERK0012,20251112,Screen,false
A01321,C00091,P0289,REQK0006,USERK0003,USERK0011,20251231,Hired,false
A01322,C00403,P0405,REQK0018,USERK0001,USERK0006,20260703,Withdrawn,false
A01323,C00121,P0076,REQK0014,USERK0004,USERK0009,20260626,Withdrawn,false
A01324,C00022,P0026,REQK0023,USERK0001,USERK0009,20260614,Withdrawn,false
A01325,C00488,P0129,REQK0017,USERK0001,USERK0011,20251215,Withdrawn,false
A01326,C00179,P0261,REQK0007,USERK0003,USERK0009,20260323,Withdrawn,false
A01327,C00466,P0450,REQK0025,USERK0002,USERK0009,20260630,Rejected,false
A01328,C00368,P0527,REQK0024,USERK0001,USERK0005,20260504,Withdrawn,false
A01329,C00139,P0240,REQK0006,USERK0003,USERK0011,20260127,Withdrawn,false
A01330,C00592,P0026,REQK0001,USERK0003,USERK0006,20260618,Rejected,false
A01331,C00053,P0466,REQK0006,USERK0003,USERK0011,20260422,Hired,false
A01332,C00256,P0434,REQK0009,USERK0003,USERK0008,20260202,Rejected,false
A01333,C00493,P0419,REQK0016,USERK0002,USERK0012,20260220,Offer,true
A01334,C00062,P0018,REQK0016,USERK0002,USERK0012,20260122,Withdrawn,false
A01335,C00170,P0008,REQK0004,USERK0002,USERK0008,20260411,Rejected,false
A01336,C00446,P0156,REQK0023,USERK0001,USERK0009,20260522,Offer,true
A01337,C00562,P0179,REQK0002,USERK0003,USERK0007,20260406,Rejected,false
A01338,C00168,P0265,REQK0024,USERK0001,USERK0005,20260704,Rejected,false
A01339,C00063,P0188,REQK0014,USERK0004,USERK0009,20251014,Withdrawn,false
A01340,C00413,P0226,REQK0004,USERK0002,USERK0008,20260703,Rejected,false
A01341,C00369,P0305,REQK0011,USERK0002,USERK0010,20251015,Withdrawn,false
A01342,C00337,P0483,REQK0002,USERK0003,USERK0007,20260507,Hired,false
A01343,C00063,P0188,REQK0025,USERK0002,USERK0009,20260518,Offer,true
A01344,C00397,P0162,REQK0007,USERK0003,USERK0009,20250914,Rejected,false
A01345,C00106,P0378,REQK0011,USERK0002,USERK0010,20250924,Withdrawn,false
A01346,C00081,P0451,REQK0019,USERK0004,USERK0010,20260701,Screen,true
A01347,C00222,P0227,REQK0020,USERK0003,USERK0010,20260604,Withdrawn,false
A01348,C00364,P0277,REQK0024,USERK0001,USERK0005,20260702,Rejected,false
A01349,C00208,P0507,REQK0008,USERK0002,USERK0012,20260605,Offer,true
A01350,C00413,P0226,REQK0001,USERK0003,USERK0006,20260621,Withdrawn,false
A01351,C00186,P0259,REQK0012,USERK0002,USERK0012,20251203,Withdrawn,false
A01352,C00489,P0023,REQK0010,USERK0003,USERK0005,20260411,Withdrawn,false
A01353,C00448,P0539,REQK0015,USERK0003,USERK0010,20260129,Withdrawn,false
A01354,C00414,P0386,REQK0022,USERK0003,USERK0006,20260220,Rejected,false
A01355,C00566,P0367,REQK0025,USERK0002,USERK0009,20251021,Rejected,false
A01356,C00054,P0199,REQK0021,USERK0001,USERK0008,20260605,Offer,true
A01357,C00526,P0072,REQK0026,USERK0004,USERK0007,20260620,Interview,true
A01358,C00271,P0235,REQK0004,USERK0002,USERK0008,20260506,Rejected,false
A01359,C00321,P0030,REQK0015,USERK0003,USERK0010,20260422,Screen,false
A01360,C00392,P0056,REQK0015,USERK0003,USERK0010,20260415,Withdrawn,false
A01361,C00307,P0017,REQK0026,USERK0004,USERK0007,20260518,Hired,false
A01362,C00360,P0498,REQK0022,USERK0003,USERK0006,20260529,Rejected,false
A01363,C00368,P0527,REQK0021,USERK0001,USERK0008,20260612,Rejected,false
A01364,C00549,P0004,REQK0002,USERK0003,USERK0007,20251111,Rejected,false
A01365,C00205,P0348,REQK0026,USERK0004,USERK0007,20260616,Rejected,false
A01366,C00597,P0141,REQK0015,USERK0003,USERK0010,20260609,Withdrawn,false
A01367,C00601,P0049,REQK0024,USERK0001,USERK0005,20260708,Screen,true
A01368,C00148,P0276,REQK0023,USERK0001,USERK0009,20260701,Withdrawn,false
A01369,C00018,P0034,REQK0007,USERK0003,USERK0009,20250930,Rejected,false
A01370,C00189,P0328,REQK0022,USERK0003,USERK0006,20260313,Rejected,false
A01371,C00593,P0208,REQK0008,USERK0002,USERK0012,20260407,Screen,false
A01372,C00134,P0028,REQK0006,USERK0003,USERK0011,20260211,Rejected,false
A01373,C00273,P0505,REQK0017,USERK0001,USERK0011,20260203,Withdrawn,false
A01374,C00181,P0477,REQK0005,USERK0004,USERK0012,20260428,Withdrawn,false
A01375,C00419,P0431,REQK0015,USERK0003,USERK0010,20260129,Rejected,false
A01376,C00254,P0424,REQK0011,USERK0002,USERK0010,20260626,Screen,false
A01377,C00457,P0453,REQK0004,USERK0002,USERK0008,20260421,Withdrawn,false
A01378,C00502,P0218,REQK0001,USERK0003,USERK0006,20260603,Withdrawn,false
A01379,C00183,P0214,REQK0012,USERK0002,USERK0012,20260320,Screen,false
A01380,C00412,P0413,REQK0002,USERK0003,USERK0007,20260610,Hired,false
A01381,C00459,P0383,REQK0006,USERK0003,USERK0011,20260317,Withdrawn,false
A01382,C00207,P0558,REQK0004,USERK0002,USERK0008,20260506,Rejected,false
A01383,C00347,P0479,REQK0002,USERK0003,USERK0007,20251128,Rejected,false
A01384,C00567,P0166,REQK0005,USERK0004,USERK0012,20260325,Withdrawn,false
A01385,C00395,P0252,REQK0013,USERK0001,USERK0009,20260213,Rejected,false
A01386,C00187,P0207,REQK0025,USERK0002,USERK0009,20251224,Withdrawn,false
A01387,C00169,P0548,REQK0003,USERK0001,USERK0005,20260418,Hired,false
A01388,C00058,P0067,REQK0006,USERK0003,USERK0011,20260109,Withdrawn,false
A01389,C00495,P0194,REQK0013,USERK0001,USERK0009,20260513,Rejected,false
A01390,C00303,P0006,REQK0012,USERK0002,USERK0012,20251003,Screen,false
A01391,C00395,P0252,REQK0019,USERK0004,USERK0010,20260530,Withdrawn,false
A01392,C00100,P0357,REQK0011,USERK0002,USERK0010,20260120,Withdrawn,false
A01394,C00153,P0309,REQK0006,USERK0003,USERK0011,20260514,Hired,false
A01395,C00146,P0551,REQK0010,USERK0003,USERK0005,20260510,Withdrawn,false
A01396,C00257,P0408,REQK0017,USERK0001,USERK0011,20260703,Withdrawn,false
A01397,C00025,P0482,REQK0002,USERK0003,USERK0007,20260525,Rejected,false
A01399,C00517,P0024,REQK0006,USERK0003,USERK0011,20260428,Withdrawn,false
A01400,C00452,P0406,REQK0023,USERK0001,USERK0009,20260513,Withdrawn,false
A01401,C00548,P0241,REQK0023,USERK0001,USERK0009,20260615,Withdrawn,false
A01402,C00346,P0350,REQK0002,USERK0003,USERK0007,20260103,Hired,false
A01403,C00194,P0051,REQK0013,USERK0001,USERK0009,20260516,Screen,false
A01404,C00020,P0320,REQK0011,USERK0002,USERK0010,20251010,Rejected,false
A01405,C00109,P0159,REQK0007,USERK0003,USERK0009,20250913,Hired,false
A01406,C00138,P0523,REQK0012,USERK0002,USERK0012,20260301,Hired,false
A01407,C00084,P0078,REQK0021,USERK0001,USERK0008,20260421,Rejected,false
A01408,C00295,P0146,REQK0024,USERK0001,USERK0005,20260616,Withdrawn,false
A01409,C00184,P0269,REQK0013,USERK0001,USERK0009,20260710,Withdrawn,false
A01410,C00580,P0298,REQK0017,USERK0001,USERK0011,20260106,Rejected,false
A01411,C00305,P0389,REQK0012,USERK0002,USERK0012,20260206,Rejected,false
A01412,C00417,P0340,REQK0004,USERK0002,USERK0008,20260506,Rejected,false
A01413,C00077,P0103,REQK0010,USERK0003,USERK0005,20260330,Hired,false
A01414,C00548,P0241,REQK0021,USERK0001,USERK0008,20260622,Withdrawn,false
A01415,C00027,P0516,REQK0014,USERK0004,USERK0009,20260503,Rejected,false
A01416,C00031,P0238,REQK0016,USERK0002,USERK0012,20260305,Withdrawn,false
A01417,C00376,P0354,REQK0023,USERK0001,USERK0009,20260531,Withdrawn,false
A01418,C00367,P0047,REQK0011,USERK0002,USERK0010,20260412,Withdrawn,false
A01419,C00250,P0148,REQK0001,USERK0003,USERK0006,20260615,Withdrawn,false
A01420,C00346,P0350,REQK0009,USERK0003,USERK0008,20260120,Withdrawn,false
A01421,C00201,P0084,REQK0009,USERK0003,USERK0008,20260313,Withdrawn,false
A01422,C00578,P0029,REQK0006,USERK0003,USERK0011,20260530,Withdrawn,false
A01423,C00326,P0401,REQK0021,USERK0001,USERK0008,20260627,Withdrawn,false
A01424,C00094,P0263,REQK0002,USERK0003,USERK0007,20260205,Withdrawn,false
A01425,C00010,P0007,REQK0004,USERK0002,USERK0008,20260615,Rejected,false
A01426,C00595,P0080,REQK0004,USERK0002,USERK0008,20260609,Screen,false
A01427,C00502,P0218,REQK0007,USERK0003,USERK0009,20251217,Withdrawn,false
A01428,C00345,P0171,REQK0001,USERK0003,USERK0006,20260522,Withdrawn,false
A01429,C00339,P0037,REQK0013,USERK0001,USERK0009,20260115,Rejected,false
A01430,C00304,P0223,REQK0016,USERK0002,USERK0012,20260124,Withdrawn,false
A01431,C00328,P0494,REQK0006,USERK0003,USERK0011,20260514,Withdrawn,false
A01432,C00244,P0236,REQK0022,USERK0003,USERK0006,20260320,Rejected,false
A01433,C00070,P0120,REQK0018,USERK0001,USERK0006,20260531,Offer,true
A01434,C00571,P0293,REQK0004,USERK0002,USERK0008,20260609,Rejected,false
A01435,C00497,P0367,REQK0012,USERK0002,USERK0012,20260103,Hired,false
A01436,C00156,P0268,REQK0008,USERK0002,USERK0012,20260424,Offer,false
A01437,C00289,P0440,REQK0012,USERK0002,USERK0012,20251018,Hired,false
A01438,C00547,P0313,REQK0019,USERK0004,USERK0010,20260710,Rejected,false
A01439,C00130,P0055,REQK0024,USERK0001,USERK0005,20260527,Withdrawn,false
A01440,C00464,P0091,REQK0011,USERK0002,USERK0010,20251021,Hired,false
A01441,C00301,P0421,REQK0001,USERK0003,USERK0006,20260602,Screen,false
A01442,C00502,P0218,REQK0002,USERK0003,USERK0007,20260627,Interview,true
A01443,C00218,P0136,REQK0021,USERK0001,USERK0008,20260610,Withdrawn,false
A01444,C00420,P0243,REQK0026,USERK0004,USERK0007,20260602,Rejected,false
A01445,C00322,P0425,REQK0004,USERK0002,USERK0008,20260628,Withdrawn,false
A01446,C00445,P0141,REQK0025,USERK0002,USERK0009,20260205,Withdrawn,false
A01447,C00538,P0160,REQK0025,USERK0002,USERK0009,20251022,Withdrawn,false
A01448,C00288,P0443,REQK0010,USERK0003,USERK0005,20260407,Withdrawn,false
A01449,C00535,P0142,REQK0007,USERK0003,USERK0009,20260430,Offer,false
A01450,C00159,P0356,REQK0013,USERK0001,USERK0009,20260321,Rejected,false
