event_id,application_id,from_stage,to_stage,changed_at,event_seq,changed_by
E002205,A00672,,Applied,2025-09-12 11:47:55,2205,U004
E004622,A01405,,Applied,2025-09-13 22:59:12,4622,U004
E004437,A01344,,Applied,2025-09-14 19:40:53,4437,U003
E004438,A01344,Applied,Rejected,2025-09-18 07:40:53,4438,U001
E001509,A00460,,Applied,2025-09-18 15:47:13,1509,U003
E001562,A00478,,Applied,2025-09-19 06:37:23,1562,U002
E001563,A00478,Applied,Withdrawn,2025-09-20 10:37:23,1563,U004
E001510,A00460,Applied,Screen,2025-09-22 02:47:13,1510,U003
E002530,A00770,,Applied,2025-09-22 16:53:16,2530,U002
E004439,A01345,,Applied,2025-09-24 03:51:19,4439,U004
E001804,A00554,,Applied,2025-09-24 16:21:43,1804,U002
E002973,A00901,,Applied,2025-09-25 05:54:51,2973,U004
E002206,A00672,Applied,Screen,2025-09-25 07:47:55,2206,U004
E000476,A00147,,Applied,2025-09-27 03:59:50,476,U004
E002471,A00752,,Applied,2025-09-27 13:46:16,2471,U003
E000477,A00147,Applied,Rejected,2025-09-28 09:59:50,477,U004
E001847,A00566,,Applied,2025-09-28 17:46:03,1847,U003
E001511,A00460,Screen,Interview,2025-09-30 13:47:13,1511,U002
E001806,A00554,Screen,Rejected,2025-09-30 16:21:43,1806,U003
E001805,A00554,Applied,Screen,2025-09-30 16:21:43,1805,U003
E004510,A01369,,Applied,2025-09-30 19:16:05,4510,U001
E001557,A00476,,Applied,2025-10-01 06:00:11,1557,U004
E001848,A00566,Applied,Rejected,2025-10-02 10:46:03,1848,U004
E004330,A01310,,Applied,2025-10-02 13:54:46,4330,U004
E004571,A01390,,Applied,2025-10-03 22:35:07,4571,U001
E001312,A00401,,Applied,2025-10-04 15:05:37,1312,U001
E001512,A00460,Interview,Rejected,2025-10-04 19:47:13,1512,U004
E004623,A01405,Applied,Screen,2025-10-05 09:59:12,4623,U002
E002974,A00901,Applied,Screen,2025-10-05 17:54:51,2974,U003
E000478,A00148,,Applied,2025-10-06 04:02:56,478,U002
E004440,A01345,Applied,Withdrawn,2025-10-06 10:51:19,4440,U001
E003292,A00997,,Applied,2025-10-06 19:19:37,3292,U001
E000479,A00148,Applied,Screen,2025-10-08 09:02:56,479,U004
E004617,A01404,,Applied,2025-10-10 02:18:10,4617,U002
E004512,A01369,Screen,Rejected,2025-10-10 08:16:05,4512,U002
E004511,A01369,Applied,Screen,2025-10-10 08:16:05,4511,U002
E001289,A00395,,Applied,2025-10-10 14:22:40,1289,U003
E002862,A00869,,Applied,2025-10-11 15:19:26,2862,U004
E004153,A01257,,Applied,2025-10-11 16:23:48,4153,U004
E003655,A01107,,Applied,2025-10-12 01:17:54,3655,U002
E001164,A00358,,Applied,2025-10-12 04:48:26,1164,U001
E002472,A00752,Applied,Screen,2025-10-12 07:46:16,2472,U002
E001954,A00599,,Applied,2025-10-12 16:02:43,1954,U003
E002976,A00901,Interview,Withdrawn,2025-10-12 19:54:51,2976,U003
E002975,A00901,Screen,Interview,2025-10-12 19:54:51,2975,U003
E001314,A00402,,Applied,2025-10-12 21:02:02,1314,U001
E004572,A01390,Applied,Screen,2025-10-12 22:35:07,4572,U002
E002531,A00770,Applied,Screen,2025-10-13 05:53:16,2531,U001
E001922,A00589,,Applied,2025-10-13 10:06:29,1922,U003
E002207,A00672,Screen,Interview,2025-10-14 01:47:55,2207,U001
E001558,A00476,Applied,Screen,2025-10-14 02:00:11,1558,U002
E004420,A01339,,Applied,2025-10-14 07:53:09,4420,U002
E004331,A01310,Applied,Withdrawn,2025-10-14 15:54:46,4331,U002
E004426,A01341,,Applied,2025-10-15 04:47:27,4426,U003
E001078,A00332,,Applied,2025-10-16 14:24:17,1078,U004
E001955,A00599,Applied,Withdrawn,2025-10-16 21:02:43,1955,U001
E001474,A00449,,Applied,2025-10-17 00:28:29,1474,U003
E002599,A00791,,Applied,2025-10-17 02:26:29,2599,U004
E003656,A01107,Applied,Screen,2025-10-17 09:17:54,3656,U002
E001388,A00424,,Applied,2025-10-17 17:04:23,1388,U001
E001313,A00401,Applied,Withdrawn,2025-10-17 18:05:37,1313,U001
E000266,A00083,,Applied,2025-10-18 02:24:23,266,U001
E002863,A00869,Applied,Withdrawn,2025-10-18 07:19:26,2863,U002
E004729,A01437,,Applied,2025-10-18 08:31:42,4729,U003
E000485,A00150,,Applied,2025-10-18 23:36:03,485,U001
E003039,A00923,,Applied,2025-10-19 16:37:37,3039,U002
E004421,A01339,Applied,Screen,2025-10-19 16:53:09,4421,U001
E002473,A00752,Screen,Withdrawn,2025-10-20 02:46:16,2473,U001
E000347,A00110,,Applied,2025-10-20 11:41:32,347,U002
E004154,A01257,Applied,Rejected,2025-10-20 17:23:48,4154,U003
E004427,A01341,Applied,Withdrawn,2025-10-20 18:47:27,4427,U001
E002848,A00864,,Applied,2025-10-20 20:33:50,2848,U004
E004466,A01355,,Applied,2025-10-21 00:45:50,4466,U004
E004624,A01405,Screen,Interview,2025-10-21 03:59:12,4624,U004
E004739,A01440,,Applied,2025-10-21 07:56:16,4739,U002
E004618,A01404,Applied,Screen,2025-10-21 14:18:10,4618,U003
E003568,A01084,,Applied,2025-10-22 00:52:12,3568,U004
E004759,A01447,,Applied,2025-10-22 14:43:51,4759,U004
E000480,A00148,Screen,Interview,2025-10-22 16:02:56,480,U001
E002027,A00619,,Applied,2025-10-23 15:29:31,2027,U004
E001088,A00335,,Applied,2025-10-23 19:07:04,1088,U004
E003340,A01012,,Applied,2025-10-24 00:50:40,3340,U003
E001315,A00402,Applied,Rejected,2025-10-24 04:02:02,1315,U004
E001923,A00589,Applied,Rejected,2025-10-24 04:06:29,1923,U001
E000348,A00110,Applied,Withdrawn,2025-10-24 04:41:32,348,U003
E001559,A00476,Screen,Rejected,2025-10-24 15:00:11,1559,U004
E002041,A00624,,Applied,2025-10-25 00:57:10,2041,U004
E000267,A00083,Applied,Screen,2025-10-25 03:24:23,267,U004
E002055,A00628,,Applied,2025-10-25 12:30:07,2055,U004
E004573,A01390,Screen,Rejected,2025-10-25 13:35:07,4573,U001
E004422,A01339,Screen,Interview,2025-10-26 00:53:09,4422,U004
E001080,A00332,Screen,Withdrawn,2025-10-26 05:24:17,1080,U003
E001079,A00332,Applied,Screen,2025-10-26 05:24:17,1079,U001
E001290,A00395,Applied,Screen,2025-10-26 15:22:40,1290,U003
E004625,A01405,Interview,Offer,2025-10-26 17:59:12,4625,U004
E001165,A00358,Applied,Screen,2025-10-26 23:48:26,1165,U002
E003293,A00997,Applied,Screen,2025-10-27 04:19:37,3293,U001
E002630,A00801,,Applied,2025-10-27 16:07:43,2630,U003
E002911,A00883,,Applied,2025-10-28 01:49:52,2911,U001
E001776,A00545,,Applied,2025-10-28 02:16:19,1776,U001
E003040,A00923,Applied,Screen,2025-10-28 08:37:37,3040,U003
E003569,A01084,Applied,Rejected,2025-10-28 18:52:12,3569,U004
E000486,A00150,Applied,Withdrawn,2025-10-29 03:36:03,486,U002
E002869,A00871,,Applied,2025-10-29 07:09:02,2869,U003
E004740,A01440,Applied,Screen,2025-10-29 08:56:16,4740,U004
E003554,A01080,,Applied,2025-10-29 09:21:25,3554,U002
E001291,A00395,Screen,Interview,2025-10-29 10:22:40,1291,U001
E001694,A00520,,Applied,2025-10-29 11:55:08,1694,U003
E000270,A00084,,Applied,2025-10-29 16:10:24,270,U004
E003341,A01012,Applied,Screen,2025-10-29 17:50:40,3341,U002
E001089,A00335,Applied,Screen,2025-10-30 02:07:04,1089,U002
E001886,A00577,,Applied,2025-10-30 06:39:00,1886,U004
E002811,A00853,,Applied,2025-10-30 22:16:31,2811,U004
E004342,A01313,,Applied,2025-10-31 01:50:42,4342,U002
E002600,A00791,Applied,Screen,2025-10-31 08:26:29,2600,U001
E002532,A00770,Screen,Interview,2025-10-31 10:53:16,2532,U004
E004730,A01437,Applied,Screen,2025-10-31 13:31:42,4730,U001
E000527,A00164,,Applied,2025-10-31 23:23:18,527,U003
E002208,A00672,Interview,Offer,2025-11-01 03:47:55,2208,U002
E003658,A01107,Interview,Withdrawn,2025-11-01 05:17:54,3658,U003
E003657,A01107,Screen,Interview,2025-11-01 05:17:54,3657,U002
E002844,A00862,,Applied,2025-11-01 05:21:17,2844,U003
E002042,A00624,Applied,Withdrawn,2025-11-01 07:57:10,2042,U004
E001090,A00335,Screen,Interview,2025-11-01 08:07:04,1090,U002
E001494,A00456,,Applied,2025-11-01 11:47:24,1494,U003
E001292,A00395,Interview,Withdrawn,2025-11-01 15:22:40,1292,U001
E001495,A00456,Applied,Withdrawn,2025-11-02 22:47:24,1495,U004
E003407,A01032,,Applied,2025-11-03 02:25:56,3407,U004
E002631,A00801,Applied,Screen,2025-11-03 10:07:43,2631,U001
E001016,A00313,,Applied,2025-11-03 15:57:05,1016,U001
E001284,A00394,,Applied,2025-11-03 18:51:15,1284,U001
E000481,A00148,Interview,Withdrawn,2025-11-03 21:02:56,481,U003
E002601,A00791,Screen,Withdrawn,2025-11-04 01:26:29,2601,U001
E002870,A00871,Applied,Screen,2025-11-04 02:09:02,2870,U001
E001733,A00532,,Applied,2025-11-04 02:20:35,1733,U003
E001042,A00321,,Applied,2025-11-04 04:09:56,1042,U001
E002103,A00642,,Applied,2025-11-04 04:18:04,2103,U002
E001777,A00545,Applied,Screen,2025-11-04 11:16:19,1777,U003
E001389,A00424,Applied,Screen,2025-11-04 19:04:23,1389,U002
E003342,A01012,Screen,Interview,2025-11-04 23:50:40,3342,U003
E001058,A00326,,Applied,2025-11-05 15:44:20,1058,U004
E002781,A00844,,Applied,2025-11-05 17:45:46,2781,U004
E000112,A00038,,Applied,2025-11-05 20:15:58,112,U004
E001428,A00436,,Applied,2025-11-05 22:50:07,1428,U002
E003871,A01175,,Applied,2025-11-06 02:24:59,3871,U002
E001476,A00449,Screen,Withdrawn,2025-11-06 07:28:29,1476,U002
E001475,A00449,Applied,Screen,2025-11-06 07:28:29,1475,U001
E004731,A01437,Screen,Interview,2025-11-06 13:31:42,4731,U004
E001166,A00358,Screen,Interview,2025-11-06 13:48:26,1166,U001
E003294,A00997,Screen,Interview,2025-11-06 15:19:37,3294,U002
E001017,A00313,Applied,Screen,2025-11-06 19:57:05,1017,U004
E003403,A01031,,Applied,2025-11-07 03:35:08,3403,U001
E001778,A00545,Screen,Withdrawn,2025-11-07 04:16:19,1778,U001
E000520,A00162,,Applied,2025-11-07 07:53:04,520,U001
E003811,A01157,,Applied,2025-11-07 15:24:04,3811,U003
E002345,A00716,,Applied,2025-11-07 17:05:36,2345,U003
E002483,A00756,,Applied,2025-11-07 17:34:40,2483,U001
E004467,A01355,Applied,Screen,2025-11-08 07:45:50,4467,U001
E004344,A01313,Screen,Rejected,2025-11-08 12:50:42,4344,U004
E004343,A01313,Applied,Screen,2025-11-08 12:50:42,4343,U002
E002104,A00642,Applied,Rejected,2025-11-08 15:18:04,2104,U004
E000848,A00264,,Applied,2025-11-08 15:53:26,848,U003
E000271,A00084,Applied,Screen,2025-11-08 17:10:24,271,U002
E001734,A00532,Applied,Rejected,2025-11-08 20:20:35,1734,U004
E002602,A00792,,Applied,2025-11-08 20:26:39,2602,U001
E002849,A00864,Applied,Screen,2025-11-08 22:33:50,2849,U002
E000303,A00095,,Applied,2025-11-09 01:28:11,303,U004
E001695,A00520,Applied,Rejected,2025-11-09 03:55:08,1695,U002
E000269,A00083,Interview,Rejected,2025-11-09 06:24:23,269,U003
E000268,A00083,Screen,Interview,2025-11-09 06:24:23,268,U002
E004760,A01447,Applied,Screen,2025-11-09 07:43:51,4760,U002
E004423,A01339,Interview,Withdrawn,2025-11-09 10:53:09,4423,U001
E001208,A00371,,Applied,2025-11-09 13:21:13,1208,U003
E004619,A01404,Screen,Interview,2025-11-09 18:18:10,4619,U002
E002293,A00700,,Applied,2025-11-09 19:27:01,2293,U001
E003624,A01100,,Applied,2025-11-09 21:10:09,3624,U002
E002056,A00628,Applied,Screen,2025-11-10 04:30:07,2056,U001
E000433,A00135,,Applied,2025-11-10 06:59:19,433,U001
E001059,A00326,Applied,Withdrawn,2025-11-10 09:44:20,1059,U002
E003041,A00923,Screen,Interview,2025-11-10 16:37:37,3041,U003
E000942,A00291,,Applied,2025-11-11 01:06:16,942,U003
E002346,A00716,Applied,Screen,2025-11-11 02:05:36,2346,U004
E003295,A00997,Interview,Offer,2025-11-11 03:19:37,3295,U004
E004741,A01440,Screen,Interview,2025-11-11 20:56:16,4741,U002
E004496,A01364,,Applied,2025-11-11 22:02:41,4496,U004
E002028,A00619,Applied,Screen,2025-11-12 03:29:31,2028,U004
E003625,A01100,Applied,Screen,2025-11-12 09:10:09,3625,U004
E004362,A01320,,Applied,2025-11-12 14:09:58,4362,U001
E002845,A00862,Applied,Rejected,2025-11-12 19:21:17,2845,U004
E002533,A00770,Interview,Offer,2025-11-12 23:53:16,2533,U003
E000629,A00197,,Applied,2025-11-13 05:56:11,629,U002
E000660,A00206,,Applied,2025-11-13 07:59:55,660,U004
E000943,A00291,Applied,Screen,2025-11-13 13:06:16,943,U003
E001043,A00321,Applied,Screen,2025-11-13 14:09:56,1043,U003
E001887,A00577,Applied,Rejected,2025-11-13 14:39:00,1887,U004
E003555,A01080,Applied,Screen,2025-11-13 23:21:25,3555,U004
E002632,A00801,Screen,Interview,2025-11-14 00:07:43,2632,U002
E003296,A00997,Offer,Rejected,2025-11-14 04:19:37,3296,U001
E002120,A00648,,Applied,2025-11-14 12:24:19,2120,U003
E000892,A00276,,Applied,2025-11-14 14:30:54,892,U004
E003289,A00996,,Applied,2025-11-14 19:53:50,3289,U002
E000528,A00164,Applied,Screen,2025-11-14 23:23:18,528,U001
E002812,A00853,Applied,Screen,2025-11-15 07:16:31,2812,U003
E000272,A00084,Screen,Withdrawn,2025-11-15 10:10:24,272,U003
E003489,A01060,,Applied,2025-11-15 11:31:33,3489,U004
E002603,A00792,Applied,Withdrawn,2025-11-15 13:26:39,2603,U001
E000113,A00038,Applied,Screen,2025-11-15 23:15:58,113,U002
E002872,A00871,Interview,Rejected,2025-11-16 05:09:02,2872,U003
E002871,A00871,Screen,Interview,2025-11-16 05:09:02,2871,U001
E002850,A00864,Screen,Rejected,2025-11-16 05:33:50,2850,U003
E003409,A01032,Screen,Withdrawn,2025-11-16 09:25:56,3409,U003
E003408,A01032,Applied,Screen,2025-11-16 09:25:56,3408,U001
E000661,A00206,Applied,Rejected,2025-11-16 12:59:55,661,U003
E002782,A00844,Applied,Screen,2025-11-16 13:45:46,2782,U001
E003556,A01080,Screen,Interview,2025-11-16 15:21:25,3556,U003
E001044,A00321,Screen,Interview,2025-11-16 16:09:56,1044,U002
E001091,A00335,Interview,Offer,2025-11-17 01:07:04,1091,U002
E002912,A00883,Applied,Screen,2025-11-17 08:49:52,2912,U001
E002347,A00716,Screen,Interview,2025-11-17 16:05:36,2347,U002
E002633,A00801,Interview,Offer,2025-11-18 01:07:43,2633,U002
E002356,A00719,,Applied,2025-11-18 03:23:57,2356,U002
E004732,A01437,Interview,Offer,2025-11-18 09:31:42,4732,U001
E002484,A00756,Applied,Screen,2025-11-18 09:34:40,2484,U003
E002294,A00700,Applied,Rejected,2025-11-18 10:27:01,2294,U001
E003448,A01045,,Applied,2025-11-18 12:42:39,3448,U001
E001168,A00358,Offer,Hired,2025-11-18 18:48:26,1168,U004
E001167,A00358,Interview,Offer,2025-11-18 18:48:26,1167,U001
E001209,A00371,Applied,Screen,2025-11-18 22:21:13,1209,U002
E001469,A00447,,Applied,2025-11-19 01:57:12,1469,U004
E001285,A00394,Applied,Screen,2025-11-19 02:51:15,1285,U003
E004620,A01404,Interview,Offer,2025-11-19 11:18:10,4620,U004
E001282,A00393,,Applied,2025-11-19 15:05:27,1282,U001
E003812,A01157,Applied,Withdrawn,2025-11-19 16:24:04,3812,U004
E002330,A00711,,Applied,2025-11-19 17:30:56,2330,U004
E003343,A01012,Interview,Offer,2025-11-20 02:50:40,3343,U004
E001018,A00313,Screen,Rejected,2025-11-20 03:57:05,1018,U001
E000521,A00162,Applied,Screen,2025-11-20 12:53:04,521,U001
E003558,A01081,,Applied,2025-11-20 13:48:08,3558,U002
E003182,A00965,,Applied,2025-11-20 14:18:15,3182,U004
E003872,A01175,Applied,Screen,2025-11-20 21:24:59,3872,U004
E003557,A01080,Interview,Withdrawn,2025-11-20 22:21:25,3557,U004
E003042,A00923,Interview,Offer,2025-11-20 23:37:37,3042,U003
E001210,A00371,Screen,Rejected,2025-11-21 03:21:13,1210,U004
E002604,A00793,,Applied,2025-11-21 04:28:32,2604,U002
E003404,A01031,Applied,Screen,2025-11-21 04:35:08,3404,U003
E001877,A00574,,Applied,2025-11-21 12:05:21,1877,U004
E003626,A01100,Screen,Interview,2025-11-21 12:10:09,3626,U001
E004031,A01219,,Applied,2025-11-21 12:12:41,4031,U004
E001470,A00447,Applied,Withdrawn,2025-11-22 09:57:12,1470,U004
E004742,A01440,Interview,Offer,2025-11-22 11:56:16,4742,U002
E000084,A00029,,Applied,2025-11-22 12:41:26,84,U003
E000114,A00038,Screen,Interview,2025-11-22 16:15:58,114,U004
E003559,A01081,Applied,Screen,2025-11-22 20:48:08,3559,U003
E004468,A01355,Screen,Rejected,2025-11-23 00:45:50,4468,U003
E003823,A01160,,Applied,2025-11-23 03:15:07,3823,U003
E002029,A00619,Screen,Withdrawn,2025-11-23 04:29:31,2029,U004
E001211,A00372,,Applied,2025-11-23 08:06:57,1211,U001
E000305,A00095,Screen,Rejected,2025-11-23 08:28:11,305,U004
E000304,A00095,Applied,Screen,2025-11-23 08:28:11,304,U002
E003183,A00965,Applied,Screen,2025-11-23 14:18:15,3183,U002
E004032,A01219,Applied,Screen,2025-11-23 16:12:41,4032,U002
E001213,A00373,,Applied,2025-11-23 18:32:50,1213,U001
E000944,A00291,Screen,Withdrawn,2025-11-23 20:06:16,944,U004
E002913,A00883,Screen,Interview,2025-11-23 21:49:52,2913,U002
E000677,A00212,,Applied,2025-11-24 01:00:05,677,U002
E002061,A00630,,Applied,2025-11-24 12:51:18,2061,U001
E002057,A00628,Screen,Withdrawn,2025-11-24 13:30:07,2057,U001
E002783,A00844,Screen,Interview,2025-11-24 15:45:46,2783,U002
E002121,A00648,Applied,Screen,2025-11-24 19:24:19,2121,U003
E000849,A00264,Applied,Screen,2025-11-25 03:53:26,849,U003
E000312,A00098,,Applied,2025-11-25 04:35:20,312,U004
E003560,A01081,Screen,Withdrawn,2025-11-25 05:48:08,3560,U001
E004216,A01274,,Applied,2025-11-25 08:04:45,4216,U002
E000529,A00164,Screen,Rejected,2025-11-25 12:23:18,529,U002
E001390,A00424,Screen,Interview,2025-11-25 14:04:23,1390,U001
E000635,A00199,,Applied,2025-11-25 21:54:57,635,U003
E004363,A01320,Applied,Screen,2025-11-25 22:09:58,4363,U004
E000085,A00029,Applied,Screen,2025-11-26 01:41:26,85,U003
E001794,A00551,,Applied,2025-11-26 03:49:46,1794,U001
E002534,A00770,Offer,Withdrawn,2025-11-26 04:53:16,2534,U002
E004762,A01447,Interview,Withdrawn,2025-11-26 09:43:51,4762,U002
E004761,A01447,Screen,Interview,2025-11-26 09:43:51,4761,U004
E001429,A00436,Applied,Screen,2025-11-26 11:50:07,1429,U001
E001533,A00468,,Applied,2025-11-26 12:37:24,1533,U002
E001531,A00467,,Applied,2025-11-26 15:43:54,1531,U003
E001913,A00586,,Applied,2025-11-27 02:32:31,1913,U004
E001286,A00394,Screen,Interview,2025-11-27 05:51:15,1286,U002
E004497,A01364,Applied,Screen,2025-11-27 08:02:41,4497,U004
E004364,A01320,Screen,Rejected,2025-11-27 13:09:58,4364,U004
E002357,A00719,Applied,Screen,2025-11-27 15:23:57,2357,U001
E001003,A00309,,Applied,2025-11-27 16:48:26,1003,U002
E001214,A00373,Applied,Screen,2025-11-27 18:32:50,1214,U002
E003449,A01045,Applied,Screen,2025-11-28 03:42:39,3449,U002
E004548,A01383,,Applied,2025-11-28 13:41:18,4548,U001
E004292,A01299,,Applied,2025-11-28 15:24:04,4292,U001
E003873,A01175,Screen,Withdrawn,2025-11-28 23:24:59,3873,U003
E000850,A00264,Screen,Interview,2025-11-29 04:53:26,850,U003
E001532,A00467,Applied,Rejected,2025-11-29 06:43:54,1532,U003
E000434,A00135,Applied,Screen,2025-11-29 07:59:19,434,U002
E002348,A00716,Interview,Rejected,2025-11-30 01:05:36,2348,U003
E003627,A01100,Interview,Rejected,2025-11-30 02:10:09,3627,U004
E001283,A00393,Applied,Rejected,2025-11-30 10:05:27,1283,U003
E002452,A00747,,Applied,2025-11-30 17:37:25,2452,U001
E001050,A00323,,Applied,2025-12-01 01:18:06,1050,U002
E004626,A01405,Offer,Hired,2025-12-01 05:59:12,4626,U004
E004293,A01299,Applied,Screen,2025-12-01 09:24:04,4293,U004
E000330,A00104,,Applied,2025-12-01 10:24:01,330,U003
E003282,A00994,,Applied,2025-12-01 10:46:10,3282,U003
E002546,A00775,,Applied,2025-12-01 16:13:23,2546,U002
E004217,A01274,Applied,Rejected,2025-12-01 19:04:45,4217,U004
E001004,A00309,Applied,Screen,2025-12-02 10:48:26,1004,U004
E003896,A01182,,Applied,2025-12-02 14:21:42,3896,U004
E000636,A00199,Applied,Screen,2025-12-02 15:54:57,636,U004
E002485,A00756,Screen,Interview,2025-12-02 18:34:40,2485,U002
E003290,A00996,Applied,Screen,2025-12-02 23:53:50,3290,U002
E001914,A00586,Applied,Screen,2025-12-03 03:32:31,1914,U004
E004621,A01404,Offer,Rejected,2025-12-03 05:18:10,4621,U002
E001391,A00424,Interview,Offer,2025-12-03 09:04:23,1391,U002
E001212,A00372,Applied,Rejected,2025-12-03 17:06:57,1212,U001
E003043,A00923,Offer,Rejected,2025-12-03 17:37:37,3043,U001
E002123,A00648,Interview,Rejected,2025-12-03 19:24:19,2123,U004
E002122,A00648,Screen,Interview,2025-12-03 19:24:19,2122,U002
E000630,A00197,Applied,Screen,2025-12-03 19:56:11,630,U003
E004454,A01351,,Applied,2025-12-03 19:57:04,4454,U004
E003373,A01021,,Applied,2025-12-03 20:15:06,3373,U001
E001430,A00436,Screen,Interview,2025-12-03 22:50:07,1430,U004
E000380,A00118,,Applied,2025-12-03 23:42:21,380,U001
E004235,A01280,,Applied,2025-12-04 01:10:23,4235,U004
E001878,A00574,Applied,Withdrawn,2025-12-04 05:05:21,1878,U004
E001045,A00321,Interview,Offer,2025-12-04 12:09:56,1045,U001
E001373,A00419,,Applied,2025-12-04 19:40:43,1373,U003
E001686,A00517,,Applied,2025-12-04 21:19:49,1686,U003
E002453,A00747,Applied,Screen,2025-12-05 01:37:25,2453,U002
E002331,A00711,Applied,Screen,2025-12-05 05:30:56,2331,U002
E000138,A00046,,Applied,2025-12-05 12:34:19,138,U001
E000893,A00276,Applied,Screen,2025-12-05 15:30:54,893,U004
E004455,A01351,Applied,Withdrawn,2025-12-05 15:57:04,4455,U003
E003490,A01060,Applied,Screen,2025-12-06 04:31:33,3490,U004
E003824,A01160,Applied,Withdrawn,2025-12-06 08:15:07,3824,U002
E000115,A00038,Interview,Offer,2025-12-06 08:15:58,115,U002
E002914,A00883,Interview,Offer,2025-12-06 08:49:52,2914,U002
E002813,A00853,Screen,Interview,2025-12-06 14:16:31,2813,U004
E003800,A01154,,Applied,2025-12-06 14:38:51,3800,U002
E003925,A01191,,Applied,2025-12-06 14:41:45,3925,U003
E003291,A00996,Screen,Rejected,2025-12-06 15:53:50,3291,U002
E001643,A00504,,Applied,2025-12-06 17:05:35,1643,U002
E002547,A00775,Applied,Withdrawn,2025-12-06 20:13:23,2547,U001
E003722,A01129,,Applied,2025-12-06 20:30:53,3722,U004
E001092,A00335,Offer,Hired,2025-12-07 01:07:04,1092,U003
E000678,A00212,Applied,Screen,2025-12-07 03:00:05,678,U003
E000331,A00104,Applied,Withdrawn,2025-12-07 14:24:01,331,U003
E001795,A00551,Applied,Rejected,2025-12-07 19:49:46,1795,U002
E001438,A00438,,Applied,2025-12-07 23:41:26,1438,U004
E002784,A00844,Interview,Offer,2025-12-08 02:45:46,2784,U004
E002851,A00865,,Applied,2025-12-08 04:33:06,2851,U003
E002062,A00630,Applied,Rejected,2025-12-08 05:51:18,2062,U001
E002753,A00834,,Applied,2025-12-08 09:34:19,2753,U002
E001787,A00549,,Applied,2025-12-08 17:12:06,1787,U001
E002605,A00793,Applied,Screen,2025-12-08 23:28:32,2605,U002
E003184,A00965,Screen,Interview,2025-12-09 01:18:15,3184,U001
E004294,A01299,Screen,Interview,2025-12-09 01:24:04,4294,U002
E001665,A00511,,Applied,2025-12-09 07:21:38,1665,U004
E002359,A00719,Interview,Offer,2025-12-09 08:23:57,2359,U001
E002358,A00719,Screen,Interview,2025-12-09 08:23:57,2358,U002
E000381,A00118,Applied,Screen,2025-12-09 10:42:21,381,U004
E004192,A01267,,Applied,2025-12-09 14:41:38,4192,U001
E003450,A01045,Screen,Interview,2025-12-09 15:42:39,3450,U003
E000637,A00199,Screen,Interview,2025-12-09 20:54:57,637,U002
E004498,A01364,Screen,Rejected,2025-12-09 22:02:41,4498,U004
E001374,A00419,Applied,Screen,2025-12-10 08:40:43,1374,U003
E000086,A00029,Screen,Interview,2025-12-10 13:41:26,86,U002
E001392,A00424,Offer,Withdrawn,2025-12-10 19:04:23,1392,U004
E002852,A00865,Applied,Screen,2025-12-10 21:33:06,2852,U002
E002486,A00756,Interview,Offer,2025-12-11 11:34:40,2486,U004
E002698,A00821,,Applied,2025-12-11 12:16:48,2698,U003
E000313,A00098,Applied,Screen,2025-12-11 13:35:20,313,U003
E003405,A01031,Screen,Interview,2025-12-11 17:35:08,3405,U003
E004733,A01437,Offer,Hired,2025-12-11 19:31:42,4733,U001
E002778,A00843,,Applied,2025-12-11 21:38:02,2778,U001
E000522,A00162,Screen,Interview,2025-12-11 23:53:04,522,U003
E001006,A00309,Interview,Withdrawn,2025-12-12 03:48:26,1006,U001
E001005,A00309,Screen,Interview,2025-12-12 03:48:26,1005,U004
E000852,A00264,Offer,Hired,2025-12-12 06:53:26,852,U002
E000851,A00264,Interview,Offer,2025-12-12 06:53:26,851,U004
E002261,A00688,,Applied,2025-12-12 07:59:08,2261,U001
E003897,A01182,Applied,Screen,2025-12-12 08:21:42,3897,U003
E001431,A00436,Interview,Offer,2025-12-12 16:50:07,1431,U004
E001534,A00468,Applied,Screen,2025-12-12 17:37:24,1534,U003
E004549,A01383,Applied,Screen,2025-12-13 01:41:18,4549,U003
E004295,A01299,Interview,Offer,2025-12-13 12:24:04,4295,U001
E000638,A00199,Interview,Rejected,2025-12-13 14:54:57,638,U002
E002454,A00747,Screen,Interview,2025-12-13 19:37:25,2454,U003
E001998,A00612,,Applied,2025-12-13 22:25:26,1998,U004
E002108,A00644,,Applied,2025-12-13 22:38:44,2108,U001
E003565,A01083,,Applied,2025-12-14 04:45:52,3565,U001
E004033,A01219,Screen,Interview,2025-12-14 05:12:41,4033,U002
E003374,A01021,Applied,Screen,2025-12-14 07:15:06,3374,U004
E001288,A00394,Offer,Hired,2025-12-14 09:51:15,1288,U003
E001287,A00394,Interview,Offer,2025-12-14 09:51:15,1287,U004
E001687,A00517,Applied,Screen,2025-12-14 10:19:49,1687,U003
E001051,A00323,Applied,Withdrawn,2025-12-14 19:18:06,1051,U004
E000533,A00166,,Applied,2025-12-14 19:22:24,533,U002
E002561,A00779,,Applied,2025-12-14 19:23:10,2561,U001
E001522,A00464,,Applied,2025-12-14 19:44:34,1522,U002
E001568,A00481,,Applied,2025-12-14 21:01:18,1568,U001
E003724,A01129,Screen,Rejected,2025-12-15 02:30:53,3724,U001
E003723,A01129,Applied,Screen,2025-12-15 02:30:53,3723,U004
E004380,A01325,,Applied,2025-12-15 05:14:47,4380,U003
E002634,A00801,Offer,Hired,2025-12-15 07:07:43,2634,U004
E002548,A00776,,Applied,2025-12-15 09:14:51,2548,U003
E000816,A00254,,Applied,2025-12-15 13:46:18,816,U002
E002915,A00883,Offer,Withdrawn,2025-12-15 13:49:52,2915,U003
E004236,A01280,Applied,Screen,2025-12-15 21:10:23,4236,U001
E003483,A01058,,Applied,2025-12-15 23:27:38,3483,U004
E002957,A00896,,Applied,2025-12-16 03:34:24,2957,U004
E003566,A01083,Applied,Screen,2025-12-16 10:45:52,3566,U001
E000631,A00197,Screen,Withdrawn,2025-12-16 10:56:11,631,U002
E000862,A00268,,Applied,2025-12-16 11:51:03,862,U002
E003375,A01021,Screen,Withdrawn,2025-12-16 13:15:06,3375,U004
E004194,A01267,Screen,Rejected,2025-12-16 16:41:38,4194,U002
E004193,A01267,Applied,Screen,2025-12-16 16:41:38,4193,U001
E002699,A00821,Applied,Screen,2025-12-17 01:16:48,2699,U004
E003662,A01109,,Applied,2025-12-17 02:19:01,3662,U004
E001192,A00367,,Applied,2025-12-17 12:14:40,1192,U001
E001215,A00373,Screen,Interview,2025-12-17 13:32:50,1215,U004
E004691,A01427,,Applied,2025-12-17 18:04:34,4691,U001
E003491,A01060,Screen,Interview,2025-12-17 19:31:33,3491,U002
E004743,A01440,Offer,Hired,2025-12-18 00:56:16,4743,U004
E001788,A00549,Applied,Screen,2025-12-18 02:12:06,1788,U003
E001835,A00562,,Applied,2025-12-18 08:07:58,1835,U002
E000864,A00268,Screen,Withdrawn,2025-12-18 13:51:03,864,U001
E000863,A00268,Applied,Screen,2025-12-18 13:51:03,863,U004
E002109,A00644,Applied,Rejected,2025-12-18 18:38:44,2109,U003
E002672,A00813,,Applied,2025-12-18 20:35:32,2672,U004
E004550,A01383,Screen,Interview,2025-12-18 21:41:18,4550,U001
E002263,A00688,Screen,Rejected,2025-12-18 23:59:08,2263,U001
E002262,A00688,Applied,Screen,2025-12-18 23:59:08,2262,U003
E003898,A01182,Screen,Interview,2025-12-19 01:21:42,3898,U003
E002606,A00793,Screen,Interview,2025-12-19 01:28:32,2606,U002
E004692,A01427,Applied,Withdrawn,2025-12-19 09:04:34,4692,U003
E001999,A00612,Applied,Screen,2025-12-19 14:25:26,1999,U003
E000314,A00098,Screen,Rejected,2025-12-19 15:35:20,314,U002
E001523,A00464,Applied,Rejected,2025-12-19 15:44:34,1523,U002
E002455,A00747,Interview,Withdrawn,2025-12-20 02:37:25,2455,U002
E000139,A00046,Applied,Screen,2025-12-20 03:34:19,139,U001
E002445,A00745,,Applied,2025-12-20 04:50:56,2445,U004
E003185,A00965,Interview,Offer,2025-12-20 05:18:15,3185,U001
E000435,A00135,Screen,Interview,2025-12-20 07:59:19,435,U001
E002332,A00711,Screen,Interview,2025-12-20 09:30:56,2332,U002
E000523,A00162,Interview,Offer,2025-12-20 09:53:04,523,U003
E002985,A00905,,Applied,2025-12-20 13:12:35,2985,U002
E002754,A00834,Applied,Rejected,2025-12-20 14:34:19,2754,U002
E001789,A00549,Screen,Interview,2025-12-20 16:12:06,1789,U004
E003283,A00994,Applied,Screen,2025-12-20 16:46:10,3283,U001
E003926,A01191,Applied,Screen,2025-12-20 19:41:45,3926,U002
E001916,A00586,Interview,Withdrawn,2025-12-20 23:32:31,1916,U002
E001915,A00586,Screen,Interview,2025-12-20 23:32:31,1915,U001
E003451,A01045,Interview,Rejected,2025-12-21 06:42:39,3451,U003
E000669,A00209,,Applied,2025-12-21 09:42:19,669,U003
E000817,A00254,Applied,Screen,2025-12-21 14:46:18,817,U003
E003567,A01083,Screen,Rejected,2025-12-21 15:45:52,3567,U002
E002986,A00905,Applied,Rejected,2025-12-21 18:12:35,2986,U003
E000679,A00212,Screen,Withdrawn,2025-12-21 20:00:05,679,U001
E000534,A00166,Applied,Screen,2025-12-21 21:22:24,534,U002
E001237,A00379,,Applied,2025-12-21 22:30:33,1237,U004
E002780,A00843,Screen,Withdrawn,2025-12-21 22:38:02,2780,U003
E002779,A00843,Applied,Screen,2025-12-21 22:38:02,2779,U003
E000894,A00276,Screen,Interview,2025-12-22 02:30:54,894,U004
E002000,A00612,Screen,Interview,2025-12-22 05:25:26,2000,U001
E002853,A00865,Screen,Rejected,2025-12-22 10:33:06,2853,U001
E001883,A00576,,Applied,2025-12-22 10:59:35,1883,U002
E003606,A01095,,Applied,2025-12-22 11:30:35,3606,U004
E002607,A00793,Interview,Offer,2025-12-22 15:28:32,2607,U002
E004551,A01383,Interview,Offer,2025-12-22 23:41:18,4551,U004
E003899,A01182,Interview,Offer,2025-12-23 14:21:42,3899,U004
E000382,A00118,Screen,Interview,2025-12-23 15:42:21,382,U002
E000087,A00029,Interview,Offer,2025-12-24 02:41:26,87,U002
E002814,A00853,Interview,Offer,2025-12-24 06:16:31,2814,U001
E000590,A00185,,Applied,2025-12-24 09:03:19,590,U002
E000895,A00276,Interview,Offer,2025-12-24 11:30:54,895,U003
E004237,A01280,Screen,Interview,2025-12-24 13:10:23,4237,U003
E003801,A01154,Applied,Screen,2025-12-24 14:38:51,3801,U002
E002200,A00670,,Applied,2025-12-24 14:42:21,2200,U003
E000436,A00135,Interview,Offer,2025-12-24 14:59:19,436,U001
E001375,A00419,Screen,Rejected,2025-12-24 19:40:43,1375,U004
E002446,A00745,Applied,Screen,2025-12-24 19:50:56,2446,U001
E004558,A01386,,Applied,2025-12-24 23:51:58,4558,U003
E003598,A01092,,Applied,2025-12-25 04:05:13,3598,U002
E003406,A01031,Interview,Offer,2025-12-25 07:35:08,3406,U002
E000030,A00012,,Applied,2025-12-25 08:22:54,30,U001
E000689,A00215,,Applied,2025-12-25 10:37:38,689,U001
E001569,A00481,Applied,Screen,2025-12-25 12:01:18,1569,U003
E002562,A00779,Applied,Screen,2025-12-25 12:23:10,2562,U003
E002167,A00661,,Applied,2025-12-25 15:12:39,2167,U001
E002958,A00896,Applied,Rejected,2025-12-25 22:34:24,2958,U002
E001666,A00511,Applied,Screen,2025-12-25 23:21:38,1666,U003
E001222,A00375,,Applied,2025-12-26 00:53:12,1222,U002
E003663,A01109,Applied,Rejected,2025-12-26 02:19:01,3663,U004
E001644,A00504,Applied,Screen,2025-12-26 11:05:35,1644,U004
E004056,A01226,,Applied,2025-12-26 15:49:37,4056,U003
E003504,A01065,,Applied,2025-12-26 16:36:56,3504,U003
E003187,A00966,,Applied,2025-12-26 19:51:24,3187,U001
E001836,A00562,Applied,Withdrawn,2025-12-26 21:07:58,1836,U003
E000591,A00185,Applied,Screen,2025-12-26 22:03:19,591,U001
E001432,A00436,Offer,Rejected,2025-12-27 01:50:07,1432,U003
E002372,A00723,,Applied,2025-12-27 02:15:32,2372,U004
E001378,A00421,,Applied,2025-12-27 05:20:35,1378,U002
E003650,A01106,,Applied,2025-12-27 10:12:54,3650,U003
E002487,A00756,Offer,Hired,2025-12-27 20:34:40,2487,U001
E000332,A00105,,Applied,2025-12-28 03:10:00,332,U002
E000690,A00215,Applied,Rejected,2025-12-28 05:37:38,690,U004
E001667,A00511,Screen,Interview,2025-12-28 07:21:38,1667,U004
E001439,A00438,Applied,Screen,2025-12-28 07:41:26,1439,U002
E004552,A01383,Offer,Rejected,2025-12-28 09:41:18,4552,U003
E002700,A00821,Screen,Interview,2025-12-28 10:16:48,2700,U001
E000335,A00106,,Applied,2025-12-28 12:01:30,335,U001
E003755,A01139,,Applied,2025-12-28 14:22:16,3755,U003
E003492,A01060,Interview,Rejected,2025-12-28 15:31:33,3492,U002
E002333,A00711,Interview,Withdrawn,2025-12-28 16:30:56,2333,U003
E002673,A00813,Applied,Withdrawn,2025-12-29 01:35:32,2673,U001
E000704,A00220,,Applied,2025-12-29 06:50:10,704,U001
E000818,A00254,Screen,Withdrawn,2025-12-29 08:46:18,818,U003
E001618,A00496,,Applied,2025-12-29 10:08:42,1618,U004
E000805,A00251,,Applied,2025-12-29 20:13:09,805,U001
E000610,A00191,,Applied,2025-12-30 11:31:18,610,U003
E004381,A01325,Applied,Screen,2025-12-30 15:14:47,4381,U002
E003484,A01058,Applied,Screen,2025-12-30 16:27:38,3484,U001
E002201,A00670,Applied,Rejected,2025-12-31 03:42:21,2201,U004
E002702,A00821,Offer,Withdrawn,2025-12-31 06:16:48,2702,U001
E002701,A00821,Interview,Offer,2025-12-31 06:16:48,2701,U002
E001590,A00487,,Applied,2025-12-31 14:34:31,1590,U002
E000592,A00185,Screen,Interview,2025-12-31 15:03:19,592,U004
E000383,A00118,Interview,Offer,2025-12-31 16:42:21,383,U004
E003278,A00993,,Applied,2025-12-31 19:25:55,3278,U002
E004365,A01321,,Applied,2025-12-31 20:32:56,4365,U002
E002168,A00661,Applied,Screen,2026-01-01 00:12:39,2168,U002
E003927,A01191,Screen,Interview,2026-01-01 03:41:45,3927,U003
E000141,A00046,Interview,Rejected,2026-01-01 04:34:19,141,U001
E000140,A00046,Screen,Interview,2026-01-01 04:34:19,140,U003
E002815,A00853,Offer,Withdrawn,2026-01-01 06:16:31,2815,U002
E004035,A01220,,Applied,2026-01-01 09:14:43,4035,U002
E004039,A01221,,Applied,2026-01-01 14:54:29,4039,U004
E001885,A00576,Screen,Withdrawn,2026-01-01 16:59:35,1885,U002
E001884,A00576,Applied,Screen,2026-01-01 16:59:35,1884,U003
E004034,A01219,Interview,Offer,2026-01-01 18:12:41,4034,U004
E002002,A00612,Offer,Hired,2026-01-01 20:25:26,2002,U004
E002001,A00612,Interview,Offer,2026-01-01 20:25:26,2001,U002
E000333,A00105,Applied,Screen,2026-01-02 19:10:00,333,U004
E003186,A00965,Offer,Rejected,2026-01-02 19:18:15,3186,U003
E001216,A00373,Interview,Offer,2026-01-02 20:32:50,1216,U003
E000670,A00209,Applied,Screen,2026-01-02 22:42:19,670,U002
E000791,A00247,,Applied,2026-01-02 23:30:42,791,U003
E002549,A00776,Applied,Screen,2026-01-03 01:14:51,2549,U002
E001688,A00517,Screen,Interview,2026-01-03 05:19:49,1688,U002
E001536,A00468,Interview,Offer,2026-01-03 09:37:24,1536,U004
E001535,A00468,Screen,Interview,2026-01-03 09:37:24,1535,U004
E000705,A00220,Applied,Screen,2026-01-03 10:50:10,705,U002
E000611,A00191,Applied,Rejected,2026-01-03 12:31:18,611,U004
E003802,A01154,Screen,Interview,2026-01-03 17:38:51,3802,U003
E004609,A01402,,Applied,2026-01-03 18:07:30,4609,U003
E000392,A00122,,Applied,2026-01-03 18:28:38,392,U004
E004719,A01435,,Applied,2026-01-03 22:05:41,4719,U003
E002619,A00798,,Applied,2026-01-03 23:18:14,2619,U002
E002538,A00772,,Applied,2026-01-04 12:20:05,2538,U001
E001223,A00375,Applied,Rejected,2026-01-04 18:53:12,1223,U004
E002448,A00745,Interview,Withdrawn,2026-01-04 19:50:56,2448,U002
E002447,A00745,Screen,Interview,2026-01-04 19:50:56,2447,U001
E002010,A00615,,Applied,2026-01-05 00:29:59,2010,U004
E002383,A00726,,Applied,2026-01-05 04:04:38,2383,U001
E002273,A00692,,Applied,2026-01-05 11:53:21,2273,U004
E004134,A01250,,Applied,2026-01-05 14:26:08,4134,U002
E001238,A00379,Applied,Rejected,2026-01-05 16:30:33,1238,U003
E000806,A00251,Applied,Withdrawn,2026-01-06 00:13:09,806,U003
E002268,A00690,,Applied,2026-01-06 03:37:30,2268,U004
E002317,A00708,,Applied,2026-01-06 05:19:13,2317,U004
E002373,A00723,Applied,Screen,2026-01-06 06:15:32,2373,U003
E003466,A01052,,Applied,2026-01-06 06:47:46,3466,U003
E004559,A01386,Applied,Withdrawn,2026-01-06 07:51:58,4559,U004
E001193,A00367,Applied,Screen,2026-01-06 08:14:40,1193,U004
E001645,A00504,Screen,Rejected,2026-01-06 12:05:35,1645,U004
E004640,A01410,,Applied,2026-01-06 14:14:17,4640,U003
E002233,A00680,,Applied,2026-01-06 19:29:08,2233,U003
E000530,A00165,,Applied,2026-01-06 21:15:48,530,U001
E001570,A00481,Screen,Rejected,2026-01-06 22:01:18,1570,U004
E003789,A01150,,Applied,2026-01-07 04:04:21,3789,U003
E003279,A00993,Applied,Screen,2026-01-07 05:25:55,3279,U001
E003188,A00966,Applied,Withdrawn,2026-01-07 06:51:24,3188,U002
E001790,A00549,Interview,Offer,2026-01-07 07:12:06,1790,U004
E003485,A01058,Screen,Rejected,2026-01-07 10:27:38,3485,U004
E001619,A00496,Applied,Screen,2026-01-07 15:08:42,1619,U002
E001604,A00491,,Applied,2026-01-08 07:54:25,1604,U004
E002274,A00692,Applied,Withdrawn,2026-01-08 21:53:21,2274,U003
E003607,A01095,Applied,Screen,2026-01-08 23:30:35,3607,U004
E004239,A01280,Offer,Hired,2026-01-09 03:10:23,4239,U004
E004238,A01280,Interview,Offer,2026-01-09 03:10:23,4238,U004
E004565,A01388,,Applied,2026-01-09 05:00:53,4565,U003
E003928,A01191,Interview,Rejected,2026-01-09 06:41:45,3928,U003
E003284,A00994,Screen,Interview,2026-01-09 07:46:10,3284,U002
E002234,A00680,Applied,Screen,2026-01-09 08:29:08,2234,U004
E004036,A01220,Applied,Screen,2026-01-09 09:14:43,4036,U003
E000535,A00166,Screen,Interview,2026-01-09 09:22:24,535,U002
E001440,A00438,Screen,Interview,2026-01-09 09:41:26,1440,U004
E004064,A01229,,Applied,2026-01-09 09:41:36,4064,U004
E003666,A01111,,Applied,2026-01-09 13:59:40,3666,U003
E002563,A00779,Screen,Interview,2026-01-09 15:23:10,2563,U003
E001505,A00459,,Applied,2026-01-09 21:41:35,1505,U002
E001217,A00373,Offer,Rejected,2026-01-09 22:32:50,1217,U002
E003955,A01200,,Applied,2026-01-09 23:29:41,3955,U002
E002170,A00661,Interview,Withdrawn,2026-01-10 03:12:39,2170,U004
E002169,A00661,Screen,Interview,2026-01-10 03:12:39,2169,U003
E001023,A00315,,Applied,2026-01-10 04:54:50,1023,U003
E003940,A01196,,Applied,2026-01-10 10:15:34,3940,U003
E000031,A00012,Applied,Screen,2026-01-10 12:22:54,31,U002
E003803,A01154,Interview,Rejected,2026-01-10 18:38:51,3803,U001
E003900,A01182,Offer,Hired,2026-01-10 20:21:42,3900,U002
E002539,A00772,Applied,Rejected,2026-01-10 23:20:05,2539,U004
E000336,A00106,Applied,Withdrawn,2026-01-11 03:01:30,336,U002
E000334,A00105,Screen,Rejected,2026-01-11 06:10:00,334,U003
E000069,A00024,,Applied,2026-01-11 06:35:13,69,U004
E000278,A00087,,Applied,2026-01-11 13:01:58,278,U003
E000386,A00120,,Applied,2026-01-11 13:10:27,386,U003
E001228,A00377,,Applied,2026-01-11 15:54:46,1228,U002
E003275,A00992,,Applied,2026-01-11 15:54:53,3275,U001
E002258,A00687,,Applied,2026-01-11 15:56:27,2258,U003
E004057,A01226,Applied,Screen,2026-01-11 17:49:37,4057,U001
E001849,A00567,,Applied,2026-01-11 18:26:58,1849,U002
E004037,A01220,Screen,Interview,2026-01-11 23:14:43,4037,U001
E003651,A01106,Applied,Screen,2026-01-12 00:12:54,3651,U001
E004366,A01321,Applied,Screen,2026-01-12 00:32:56,4366,U002
E003436,A01042,,Applied,2026-01-12 11:49:27,3436,U004
E000792,A00247,Applied,Screen,2026-01-12 13:30:42,792,U001
E001668,A00511,Interview,Offer,2026-01-12 14:21:38,1668,U002
E000593,A00185,Interview,Offer,2026-01-12 15:03:19,593,U004
E000965,A00298,,Applied,2026-01-12 18:48:11,965,U002
E002785,A00844,Offer,Hired,2026-01-12 21:45:46,2785,U002
E002269,A00690,Applied,Screen,2026-01-12 23:37:30,2269,U003
E000602,A00188,,Applied,2026-01-13 03:43:35,602,U004
E000218,A00069,,Applied,2026-01-13 07:40:27,218,U003
E001380,A00421,Screen,Rejected,2026-01-13 10:20:35,1380,U001
E001379,A00421,Applied,Screen,2026-01-13 10:20:35,1379,U002
E002433,A00741,,Applied,2026-01-13 15:54:01,2433,U003
E003285,A00994,Interview,Offer,2026-01-13 16:46:10,3285,U003
E000680,A00213,,Applied,2026-01-13 20:18:56,680,U003
E004135,A01250,Applied,Screen,2026-01-13 20:26:08,4135,U002
E004382,A01325,Screen,Withdrawn,2026-01-13 22:14:47,4382,U002
E003837,A01165,,Applied,2026-01-13 23:19:46,3837,U001
E003756,A01139,Applied,Screen,2026-01-14 05:22:16,3756,U001
E001461,A00445,,Applied,2026-01-14 10:59:37,1461,U004
E001689,A00517,Interview,Rejected,2026-01-14 14:19:49,1689,U001
E004136,A01250,Screen,Withdrawn,2026-01-14 23:26:08,4136,U001
E003667,A01111,Applied,Rejected,2026-01-15 00:59:40,3667,U003
E003287,A00995,,Applied,2026-01-15 04:16:57,3287,U001
E000344,A00109,,Applied,2026-01-15 05:43:03,344,U004
E004038,A01220,Interview,Withdrawn,2026-01-15 06:14:43,4038,U004
E001506,A00459,Applied,Screen,2026-01-15 07:41:35,1506,U002
E003600,A01092,Screen,Rejected,2026-01-15 09:05:13,3600,U001
E003599,A01092,Applied,Screen,2026-01-15 09:05:13,3599,U003
E001850,A00567,Applied,Rejected,2026-01-15 10:26:58,1850,U002
E004695,A01429,,Applied,2026-01-15 11:48:33,4695,U001
E000632,A00198,,Applied,2026-01-15 13:13:56,632,U002
E002011,A00615,Applied,Screen,2026-01-15 16:29:59,2011,U001
E000998,A00308,,Applied,2026-01-15 20:08:45,998,U003
E000706,A00220,Screen,Rejected,2026-01-15 22:50:10,706,U002
E000531,A00165,Applied,Screen,2026-01-16 00:15:48,531,U002
E003919,A01189,,Applied,2026-01-16 01:54:45,3919,U001
E003391,A01027,,Applied,2026-01-16 01:59:23,3391,U003
E003437,A01042,Applied,Rejected,2026-01-16 11:49:27,3437,U003
E002012,A00615,Screen,Withdrawn,2026-01-16 20:29:59,2012,U002
E000070,A00024,Applied,Withdrawn,2026-01-16 21:35:13,70,U003
E000279,A00087,Applied,Rejected,2026-01-16 22:01:58,279,U001
E000793,A00247,Screen,Interview,2026-01-16 23:30:42,793,U003
E000059,A00020,,Applied,2026-01-17 00:54:50,59,U001
E004058,A01226,Screen,Withdrawn,2026-01-17 02:49:37,4058,U003
E001605,A00491,Applied,Withdrawn,2026-01-17 03:54:25,1605,U003
E002575,A00783,,Applied,2026-01-17 10:01:24,2575,U004
E003505,A01065,Applied,Screen,2026-01-17 10:36:56,3505,U001
E003277,A00992,Screen,Withdrawn,2026-01-17 11:54:53,3277,U001
E003276,A00992,Applied,Screen,2026-01-17 11:54:53,3276,U004
E003941,A01196,Applied,Screen,2026-01-17 12:15:34,3941,U004
E000032,A00012,Screen,Rejected,2026-01-17 13:22:54,32,U003
E002384,A00726,Applied,Screen,2026-01-17 18:04:38,2384,U001
E000387,A00120,Applied,Rejected,2026-01-17 18:10:27,387,U001
E003608,A01095,Screen,Interview,2026-01-17 18:30:35,3608,U003
E001194,A00367,Screen,Withdrawn,2026-01-17 23:14:40,1194,U003
E000681,A00213,Applied,Screen,2026-01-18 04:18:56,681,U003
E000672,A00209,Interview,Withdrawn,2026-01-18 05:42:19,672,U003
E000671,A00209,Screen,Interview,2026-01-18 05:42:19,671,U002
E000450,A00140,,Applied,2026-01-18 14:46:23,450,U003
E002127,A00650,,Applied,2026-01-18 17:58:47,2127,U001
E003280,A00993,Screen,Interview,2026-01-18 18:25:55,3280,U001
E002295,A00701,,Applied,2026-01-18 21:12:36,2295,U003
E001591,A00487,Applied,Screen,2026-01-18 21:34:31,1591,U002
E002299,A00702,,Applied,2026-01-18 23:03:05,2299,U002
E001620,A00496,Screen,Withdrawn,2026-01-19 07:08:42,1620,U003
E002620,A00798,Applied,Screen,2026-01-19 07:18:14,2620,U001
E000953,A00294,,Applied,2026-01-19 13:25:49,953,U002
E003957,A01200,Screen,Rejected,2026-01-19 17:29:41,3957,U002
E003956,A01200,Applied,Screen,2026-01-19 17:29:41,3956,U002
E004641,A01410,Applied,Rejected,2026-01-19 18:14:17,4641,U001
E003866,A01174,,Applied,2026-01-19 20:24:16,3866,U001
E000988,A00305,,Applied,2026-01-20 00:32:08,988,U003
E004577,A01392,,Applied,2026-01-20 01:44:51,4577,U003
E001507,A00459,Screen,Interview,2026-01-20 02:41:35,1507,U001
E004670,A01420,,Applied,2026-01-20 05:25:56,4670,U001
E003350,A01015,,Applied,2026-01-20 08:02:30,3350,U003
E003410,A01033,,Applied,2026-01-20 16:19:24,3410,U004
E001593,A00488,,Applied,2026-01-20 21:38:11,1593,U003
E004720,A01435,Applied,Screen,2026-01-20 22:05:41,4720,U004
E001823,A00559,,Applied,2026-01-20 23:12:33,1823,U004
E002270,A00690,Screen,Withdrawn,2026-01-20 23:37:30,2270,U002
E001229,A00377,Applied,Screen,2026-01-21 01:54:46,1229,U003
E002550,A00776,Screen,Interview,2026-01-21 10:14:51,2550,U004
E002235,A00680,Screen,Interview,2026-01-21 10:29:08,2235,U003
E002259,A00687,Applied,Screen,2026-01-21 22:56:27,2259,U004
E000393,A00122,Applied,Screen,2026-01-22 06:28:38,393,U003
E000345,A00109,Applied,Screen,2026-01-22 06:43:03,345,U003
E004040,A01221,Applied,Screen,2026-01-22 06:54:29,4040,U002
E004069,A01231,,Applied,2026-01-22 08:36:24,4069,U001
E000524,A00162,Offer,Hired,2026-01-22 09:53:04,524,U004
E004405,A01334,,Applied,2026-01-22 10:20:18,4405,U004
E001024,A00315,Applied,Screen,2026-01-22 10:54:50,1024,U003
E004578,A01392,Applied,Screen,2026-01-22 16:44:51,4578,U002
E003467,A01052,Applied,Screen,2026-01-22 16:47:46,3467,U001
E002385,A00726,Screen,Withdrawn,2026-01-22 20:04:38,2385,U003
E002260,A00687,Screen,Withdrawn,2026-01-22 23:56:27,2260,U003
E003757,A01139,Screen,Interview,2026-01-23 01:22:16,3757,U001
E002564,A00779,Interview,Offer,2026-01-23 01:23:10,2564,U003
E004296,A01299,Offer,Hired,2026-01-23 01:24:04,4296,U002
E004065,A01229,Applied,Withdrawn,2026-01-23 04:41:36,4065,U003
E004566,A01388,Applied,Screen,2026-01-23 09:00:53,4566,U004
E004610,A01402,Applied,Screen,2026-01-23 14:07:30,4610,U004
E003454,A01047,,Applied,2026-01-23 15:57:42,3454,U002
E002608,A00793,Offer,Hired,2026-01-23 17:28:32,2608,U004
E000060,A00020,Applied,Withdrawn,2026-01-24 00:54:50,60,U002
E003867,A01174,Applied,Screen,2026-01-24 02:24:16,3867,U001
E003979,A01207,,Applied,2026-01-24 03:02:44,3979,U002
E003288,A00995,Applied,Withdrawn,2026-01-24 06:16:57,3288,U002
E002318,A00708,Applied,Screen,2026-01-24 08:19:13,2318,U002
E004700,A01430,,Applied,2026-01-24 09:41:26,4700,U001
E002312,A00706,,Applied,2026-01-24 11:00:37,2312,U001
E001571,A00482,,Applied,2026-01-24 13:00:15,1571,U003
E002374,A00723,Screen,Interview,2026-01-24 14:15:32,2374,U003
E003920,A01189,Applied,Rejected,2026-01-24 15:54:45,3920,U003
E001508,A00459,Interview,Withdrawn,2026-01-24 18:41:35,1508,U003
E003351,A01015,Applied,Screen,2026-01-24 19:02:30,3351,U001
E000536,A00166,Interview,Offer,2026-01-24 22:22:24,536,U001
E000999,A00308,Applied,Screen,2026-01-25 00:08:45,999,U003
E000538,A00167,,Applied,2026-01-25 01:06:16,538,U002
E000532,A00165,Screen,Withdrawn,2026-01-25 04:15:48,532,U003
E004041,A01221,Screen,Rejected,2026-01-25 08:54:29,4041,U003
E000232,A00073,,Applied,2026-01-25 11:10:20,232,U003
E001433,A00437,,Applied,2026-01-25 16:42:40,1433,U004
E001205,A00370,,Applied,2026-01-25 19:53:23,1205,U004
E000691,A00216,,Applied,2026-01-25 22:38:33,691,U004
E004367,A01321,Screen,Interview,2026-01-26 10:32:56,4367,U003
E000132,A00044,,Applied,2026-01-26 13:12:54,132,U004
E001441,A00438,Interview,Offer,2026-01-26 13:41:26,1441,U003
E000219,A00069,Applied,Screen,2026-01-26 14:40:27,219,U002
E000896,A00276,Offer,Hired,2026-01-26 17:30:54,896,U002
E004390,A01329,,Applied,2026-01-27 08:37:57,4390,U001
E003506,A01065,Screen,Interview,2026-01-27 11:36:56,3506,U004
E003392,A01027,Applied,Withdrawn,2026-01-27 11:59:23,3392,U001
E003790,A01150,Applied,Screen,2026-01-27 13:04:21,3790,U001
E000954,A00294,Applied,Screen,2026-01-27 13:25:49,954,U003
E001739,A00535,,Applied,2026-01-27 14:24:59,1739,U002
E002128,A00650,Applied,Screen,2026-01-27 17:58:47,2128,U004
E001195,A00368,,Applied,2026-01-27 20:22:19,1195,U002
E000603,A00188,Applied,Withdrawn,2026-01-27 21:43:35,603,U001
E002435,A00741,Screen,Withdrawn,2026-01-28 01:54:01,2435,U004
E002434,A00741,Applied,Screen,2026-01-28 01:54:01,2434,U001
E000021,A00009,,Applied,2026-01-28 02:03:53,21,U004
E003281,A00993,Interview,Offer,2026-01-28 08:25:55,3281,U003
E001230,A00377,Screen,Interview,2026-01-28 14:54:46,1230,U004
E000120,A00040,,Applied,2026-01-28 16:40:37,120,U003
E003502,A01064,,Applied,2026-01-28 16:53:58,3502,U004
E001791,A00549,Offer,Hired,2026-01-28 23:12:06,1791,U003
E004460,A01353,,Applied,2026-01-29 02:47:27,4460,U001
E003980,A01207,Applied,Screen,2026-01-29 03:02:44,3980,U004
E001592,A00487,Screen,Rejected,2026-01-29 03:34:31,1592,U004
E000989,A00305,Applied,Screen,2026-01-29 04:32:08,989,U001
E001345,A00411,,Applied,2026-01-29 07:30:27,1345,U004
E004525,A01375,,Applied,2026-01-29 07:33:50,4525,U001
E004078,A01233,,Applied,2026-01-29 14:37:57,4078,U003
E004701,A01430,Applied,Screen,2026-01-29 16:41:26,4701,U004
E002313,A00706,Applied,Screen,2026-01-29 19:00:37,2313,U001
E000065,A00022,,Applied,2026-01-29 19:54:42,65,U002
E003791,A01150,Screen,Rejected,2026-01-30 08:04:21,3791,U002
E002375,A00723,Interview,Offer,2026-01-30 08:15:32,2375,U003
E004308,A01303,,Applied,2026-01-30 12:31:00,4308,U002
E000537,A00166,Offer,Withdrawn,2026-01-30 14:22:24,537,U003
E000556,A00173,,Applied,2026-01-30 17:17:40,556,U003
E004696,A01429,Applied,Screen,2026-01-30 22:48:33,4696,U002
E003480,A01057,,Applied,2026-01-31 01:17:55,3480,U001
E002314,A00706,Screen,Withdrawn,2026-01-31 06:00:37,2314,U001
E002300,A00702,Applied,Rejected,2026-01-31 07:03:05,2300,U003
E003338,A01011,,Applied,2026-01-31 07:30:45,3338,U001
E000966,A00298,Applied,Screen,2026-01-31 09:48:11,966,U004
E004579,A01392,Screen,Withdrawn,2026-01-31 11:44:51,4579,U004
E001207,A00370,Screen,Withdrawn,2026-01-31 12:53:23,1207,U004
E001206,A00370,Applied,Screen,2026-01-31 12:53:23,1206,U003
E002376,A00723,Offer,Rejected,2026-01-31 19:15:32,2376,U004
E000088,A00029,Offer,Hired,2026-01-31 21:41:26,88,U001
E002063,A00631,,Applied,2026-01-31 23:45:55,2063,U001
E001895,A00580,,Applied,2026-02-01 01:53:33,1895,U004
E001888,A00578,,Applied,2026-02-01 10:34:37,1888,U002
E003659,A01108,,Applied,2026-02-01 12:07:43,3659,U001
E003652,A01106,Screen,Interview,2026-02-01 15:12:54,3652,U004
E001931,A00592,,Applied,2026-02-01 17:28:10,1931,U004
E000798,A00249,,Applied,2026-02-01 19:17:54,798,U001
E000915,A00282,,Applied,2026-02-01 19:24:42,915,U002
E002703,A00822,,Applied,2026-02-01 23:42:23,2703,U002
E000022,A00009,Applied,Screen,2026-02-02 03:03:53,22,U002
E002551,A00776,Interview,Offer,2026-02-02 04:14:51,2551,U001
E000557,A00173,Applied,Rejected,2026-02-02 09:17:40,557,U002
E003838,A01165,Applied,Screen,2026-02-02 09:19:46,3838,U003
E000061,A00021,,Applied,2026-02-02 09:31:43,61,U001
E000346,A00109,Screen,Withdrawn,2026-02-02 09:43:03,346,U004
E003736,A01134,,Applied,2026-02-02 11:50:19,3736,U004
E001196,A00368,Applied,Screen,2026-02-02 13:22:19,1196,U001
E000990,A00305,Screen,Withdrawn,2026-02-02 13:32:08,990,U002
E004399,A01332,,Applied,2026-02-02 14:05:44,4399,U003
E003868,A01174,Screen,Interview,2026-02-02 16:24:16,3868,U002
E004391,A01329,Applied,Withdrawn,2026-02-02 20:37:57,4391,U001
E000133,A00044,Applied,Withdrawn,2026-02-02 22:12:54,133,U001
E004309,A01303,Applied,Screen,2026-02-02 23:31:00,4309,U003
E001714,A00526,,Applied,2026-02-03 04:04:33,1714,U002
E002296,A00701,Applied,Screen,2026-02-03 04:12:36,2296,U004
E004461,A01353,Applied,Withdrawn,2026-02-03 06:47:27,4461,U003
E004671,A01420,Applied,Screen,2026-02-03 10:25:56,4671,U003
E003758,A01139,Interview,Rejected,2026-02-03 12:22:16,3758,U002
E000130,A00043,,Applied,2026-02-03 15:11:37,130,U004
E004520,A01373,,Applied,2026-02-03 15:32:22,4520,U002
E003468,A01052,Screen,Rejected,2026-02-03 16:47:46,3468,U002
E003712,A01125,,Applied,2026-02-04 01:08:56,3712,U002
E000473,A00146,,Applied,2026-02-04 01:50:39,473,U002
E000066,A00022,Applied,Rejected,2026-02-04 01:54:42,66,U002
E001462,A00445,Applied,Screen,2026-02-04 03:59:37,1462,U003
E003318,A01005,,Applied,2026-02-04 04:21:37,3318,U003
E003970,A01204,,Applied,2026-02-04 05:24:07,3970,U002
E000121,A00040,Applied,Withdrawn,2026-02-04 07:40:37,121,U002
E002129,A00650,Screen,Interview,2026-02-04 10:58:47,2129,U001
E000881,A00273,,Applied,2026-02-04 12:19:00,881,U002
E001740,A00535,Applied,Screen,2026-02-04 18:24:59,1740,U002
E000799,A00249,Applied,Screen,2026-02-05 01:17:54,799,U002
E003610,A01095,Offer,Hired,2026-02-05 01:30:35,3610,U004
E003609,A01095,Interview,Offer,2026-02-05 01:30:35,3609,U003
E000633,A00198,Applied,Screen,2026-02-05 04:13:56,633,U003
E004756,A01446,,Applied,2026-02-05 05:50:08,4756,U001
E000451,A00140,Applied,Screen,2026-02-05 06:46:23,451,U002
E001346,A00411,Applied,Screen,2026-02-05 07:30:27,1346,U002
E002933,A00889,,Applied,2026-02-05 08:35:47,2933,U003
E003455,A01047,Applied,Rejected,2026-02-05 11:57:42,3455,U004
E004680,A01424,,Applied,2026-02-05 12:17:53,4680,U003
E001715,A00526,Applied,Withdrawn,2026-02-05 13:04:33,1715,U002
E001197,A00368,Screen,Interview,2026-02-05 13:22:19,1197,U001
E002576,A00783,Applied,Screen,2026-02-05 17:01:24,2576,U004
E001813,A00557,,Applied,2026-02-05 17:21:13,1813,U003
E001896,A00580,Applied,Withdrawn,2026-02-05 20:53:33,1896,U002
E000682,A00213,Screen,Interview,2026-02-05 21:18:56,682,U003
E002819,A00855,,Applied,2026-02-06 00:31:09,2819,U002
E004642,A01411,,Applied,2026-02-06 04:50:26,4642,U002
E003058,A00929,,Applied,2026-02-06 14:54:23,3058,U001
E004567,A01388,Screen,Withdrawn,2026-02-06 16:00:53,4567,U003
E002064,A00631,Applied,Withdrawn,2026-02-06 16:45:55,2064,U002
E001572,A00482,Applied,Rejected,2026-02-06 20:00:15,1572,U001
E000233,A00073,Applied,Screen,2026-02-06 20:10:20,233,U002
E003339,A01011,Applied,Withdrawn,2026-02-06 21:30:45,3339,U001
E001434,A00437,Applied,Screen,2026-02-06 23:42:40,1434,U001
E003481,A01057,Applied,Screen,2026-02-07 07:17:55,3481,U001
E000539,A00167,Applied,Screen,2026-02-07 08:06:16,539,U002
E000394,A00122,Screen,Interview,2026-02-07 08:28:38,394,U002
E003869,A01174,Interview,Offer,2026-02-07 09:24:16,3869,U002
E004526,A01375,Applied,Screen,2026-02-07 09:33:50,4526,U004
E001824,A00559,Applied,Screen,2026-02-07 11:12:33,1824,U004
E002622,A00798,Interview,Rejected,2026-02-07 16:18:14,2622,U003
E002621,A00798,Screen,Interview,2026-02-07 16:18:14,2621,U003
E003411,A01033,Applied,Screen,2026-02-07 17:19:24,3411,U002
E003737,A01134,Applied,Screen,2026-02-07 17:50:19,3737,U002
E001526,A00466,,Applied,2026-02-07 19:24:04,1526,U003
E000794,A00247,Interview,Offer,2026-02-07 19:30:42,794,U003
E000452,A00140,Screen,Interview,2026-02-07 19:46:23,452,U001
E003942,A01196,Screen,Interview,2026-02-08 02:15:34,3942,U004
E000692,A00216,Applied,Screen,2026-02-08 04:38:33,692,U003
E004697,A01429,Screen,Interview,2026-02-08 04:48:33,4697,U003
E001256,A00385,,Applied,2026-02-08 05:33:50,1256,U001
E003993,A01210,,Applied,2026-02-08 10:28:03,3993,U002
E004125,A01248,,Applied,2026-02-08 14:06:25,4125,U003
E004368,A01321,Interview,Offer,2026-02-08 17:32:56,4368,U003
E003493,A01061,,Applied,2026-02-08 23:02:19,3493,U003
E004672,A01420,Screen,Withdrawn,2026-02-09 01:25:56,4672,U004
E002236,A00680,Interview,Offer,2026-02-09 01:29:08,2236,U003
E003503,A01064,Applied,Withdrawn,2026-02-09 04:53:58,3503,U001
E001025,A00315,Screen,Interview,2026-02-09 04:54:50,1025,U001
E004611,A01402,Screen,Interview,2026-02-09 05:07:30,4611,U001
E001669,A00511,Offer,Hired,2026-02-09 06:21:38,1669,U002
E003745,A01136,,Applied,2026-02-09 08:38:25,3745,U002
E000062,A00021,Applied,Screen,2026-02-09 09:31:43,62,U003
E001594,A00488,Applied,Screen,2026-02-09 09:38:11,1594,U002
E004206,A01271,,Applied,2026-02-09 10:18:31,4206,U001
E002934,A00889,Applied,Rejected,2026-02-09 10:35:47,2934,U001
E004702,A01430,Screen,Interview,2026-02-09 11:41:26,4702,U003
E004644,A01411,Screen,Rejected,2026-02-09 16:50:26,4644,U002
E004643,A01411,Applied,Screen,2026-02-09 16:50:26,4643,U003
E004406,A01334,Applied,Screen,2026-02-09 20:20:18,4406,U004
E000779,A00244,,Applied,2026-02-10 01:18:17,779,U002
E001376,A00420,,Applied,2026-02-10 07:51:24,1376,U001
E000023,A00009,Screen,Interview,2026-02-10 08:03:53,23,U002
E004721,A01435,Screen,Interview,2026-02-10 10:05:41,4721,U003
E000650,A00203,,Applied,2026-02-10 11:15:03,650,U003
E001071,A00330,,Applied,2026-02-10 13:08:31,1071,U004
E003243,A00982,,Applied,2026-02-10 14:10:09,3243,U001
E003507,A01065,Interview,Offer,2026-02-10 16:36:56,3507,U003
E004079,A01233,Applied,Screen,2026-02-10 16:37:57,4079,U004
E002319,A00708,Screen,Interview,2026-02-10 21:19:13,2319,U004
E001463,A00445,Screen,Rejected,2026-02-10 22:59:37,1463,U003
E000955,A00294,Screen,Withdrawn,2026-02-11 01:25:49,955,U004
E004310,A01303,Screen,Interview,2026-02-11 01:31:00,4310,U001
E003189,A00967,,Applied,2026-02-11 02:05:01,3189,U004
E002297,A00701,Screen,Interview,2026-02-11 04:12:36,2297,U004
E003352,A01015,Screen,Interview,2026-02-11 05:02:30,3352,U004
E000673,A00210,,Applied,2026-02-11 05:52:47,673,U001
E000188,A00061,,Applied,2026-02-11 07:39:00,188,U002
E003952,A01199,,Applied,2026-02-11 09:32:10,3952,U004
E001889,A00578,Applied,Screen,2026-02-11 12:34:37,1889,U002
E003738,A01134,Screen,Interview,2026-02-11 12:50:19,3738,U004
E002130,A00650,Interview,Offer,2026-02-11 19:58:47,2130,U002
E004518,A01372,,Applied,2026-02-11 22:26:52,4518,U001
E003244,A00982,Applied,Rejected,2026-02-11 23:10:09,3244,U001
E004400,A01332,Applied,Rejected,2026-02-12 05:05:44,4400,U001
E003713,A01125,Applied,Rejected,2026-02-12 08:08:56,3713,U003
E000634,A00198,Screen,Withdrawn,2026-02-12 08:13:56,634,U002
E000162,A00054,,Applied,2026-02-12 11:45:03,162,U001
E001377,A00420,Applied,Rejected,2026-02-12 16:51:24,1377,U003
E002309,A00705,,Applied,2026-02-12 19:32:19,2309,U004
E000185,A00060,,Applied,2026-02-12 20:26:44,185,U001
E004070,A01231,Applied,Screen,2026-02-12 20:36:24,4070,U002
E001814,A00557,Applied,Screen,2026-02-12 21:21:13,1814,U002
E004555,A01385,,Applied,2026-02-13 03:59:44,4555,U003
E003273,A00991,,Applied,2026-02-13 04:32:40,3273,U004
E004311,A01303,Interview,Offer,2026-02-13 07:31:00,4311,U002
E001231,A00377,Interview,Offer,2026-02-13 07:54:46,1231,U004
E001171,A00360,,Applied,2026-02-13 16:36:05,1171,U004
E003660,A01108,Applied,Screen,2026-02-13 18:07:43,3660,U001
E003839,A01165,Screen,Withdrawn,2026-02-14 03:19:46,3839,U001
E002577,A00783,Screen,Interview,2026-02-14 05:01:24,2577,U001
E003319,A01005,Applied,Screen,2026-02-14 05:21:37,3319,U001
E004612,A01402,Interview,Offer,2026-02-14 07:07:30,4612,U004
E003482,A01057,Screen,Rejected,2026-02-14 07:17:55,3482,U004
E000426,A00133,,Applied,2026-02-14 08:07:14,426,U001
E004325,A01308,,Applied,2026-02-14 08:09:08,4325,U004
E001000,A00308,Screen,Interview,2026-02-14 17:08:45,1000,U001
E003953,A01199,Applied,Screen,2026-02-14 18:32:10,3953,U002
E000540,A00167,Screen,Withdrawn,2026-02-14 19:06:16,540,U003
E002623,A00799,,Applied,2026-02-15 05:16:56,2623,U003
E004521,A01373,Applied,Withdrawn,2026-02-15 08:32:22,4521,U003
E003870,A01174,Offer,Rejected,2026-02-15 12:24:16,3870,U003
E000163,A00054,Applied,Screen,2026-02-15 13:45:03,163,U001
E004703,A01430,Interview,Offer,2026-02-15 14:41:26,4703,U004
E003486,A01059,,Applied,2026-02-15 14:50:11,3486,U001
E000220,A00069,Screen,Interview,2026-02-15 15:40:27,220,U001
E000054,A00019,,Applied,2026-02-15 16:09:09,54,U003
E002820,A00855,Applied,Screen,2026-02-15 16:31:09,2820,U004
E000693,A00216,Screen,Withdrawn,2026-02-15 18:38:33,693,U001
E001232,A00377,Offer,Rejected,2026-02-15 18:54:46,1232,U001
E003471,A01054,,Applied,2026-02-15 21:12:39,3471,U001
E003981,A01207,Screen,Interview,2026-02-16 06:02:44,3981,U004
E002704,A00822,Applied,Screen,2026-02-16 06:42:23,2704,U002
E003353,A01015,Interview,Offer,2026-02-16 07:02:30,3353,U001
E000131,A00043,Applied,Withdrawn,2026-02-16 10:11:37,131,U003
E000967,A00298,Screen,Interview,2026-02-16 11:48:11,967,U004
E002298,A00701,Interview,Withdrawn,2026-02-16 17:12:36,2298,U003
E001299,A00398,,Applied,2026-02-16 22:25:27,1299,U002
E003059,A00929,Applied,Screen,2026-02-16 22:54:23,3059,U003
E001001,A00308,Interview,Offer,2026-02-17 01:08:45,1001,U002
E003166,A00961,,Applied,2026-02-17 07:35:37,3166,U002
E000474,A00146,Applied,Screen,2026-02-17 10:50:39,474,U003
E001157,A00355,,Applied,2026-02-17 15:27:08,1157,U003
E000683,A00213,Interview,Offer,2026-02-17 17:18:56,683,U004
E003412,A01033,Screen,Interview,2026-02-17 19:19:24,3412,U001
E003661,A01108,Screen,Withdrawn,2026-02-17 23:07:43,3661,U002
E000786,A00246,,Applied,2026-02-18 07:29:42,786,U003
E001297,A00397,,Applied,2026-02-18 09:19:13,1297,U004
E000807,A00252,,Applied,2026-02-18 11:43:10,807,U001
E001034,A00319,,Applied,2026-02-18 14:17:52,1034,U003
E003850,A01169,,Applied,2026-02-18 17:48:40,3850,U003
E003508,A01065,Offer,Rejected,2026-02-18 19:36:56,3508,U002
E003804,A01155,,Applied,2026-02-18 21:20:38,3804,U003
E000221,A00069,Interview,Withdrawn,2026-02-18 21:40:27,221,U003
E000475,A00146,Screen,Withdrawn,2026-02-18 21:50:39,475,U004
E000234,A00073,Screen,Interview,2026-02-18 23:10:20,234,U002
E002500,A00760,,Applied,2026-02-19 04:59:35,2500,U002
E000453,A00140,Interview,Offer,2026-02-19 05:46:23,453,U002
E000882,A00273,Applied,Withdrawn,2026-02-19 06:19:00,882,U003
E000594,A00185,Offer,Hired,2026-02-19 07:03:19,594,U004
E003654,A01106,Offer,Rejected,2026-02-19 08:12:54,3654,U004
E003653,A01106,Interview,Offer,2026-02-19 08:12:54,3653,U001
E004527,A01375,Screen,Rejected,2026-02-19 09:33:50,4527,U001
E000024,A00009,Interview,Offer,2026-02-19 13:03:53,24,U004
E003286,A00994,Offer,Hired,2026-02-19 16:46:10,3286,U003
E004698,A01429,Interview,Offer,2026-02-19 16:48:33,4698,U002
E003825,A01161,,Applied,2026-02-19 17:12:19,3825,U002
E003550,A01079,,Applied,2026-02-19 19:34:35,3550,U003
E000186,A00060,Applied,Screen,2026-02-19 22:26:44,186,U004
E004556,A01385,Applied,Screen,2026-02-19 22:59:44,4556,U003
E004681,A01424,Applied,Screen,2026-02-19 23:17:53,4681,U002
E003270,A00990,,Applied,2026-02-19 23:20:34,3270,U004
E001741,A00535,Screen,Interview,2026-02-19 23:24:59,1741,U001
E004126,A01248,Applied,Screen,2026-02-20 02:06:25,4126,U004
E004320,A01307,,Applied,2026-02-20 04:19:31,4320,U003
E004462,A01354,,Applied,2026-02-20 10:03:06,4462,U001
E002237,A00680,Offer,Rejected,2026-02-20 11:29:08,2237,U002
E000787,A00246,Applied,Screen,2026-02-20 18:29:42,787,U001
E000063,A00021,Screen,Interview,2026-02-20 19:31:43,63,U002
E004401,A01333,,Applied,2026-02-20 20:28:58,4401,U004
E001762,A00541,,Applied,2026-02-21 00:25:38,1762,U002
E000916,A00282,Applied,Screen,2026-02-21 03:24:42,916,U001
E001825,A00559,Screen,Withdrawn,2026-02-21 07:12:33,1825,U001
E000674,A00210,Applied,Withdrawn,2026-02-21 08:52:47,674,U003
E004519,A01372,Applied,Rejected,2026-02-21 12:26:52,4519,U002
E000662,A00207,,Applied,2026-02-21 14:07:39,662,U002
E001435,A00437,Screen,Interview,2026-02-21 18:42:40,1435,U004
E000780,A00244,Applied,Withdrawn,2026-02-21 20:18:17,780,U003
E004275,A01292,,Applied,2026-02-21 21:19:21,4275,U004
E004407,A01334,Screen,Interview,2026-02-21 22:20:18,4407,U004
E003739,A01134,Interview,Offer,2026-02-21 22:50:19,3739,U003
E001595,A00488,Screen,Interview,2026-02-22 01:38:11,1595,U002
E004757,A01446,Applied,Screen,2026-02-22 01:50:08,4757,U002
E000395,A00122,Interview,Offer,2026-02-22 02:28:38,395,U001
E003746,A01136,Applied,Screen,2026-02-22 02:38:25,3746,U002
E004723,A01435,Offer,Hired,2026-02-22 06:05:41,4723,U004
E004722,A01435,Interview,Offer,2026-02-22 06:05:41,4722,U004
E000844,A00263,,Applied,2026-02-22 06:30:12,844,U003
E003851,A01169,Applied,Screen,2026-02-22 08:48:40,3851,U002
E001573,A00483,,Applied,2026-02-22 16:09:20,1573,U002
E002565,A00779,Offer,Hired,2026-02-22 18:23:10,2565,U004
E002552,A00776,Offer,Hired,2026-02-22 19:14:51,2552,U002
E000189,A00061,Applied,Screen,2026-02-22 19:39:00,189,U004
E001932,A00592,Applied,Screen,2026-02-23 01:28:10,1932,U004
E004080,A01233,Screen,Interview,2026-02-23 02:37:57,4080,U001
E003532,A01074,,Applied,2026-02-23 04:27:29,3532,U003
E004276,A01292,Applied,Withdrawn,2026-02-23 05:19:21,4276,U001
E003190,A00967,Applied,Screen,2026-02-23 07:05:01,3190,U003
E001026,A00315,Interview,Rejected,2026-02-23 21:54:50,1026,U003
E001564,A00479,,Applied,2026-02-23 23:22:18,1564,U003
E003852,A01169,Screen,Rejected,2026-02-24 03:48:40,3852,U004
E001035,A00319,Applied,Screen,2026-02-24 04:17:52,1035,U001
E001596,A00488,Interview,Offer,2026-02-24 06:38:11,1596,U001
E001815,A00557,Screen,Interview,2026-02-24 07:21:13,1815,U003
E001442,A00438,Offer,Hired,2026-02-24 07:41:26,1442,U001
E004699,A01429,Offer,Rejected,2026-02-24 08:48:33,4699,U002
E000427,A00133,Applied,Screen,2026-02-24 16:07:14,427,U001
E002501,A00760,Applied,Screen,2026-02-24 16:59:35,2501,U002
E000800,A00249,Screen,Interview,2026-02-24 19:17:54,800,U002
E003413,A01033,Interview,Offer,2026-02-24 21:19:24,3413,U003
E004353,A01317,,Applied,2026-02-24 22:08:37,4353,U001
E000164,A00054,Screen,Interview,2026-02-25 01:45:03,164,U002
E000454,A00140,Offer,Rejected,2026-02-25 01:46:23,454,U001
E004704,A01430,Offer,Withdrawn,2026-02-25 02:41:26,4704,U003
E003632,A01102,,Applied,2026-02-25 03:38:28,3632,U001
E003472,A01054,Applied,Screen,2026-02-25 04:12:39,3472,U004
E003971,A01204,Applied,Screen,2026-02-25 07:24:07,3971,U002
E004758,A01446,Screen,Withdrawn,2026-02-25 11:50:08,4758,U001
E003344,A01013,,Applied,2026-02-25 12:35:59,3344,U002
E001172,A00360,Applied,Rejected,2026-02-25 12:36:05,1172,U004
E001574,A00483,Applied,Screen,2026-02-25 16:09:20,1574,U001
E003429,A01039,,Applied,2026-02-25 18:31:55,3429,U002
E000055,A00019,Applied,Screen,2026-02-25 19:09:09,55,U003
E001198,A00368,Interview,Offer,2026-02-25 20:22:19,1198,U001
E001763,A00541,Applied,Screen,2026-02-25 20:25:38,1763,U001
E001257,A00385,Applied,Screen,2026-02-25 22:33:50,1257,U003
E003274,A00991,Applied,Withdrawn,2026-02-25 23:32:40,3274,U001
E004402,A01333,Applied,Screen,2026-02-26 00:28:58,4402,U004
E001348,A00411,Interview,Offer,2026-02-26 02:30:27,1348,U002
E001347,A00411,Screen,Interview,2026-02-26 02:30:27,1347,U001
E002285,A00697,,Applied,2026-02-26 03:48:24,2285,U002
E004463,A01354,Applied,Screen,2026-02-26 05:03:06,4463,U002
E001248,A00382,,Applied,2026-02-26 05:03:40,1248,U001
E001851,A00568,,Applied,2026-02-26 05:48:55,1851,U004
E003131,A00949,,Applied,2026-02-26 07:33:29,3131,U004
E003533,A01074,Applied,Screen,2026-02-26 08:27:29,3533,U004
E001890,A00578,Screen,Interview,2026-02-26 13:34:37,1890,U004
E003167,A00961,Applied,Screen,2026-02-26 16:35:37,3167,U001
E003747,A01136,Screen,Withdrawn,2026-02-26 17:38:25,3747,U003
E003494,A01061,Applied,Screen,2026-02-26 18:02:19,3494,U002
E003983,A01207,Offer,Hired,2026-02-26 20:02:44,3983,U002
E003982,A01207,Interview,Offer,2026-02-26 20:02:44,3982,U002
E000093,A00031,,Applied,2026-02-26 20:08:00,93,U001
E001527,A00466,Applied,Screen,2026-02-26 20:24:04,1527,U001
E003707,A01124,,Applied,2026-02-26 21:23:08,3707,U004
E003984,A01208,,Applied,2026-02-26 21:57:36,3984,U003
E001036,A00319,Screen,Interview,2026-02-26 22:17:52,1036,U003
E001623,A00498,,Applied,2026-02-26 23:11:44,1623,U004
E000968,A00298,Interview,Offer,2026-02-27 00:48:11,968,U003
E001742,A00535,Interview,Offer,2026-02-27 02:24:59,1742,U001
E001721,A00528,,Applied,2026-02-27 03:26:35,1721,U001
E000160,A00053,,Applied,2026-02-27 06:45:34,160,U003
E003398,A01029,,Applied,2026-02-27 08:21:43,3398,U002
E000788,A00246,Screen,Interview,2026-02-27 08:29:42,788,U003
E003320,A01005,Screen,Rejected,2026-02-27 10:21:37,3320,U002
E000187,A00060,Screen,Withdrawn,2026-02-27 14:26:44,187,U001
E003954,A01199,Screen,Withdrawn,2026-02-27 14:32:10,3954,U003
E001300,A00398,Applied,Screen,2026-02-27 15:25:27,1300,U001
E000651,A00203,Applied,Screen,2026-02-27 18:15:03,651,U004
E001575,A00483,Screen,Interview,2026-02-27 19:09:20,1575,U002
E004207,A01271,Applied,Screen,2026-02-27 19:18:31,4207,U001
E000190,A00061,Screen,Rejected,2026-02-27 23:39:00,190,U002
E003414,A01033,Offer,Withdrawn,2026-02-28 00:19:24,3414,U002
E000917,A00282,Screen,Interview,2026-02-28 03:24:42,917,U003
E002624,A00799,Applied,Withdrawn,2026-02-28 05:16:56,2624,U004
E002995,A00909,,Applied,2026-02-28 06:21:48,2995,U002
E003354,A01015,Offer,Withdrawn,2026-02-28 15:02:30,3354,U004
E002578,A00783,Interview,Offer,2026-02-28 17:01:24,2578,U004
E002597,A00790,,Applied,2026-02-28 20:44:21,2597,U001
E001933,A00592,Screen,Interview,2026-02-28 21:28:10,1933,U002
E001199,A00368,Offer,Withdrawn,2026-02-28 22:22:19,1199,U002
E001670,A00512,,Applied,2026-02-28 22:50:11,1670,U002
E003577,A01087,,Applied,2026-02-28 23:47:15,3577,U002
E003096,A00938,,Applied,2026-03-01 00:49:26,3096,U001
E002804,A00851,,Applied,2026-03-01 04:58:47,2804,U003
E001073,A00330,Screen,Withdrawn,2026-03-01 05:08:31,1073,U001
E001072,A00330,Applied,Screen,2026-03-01 05:08:31,1072,U001
E003526,A01071,,Applied,2026-03-01 05:53:19,3526,U003
E002013,A00616,,Applied,2026-03-01 07:50:02,2013,U002
E004627,A01406,,Applied,2026-03-01 08:19:00,4627,U001
E001743,A00535,Offer,Rejected,2026-03-01 09:24:59,1743,U002
E003994,A01210,Applied,Screen,2026-03-01 14:28:03,3994,U004
E001060,A00327,,Applied,2026-03-01 14:57:26,1060,U003
E001385,A00423,,Applied,2026-03-01 16:52:57,1385,U004
E001298,A00397,Applied,Withdrawn,2026-03-01 17:19:13,1298,U004
E002162,A00660,,Applied,2026-03-01 17:56:08,2162,U003
E003943,A01196,Interview,Offer,2026-03-01 20:15:34,3943,U002
E001436,A00437,Interview,Offer,2026-03-01 20:42:40,1436,U002
E002321,A00708,Offer,Rejected,2026-03-02 05:19:13,2321,U001
E002320,A00708,Interview,Offer,2026-03-02 05:19:13,2320,U001
E003826,A01161,Applied,Screen,2026-03-02 07:12:19,3826,U002
E001663,A00510,,Applied,2026-03-02 07:23:46,1663,U003
E000161,A00053,Applied,Withdrawn,2026-03-02 07:45:34,161,U004
E001450,A00441,,Applied,2026-03-02 08:27:58,1450,U001
E003551,A01079,Applied,Screen,2026-03-02 09:34:35,3551,U004
E004326,A01308,Applied,Screen,2026-03-02 11:09:08,4326,U004
E002705,A00822,Screen,Withdrawn,2026-03-02 12:42:23,2705,U001
E002579,A00783,Offer,Withdrawn,2026-03-03 01:01:24,2579,U004
E004354,A01317,Applied,Screen,2026-03-03 02:08:37,4354,U001
E002728,A00829,,Applied,2026-03-03 06:54:08,2728,U003
E004628,A01406,Applied,Screen,2026-03-03 10:19:00,4628,U004
E001528,A00466,Screen,Interview,2026-03-03 14:24:04,1528,U004
E004404,A01333,Interview,Offer,2026-03-03 16:28:58,4404,U004
E004403,A01333,Screen,Interview,2026-03-03 16:28:58,4403,U004
E004557,A01385,Screen,Rejected,2026-03-03 16:59:44,4557,U001
E000226,A00071,,Applied,2026-03-03 17:47:18,226,U004
E001386,A00423,Applied,Screen,2026-03-03 18:52:57,1386,U001
E004071,A01231,Screen,Interview,2026-03-04 00:36:24,4071,U004
E000064,A00021,Interview,Rejected,2026-03-04 05:31:43,64,U002
E003487,A01059,Applied,Screen,2026-03-04 05:50:11,3487,U001
E002163,A00660,Applied,Screen,2026-03-04 06:56:08,2163,U004
E001765,A00541,Interview,Rejected,2026-03-04 07:25:38,1765,U004
E001764,A00541,Screen,Interview,2026-03-04 07:25:38,1764,U001
E003886,A01179,,Applied,2026-03-04 08:38:27,3886,U004
E004042,A01222,,Applied,2026-03-04 14:36:16,4042,U003
E002396,A00729,,Applied,2026-03-04 14:44:37,2396,U001
E003805,A01155,Applied,Screen,2026-03-04 16:20:38,3805,U003
E003177,A00964,,Applied,2026-03-04 16:53:46,3177,U001
E004321,A01307,Applied,Screen,2026-03-04 18:19:31,4321,U004
E002821,A00855,Screen,Interview,2026-03-04 23:31:09,2821,U004
E001664,A00510,Applied,Withdrawn,2026-03-05 01:23:46,1664,U004
E002971,A00900,,Applied,2026-03-05 02:37:26,2971,U003
E001158,A00355,Applied,Screen,2026-03-05 05:27:08,1158,U004
E003552,A01079,Screen,Interview,2026-03-05 05:34:35,3552,U002
E004659,A01416,,Applied,2026-03-05 05:43:48,4659,U003
E003473,A01054,Screen,Withdrawn,2026-03-05 09:12:39,3473,U002
E003578,A01087,Applied,Screen,2026-03-05 09:47:15,3578,U004
E000437,A00136,,Applied,2026-03-05 10:19:04,437,U004
E001565,A00479,Applied,Withdrawn,2026-03-05 10:22:18,1565,U002
E001254,A00384,,Applied,2026-03-05 10:50:51,1254,U001
E001002,A00308,Offer,Hired,2026-03-05 13:08:45,1002,U004
E003534,A01074,Screen,Interview,2026-03-05 19:27:29,3534,U001
E002909,A00882,,Applied,2026-03-05 19:41:39,2909,U002
E003527,A01071,Applied,Withdrawn,2026-03-05 20:53:19,3527,U002
E000227,A00071,Applied,Screen,2026-03-05 23:47:18,227,U002
E003934,A01194,,Applied,2026-03-06 03:40:32,3934,U004
E002397,A00729,Applied,Withdrawn,2026-03-06 05:44:37,2397,U004
E001726,A00530,,Applied,2026-03-06 06:56:46,1726,U002
E004408,A01334,Interview,Withdrawn,2026-03-06 07:20:18,4408,U001
E001737,A00534,,Applied,2026-03-06 08:02:55,1737,U002
E003003,A00911,,Applied,2026-03-06 09:10:10,3003,U004
E002311,A00705,Screen,Withdrawn,2026-03-06 12:32:19,2311,U003
E002310,A00705,Applied,Screen,2026-03-06 12:32:19,2310,U003
E000808,A00252,Applied,Screen,2026-03-06 16:43:10,808,U001
E002014,A00616,Applied,Screen,2026-03-06 18:50:02,2014,U001
E003434,A01041,,Applied,2026-03-06 20:13:48,3434,U002
E000396,A00122,Offer,Withdrawn,2026-03-06 22:28:38,396,U003
E001818,A00558,,Applied,2026-03-07 00:17:28,1818,U001
E003271,A00990,Applied,Screen,2026-03-07 00:20:34,3271,U002
E000211,A00067,,Applied,2026-03-07 02:33:59,211,U003
E004629,A01406,Screen,Interview,2026-03-07 03:19:00,4629,U002
E003887,A01179,Applied,Rejected,2026-03-07 03:38:27,3887,U001
E001543,A00472,,Applied,2026-03-07 05:23:02,1543,U003
E004683,A01424,Interview,Withdrawn,2026-03-07 07:17:53,4683,U001
E004682,A01424,Screen,Interview,2026-03-07 07:17:53,4682,U003
E001671,A00512,Applied,Rejected,2026-03-07 08:50:11,1671,U001
E002436,A00742,,Applied,2026-03-07 12:35:56,2436,U003
E003060,A00929,Screen,Interview,2026-03-07 15:54:23,3060,U004
E001258,A00385,Screen,Rejected,2026-03-07 17:33:50,1258,U004
E004082,A01233,Offer,Rejected,2026-03-07 17:37:57,4082,U002
E004081,A01233,Interview,Offer,2026-03-07 17:37:57,4081,U002
E002972,A00900,Applied,Rejected,2026-03-07 18:37:26,2972,U002
E003488,A01059,Screen,Withdrawn,2026-03-07 23:50:11,3488,U004
E001451,A00441,Applied,Screen,2026-03-08 03:27:58,1451,U003
E002492,A00758,,Applied,2026-03-08 04:21:47,2492,U004
E003544,A01077,,Applied,2026-03-08 14:04:42,3544,U001
E004208,A01271,Screen,Rejected,2026-03-08 15:18:31,4208,U003
E001301,A00398,Screen,Interview,2026-03-08 16:25:27,1301,U004
E000354,A00112,,Applied,2026-03-08 18:06:01,354,U003
E002282,A00696,,Applied,2026-03-08 18:14:28,2282,U003
E004282,A01295,,Applied,2026-03-08 22:04:04,4282,U004
E003132,A00949,Applied,Screen,2026-03-08 22:33:29,3132,U001
E003178,A00964,Applied,Screen,2026-03-08 22:53:46,3178,U003
E001727,A00530,Applied,Screen,2026-03-08 22:56:46,1727,U004
E003985,A01208,Applied,Screen,2026-03-08 23:57:36,3985,U002
E000410,A00128,,Applied,2026-03-09 02:04:33,410,U002
E000420,A00131,,Applied,2026-03-09 03:49:38,420,U004
E002805,A00851,Applied,Screen,2026-03-09 04:58:47,2805,U001
E004613,A01402,Offer,Hired,2026-03-09 07:07:30,4613,U004
E003553,A01079,Interview,Withdrawn,2026-03-09 11:34:35,3553,U001
E003097,A00938,Applied,Screen,2026-03-09 14:49:26,3097,U003
E001738,A00534,Applied,Rejected,2026-03-09 17:02:55,1738,U001
E002171,A00662,,Applied,2026-03-09 20:39:11,2171,U002
E004660,A01416,Applied,Withdrawn,2026-03-09 22:43:48,4660,U001
E003495,A01061,Screen,Interview,2026-03-09 23:02:19,3495,U001
E000056,A00019,Screen,Interview,2026-03-10 02:09:09,56,U003
E004283,A01295,Applied,Rejected,2026-03-10 06:04:04,4283,U001
E000918,A00282,Interview,Offer,2026-03-10 07:24:42,918,U003
E000558,A00174,,Applied,2026-03-10 08:36:37,558,U002
E002980,A00903,,Applied,2026-03-10 08:53:38,2980,U002
E002164,A00660,Screen,Interview,2026-03-10 09:56:08,2164,U004
E001819,A00558,Applied,Screen,2026-03-10 12:17:28,1819,U003
E003579,A01087,Screen,Interview,2026-03-10 12:47:15,3579,U002
E004072,A01231,Interview,Offer,2026-03-10 15:36:24,4072,U002
E003192,A00967,Interview,Withdrawn,2026-03-10 16:05:01,3192,U003
E003191,A00967,Screen,Interview,2026-03-10 16:05:01,3191,U002
E000262,A00081,,Applied,2026-03-10 17:36:25,262,U004
E001852,A00568,Applied,Screen,2026-03-10 17:48:55,1852,U004
E001699,A00522,,Applied,2026-03-11 01:17:27,1699,U004
E004322,A01307,Screen,Interview,2026-03-11 01:19:31,4322,U002
E001452,A00441,Screen,Interview,2026-03-11 03:27:58,1452,U004
E003134,A00949,Interview,Withdrawn,2026-03-11 03:33:29,3134,U004
E003133,A00949,Screen,Interview,2026-03-11 03:33:29,3133,U002
E001855,A00569,,Applied,2026-03-11 04:46:08,1855,U001
E000845,A00263,Applied,Screen,2026-03-11 06:30:12,845,U003
E002922,A00886,,Applied,2026-03-11 06:53:11,2922,U004
E000552,A00171,,Applied,2026-03-11 07:33:36,552,U002
E000809,A00252,Screen,Interview,2026-03-11 09:43:10,809,U002
E001255,A00384,Applied,Rejected,2026-03-11 12:50:51,1255,U002
E000094,A00031,Applied,Rejected,2026-03-11 13:08:00,94,U002
E002996,A00909,Applied,Screen,2026-03-11 16:21:48,2996,U004
E003169,A00961,Interview,Withdrawn,2026-03-11 16:35:37,3169,U003
E003168,A00961,Screen,Interview,2026-03-11 16:35:37,3168,U002
E001115,A00344,,Applied,2026-03-11 17:47:08,1115,U004
E001364,A00417,,Applied,2026-03-11 18:13:48,1364,U004
E003973,A01204,Interview,Offer,2026-03-11 18:24:07,3973,U004
E003972,A01204,Screen,Interview,2026-03-11 18:24:07,3972,U001
E001934,A00592,Interview,Offer,2026-03-11 22:28:10,1934,U004
E001816,A00557,Interview,Offer,2026-03-11 23:21:13,1816,U001
E001722,A00528,Applied,Rejected,2026-03-11 23:26:35,1722,U003
E003932,A01193,,Applied,2026-03-12 00:33:44,3932,U002
E000684,A00213,Offer,Hired,2026-03-12 02:18:56,684,U004
E000235,A00073,Interview,Offer,2026-03-12 03:10:20,235,U001
E002733,A00830,,Applied,2026-03-12 03:17:58,2733,U002
E000789,A00246,Interview,Offer,2026-03-12 03:29:42,789,U004
E000795,A00247,Offer,Hired,2026-03-12 03:30:42,795,U003
E000421,A00131,Applied,Screen,2026-03-12 03:49:38,421,U002
E001773,A00544,,Applied,2026-03-12 05:40:00,1773,U003
E003179,A00964,Screen,Interview,2026-03-12 06:53:46,3179,U002
E000663,A00207,Applied,Screen,2026-03-12 07:07:39,663,U003
E003677,A01115,,Applied,2026-03-12 14:47:29,3677,U002
E001152,A00354,,Applied,2026-03-12 20:16:45,1152,U003
E004312,A01303,Offer,Hired,2026-03-12 22:31:00,4312,U002
E001180,A00363,,Applied,2026-03-12 23:18:34,1180,U004
E001529,A00466,Interview,Offer,2026-03-13 01:24:04,1529,U004
E003430,A01039,Applied,Screen,2026-03-13 01:31:55,3430,U002
E004673,A01421,,Applied,2026-03-13 03:45:21,4673,U003
E002502,A00760,Screen,Interview,2026-03-13 05:59:35,2502,U001
E000013,A00006,,Applied,2026-03-13 06:56:58,13,U002
E003415,A01034,,Applied,2026-03-13 08:31:29,3415,U002
E004127,A01248,Screen,Interview,2026-03-13 09:06:25,4127,U002
E003272,A00990,Screen,Rejected,2026-03-13 11:20:34,3272,U001
E000422,A00131,Screen,Withdrawn,2026-03-13 11:49:38,422,U003
E002131,A00651,,Applied,2026-03-13 15:15:10,2131,U002
E004513,A01370,,Applied,2026-03-13 18:33:59,4513,U003
E003399,A01029,Applied,Withdrawn,2026-03-13 20:21:43,3399,U001
E001159,A00355,Screen,Rejected,2026-03-13 22:27:08,1159,U004
E003376,A01022,,Applied,2026-03-13 23:29:51,3376,U002
E003098,A00938,Screen,Withdrawn,2026-03-13 23:49:26,3098,U002
E004091,A01237,,Applied,2026-03-13 23:53:04,4091,U004
E000134,A00045,,Applied,2026-03-14 01:26:13,134,U003
E004265,A01289,,Applied,2026-03-14 03:40:08,4265,U001
E004356,A01317,Interview,Offer,2026-03-14 04:08:37,4356,U003
E004355,A01317,Screen,Interview,2026-03-14 04:08:37,4355,U004
E002283,A00696,Applied,Screen,2026-03-14 06:14:28,2283,U001
E001516,A00462,,Applied,2026-03-14 07:41:00,1516,U001
E002598,A00790,Applied,Withdrawn,2026-03-14 11:44:21,2598,U003
E002015,A00616,Screen,Interview,2026-03-14 11:50:02,2015,U001
E000865,A00269,,Applied,2026-03-14 12:51:31,865,U001
E001860,A00570,,Applied,2026-03-14 14:16:32,1860,U004
E001249,A00382,Applied,Screen,2026-03-14 15:03:40,1249,U003
E004327,A01308,Screen,Withdrawn,2026-03-14 15:09:08,4327,U001
E002244,A00683,,Applied,2026-03-14 15:30:46,2244,U004
E000165,A00054,Interview,Offer,2026-03-14 19:45:03,165,U004
E001411,A00430,,Applied,2026-03-14 20:37:54,1411,U003
E003114,A00944,,Applied,2026-03-14 21:12:52,3114,U004
E000847,A00263,Interview,Offer,2026-03-14 22:30:12,847,U003
E000846,A00263,Screen,Interview,2026-03-14 22:30:12,846,U002
E004171,A01262,,Applied,2026-03-15 01:49:43,4171,U003
E003345,A01013,Applied,Screen,2026-03-15 03:35:59,3345,U004
E003708,A01124,Applied,Screen,2026-03-15 04:23:08,3708,U001
E002503,A00760,Interview,Offer,2026-03-15 09:59:35,2503,U001
E000819,A00255,,Applied,2026-03-15 10:07:09,819,U003
E001544,A00472,Applied,Withdrawn,2026-03-15 13:23:02,1544,U001
E001830,A00561,,Applied,2026-03-15 20:26:25,1830,U002
E001387,A00423,Screen,Withdrawn,2026-03-15 23:52:57,1387,U002
E003496,A01061,Interview,Offer,2026-03-16 00:02:19,3496,U003
E001302,A00398,Interview,Offer,2026-03-16 00:25:27,1302,U001
E003935,A01194,Applied,Withdrawn,2026-03-16 04:40:32,3935,U001
E000801,A00249,Interview,Offer,2026-03-16 05:17:54,801,U002
E002806,A00851,Screen,Interview,2026-03-16 07:58:47,2806,U001
E001700,A00522,Applied,Screen,2026-03-16 08:17:27,1700,U003
E003037,A00922,,Applied,2026-03-16 08:43:11,3037,U001
E001774,A00544,Applied,Screen,2026-03-16 09:40:00,1774,U004
E002286,A00697,Applied,Screen,2026-03-16 12:48:24,2286,U004
E001624,A00498,Applied,Screen,2026-03-16 14:11:44,1624,U001
E002419,A00736,,Applied,2026-03-16 19:10:18,2419,U002
E002493,A00758,Applied,Screen,2026-03-16 19:21:47,2493,U004
E004148,A01256,,Applied,2026-03-16 19:29:06,4148,U003
E002729,A00829,Applied,Screen,2026-03-16 19:54:08,2729,U003
E000428,A00133,Screen,Interview,2026-03-16 21:07:14,428,U004
E000553,A00171,Applied,Withdrawn,2026-03-16 22:33:36,553,U002
E003004,A00911,Applied,Withdrawn,2026-03-17 00:10:10,3004,U003
E000127,A00042,,Applied,2026-03-17 01:27:52,127,U004
E001139,A00351,,Applied,2026-03-17 07:16:29,1139,U003
E000166,A00054,Offer,Withdrawn,2026-03-17 07:45:03,166,U001
E004543,A01381,,Applied,2026-03-17 09:33:45,4543,U002
E003198,A00970,,Applied,2026-03-17 09:43:04,3198,U004
E004059,A01227,,Applied,2026-03-17 09:57:57,4059,U001
E003393,A01028,,Applied,2026-03-17 15:16:36,3393,U003
E004464,A01354,Screen,Interview,2026-03-17 17:03:06,4464,U004
E000925,A00285,,Applied,2026-03-17 17:13:43,925,U003
E001625,A00498,Screen,Withdrawn,2026-03-17 18:11:44,1625,U001
E004630,A01406,Interview,Offer,2026-03-17 19:19:00,4630,U002
E002615,A00796,,Applied,2026-03-17 20:46:57,2615,U003
E002136,A00652,,Applied,2026-03-17 23:14:39,2136,U003
E004240,A01281,,Applied,2026-03-18 01:03:02,4240,U004
E003435,A01041,Applied,Withdrawn,2026-03-18 06:13:48,3435,U002
E003535,A01074,Interview,Offer,2026-03-18 06:27:29,3535,U001
E001891,A00578,Interview,Offer,2026-03-18 07:34:37,1891,U001
E000355,A00112,Applied,Screen,2026-03-18 11:06:01,355,U001
E002822,A00855,Interview,Rejected,2026-03-18 11:31:09,2822,U002
E003633,A01102,Applied,Screen,2026-03-18 11:38:28,3633,U003
E001037,A00319,Interview,Offer,2026-03-18 18:17:52,1037,U003
E001102,A00340,,Applied,2026-03-18 18:19:50,1102,U002
E000135,A00045,Applied,Screen,2026-03-18 18:26:13,135,U003
E003417,A01035,,Applied,2026-03-18 22:16:17,3417,U003
E001233,A00378,,Applied,2026-03-18 22:53:34,1233,U003
E000363,A00114,,Applied,2026-03-18 23:14:56,363,U002
E001061,A00327,Applied,Screen,2026-03-19 00:57:26,1061,U003
E000230,A00072,,Applied,2026-03-19 03:48:23,230,U001
E004514,A01370,Applied,Rejected,2026-03-19 08:33:59,4514,U002
E003806,A01155,Screen,Interview,2026-03-19 09:20:38,3806,U002
E001576,A00483,Interview,Offer,2026-03-19 12:09:20,1576,U004
E002172,A00662,Applied,Screen,2026-03-19 13:39:11,2172,U001
E001853,A00568,Screen,Interview,2026-03-19 13:48:55,1853,U002
E000412,A00128,Screen,Withdrawn,2026-03-19 19:04:33,412,U004
E000411,A00128,Applied,Screen,2026-03-19 19:04:33,411,U002
E002757,A00836,,Applied,2026-03-19 19:26:50,2757,U003
E003180,A00964,Interview,Offer,2026-03-19 20:53:46,3180,U002
E000202,A00065,,Applied,2026-03-19 23:50:07,202,U004
E000438,A00136,Applied,Withdrawn,2026-03-20 00:19:04,438,U002
E003208,A00973,,Applied,2026-03-20 01:07:35,3208,U004
E001153,A00354,Applied,Screen,2026-03-20 04:16:45,1153,U002
E004266,A01289,Applied,Withdrawn,2026-03-20 05:40:08,4266,U002
E003536,A01074,Offer,Withdrawn,2026-03-20 07:27:29,3536,U003
E002141,A00653,,Applied,2026-03-20 07:42:26,2141,U002
E002616,A00796,Applied,Withdrawn,2026-03-20 08:46:57,2616,U001
E002734,A00830,Applied,Screen,2026-03-20 09:17:58,2734,U003
E003933,A01193,Applied,Rejected,2026-03-20 11:33:44,3933,U004
E002910,A00882,Applied,Withdrawn,2026-03-20 11:41:39,2910,U001
E004535,A01379,,Applied,2026-03-20 13:16:01,4535,U004
E004674,A01421,Applied,Withdrawn,2026-03-20 18:45:21,4674,U002
E003714,A01126,,Applied,2026-03-20 19:05:01,3714,U003
E000212,A00067,Applied,Screen,2026-03-20 20:33:59,212,U004
E003995,A01210,Screen,Interview,2026-03-20 21:28:03,3995,U004
E004710,A01432,,Applied,2026-03-20 22:32:03,4710,U003
E003829,A01162,,Applied,2026-03-20 22:42:54,3829,U001
E002997,A00909,Screen,Interview,2026-03-21 02:21:48,2997,U001
E004183,A01265,,Applied,2026-03-21 02:36:39,4183,U001
E000356,A00112,Screen,Interview,2026-03-21 05:06:01,356,U001
E004770,A01450,,Applied,2026-03-21 05:06:15,4770,U003
E004465,A01354,Interview,Rejected,2026-03-21 09:03:06,4465,U004
E002459,A00749,,Applied,2026-03-21 10:16:16,2459,U002
E000652,A00203,Screen,Interview,2026-03-21 11:15:03,652,U003
E000263,A00081,Applied,Withdrawn,2026-03-21 12:36:25,263,U002
E001893,A00579,,Applied,2026-03-21 13:40:30,1893,U001
E001181,A00363,Applied,Withdrawn,2026-03-21 18:18:34,1181,U003
E000810,A00252,Interview,Rejected,2026-03-21 19:43:10,810,U001
E003827,A01161,Screen,Interview,2026-03-21 23:12:19,3827,U004
E004369,A01321,Offer,Hired,2026-03-22 03:32:56,4369,U001
E003678,A01115,Applied,Withdrawn,2026-03-22 04:47:29,3678,U003
E002280,A00695,,Applied,2026-03-22 06:22:46,2280,U004
E000926,A00285,Applied,Withdrawn,2026-03-22 08:13:43,926,U001
E004241,A01281,Applied,Screen,2026-03-22 12:03:02,4241,U004
E004536,A01379,Applied,Screen,2026-03-22 15:16:01,4536,U003
E004092,A01237,Applied,Screen,2026-03-22 18:53:04,4092,U004
E001696,A00521,,Applied,2026-03-22 22:29:14,1696,U002
E003388,A01026,,Applied,2026-03-23 05:54:38,3388,U001
E003830,A01162,Applied,Withdrawn,2026-03-23 09:42:54,3830,U003
E003689,A01119,,Applied,2026-03-23 10:19:54,3689,U003
E003199,A00970,Applied,Withdrawn,2026-03-23 13:43:04,3199,U001
E000866,A00269,Applied,Screen,2026-03-23 16:51:31,866,U003
E003346,A01013,Screen,Interview,2026-03-23 18:35:59,3346,U004
E004383,A01326,,Applied,2026-03-23 20:02:15,4383,U003
E004544,A01381,Applied,Screen,2026-03-23 22:33:45,4544,U001
E001831,A00561,Applied,Screen,2026-03-24 01:26:25,1831,U004
E002856,A00867,,Applied,2026-03-24 02:27:17,2856,U001
E003416,A01034,Applied,Withdrawn,2026-03-24 02:31:29,3416,U004
E002668,A00811,,Applied,2026-03-24 03:31:18,2668,U004
E002553,A00777,,Applied,2026-03-24 11:09:00,2553,U003
E001917,A00587,,Applied,2026-03-24 12:31:41,1917,U002
E003828,A01161,Interview,Rejected,2026-03-24 15:12:19,3828,U001
E003807,A01155,Interview,Withdrawn,2026-03-24 17:20:38,3807,U001
E003545,A01077,Applied,Screen,2026-03-24 19:04:42,3545,U004
E001861,A00570,Applied,Screen,2026-03-24 20:16:32,1861,U001
E001453,A00441,Interview,Offer,2026-03-24 20:27:58,1453,U002
E002889,A00876,,Applied,2026-03-25 00:09:20,2889,U004
E001140,A00351,Applied,Screen,2026-03-25 00:16:29,1140,U001
E001412,A00430,Applied,Screen,2026-03-25 11:37:54,1412,U002
E003686,A01118,,Applied,2026-03-25 11:54:01,3686,U004
E003115,A00944,Applied,Rejected,2026-03-25 13:12:52,3115,U003
E003580,A01087,Interview,Offer,2026-03-25 13:47:15,3580,U001
E001856,A00569,Applied,Screen,2026-03-25 15:46:08,1856,U004
E002287,A00697,Screen,Rejected,2026-03-25 15:48:24,2287,U002
E002349,A00717,,Applied,2026-03-25 16:34:15,2349,U002
E004184,A01265,Applied,Screen,2026-03-25 16:36:39,4184,U002
E001316,A00403,,Applied,2026-03-25 16:45:17,1316,U002
E000228,A00071,Screen,Interview,2026-03-25 17:47:18,228,U004
E001365,A00417,Applied,Screen,2026-03-25 20:13:48,1365,U002
E002525,A00768,,Applied,2026-03-25 22:45:02,2525,U002
E004553,A01384,,Applied,2026-03-25 23:12:50,4553,U002
E002165,A00660,Interview,Offer,2026-03-25 23:56:08,2165,U003
E002966,A00899,,Applied,2026-03-26 02:56:05,2966,U002
E003431,A01039,Screen,Rejected,2026-03-26 06:31:55,3431,U003
E004043,A01222,Applied,Screen,2026-03-26 07:36:16,4043,U004
E001701,A00522,Screen,Interview,2026-03-26 09:17:27,1701,U001
E003715,A01126,Applied,Rejected,2026-03-26 10:05:01,3715,U004
E000643,A00201,,Applied,2026-03-26 11:05:50,643,U004
E003903,A01184,,Applied,2026-03-26 12:56:49,3903,U001
E000664,A00207,Screen,Withdrawn,2026-03-26 14:07:39,664,U004
E003061,A00929,Interview,Offer,2026-03-26 15:54:23,3061,U001
E000976,A00301,,Applied,2026-03-26 16:01:22,976,U001
E001820,A00558,Screen,Interview,2026-03-26 17:17:28,1820,U004
E002916,A00884,,Applied,2026-03-26 17:18:33,2916,U002
E001817,A00557,Offer,Rejected,2026-03-26 17:21:13,1817,U001
E000790,A00246,Offer,Hired,2026-03-26 19:29:42,790,U002
E002460,A00749,Applied,Screen,2026-03-26 21:16:16,2460,U002
E003634,A01102,Screen,Withdrawn,2026-03-27 07:38:28,3634,U002
E002420,A00736,Applied,Screen,2026-03-27 10:10:18,2420,U002
E000559,A00174,Applied,Screen,2026-03-27 10:36:37,559,U004
E001129,A00348,,Applied,2026-03-27 12:02:59,1129,U003
E004242,A01281,Screen,Interview,2026-03-27 12:03:02,4242,U002
E003690,A01119,Applied,Screen,2026-03-27 17:19:54,3690,U001
E002284,A00696,Screen,Withdrawn,2026-03-27 20:14:28,2284,U002
E001340,A00410,,Applied,2026-03-27 20:42:22,1340,U004
E000231,A00072,Applied,Withdrawn,2026-03-27 21:48:23,231,U002
E001894,A00579,Applied,Withdrawn,2026-03-27 22:40:30,1894,U003
E000578,A00181,,Applied,2026-03-28 03:45:22,578,U003
E000648,A00202,,Applied,2026-03-28 07:59:05,648,U003
E002526,A00768,Applied,Withdrawn,2026-03-28 08:45:02,2526,U003
E001775,A00544,Screen,Rejected,2026-03-28 10:40:00,1775,U004
E000213,A00067,Screen,Rejected,2026-03-28 14:33:59,213,U003
E002437,A00742,Applied,Screen,2026-03-28 14:35:56,2437,U002
E000025,A00009,Offer,Hired,2026-03-28 21:03:53,25,U002
E001116,A00344,Applied,Screen,2026-03-28 21:47:08,1116,U001
E002132,A00651,Applied,Screen,2026-03-28 23:15:10,2132,U001
E002808,A00852,,Applied,2026-03-29 00:50:54,2808,U004
E002173,A00662,Screen,Interview,2026-03-29 03:39:11,2173,U002
E003418,A01035,Applied,Rejected,2026-03-29 08:16:17,3418,U001
E002892,A00877,,Applied,2026-03-29 10:06:52,2892,U002
E002421,A00736,Screen,Withdrawn,2026-03-29 10:10:18,2421,U003
E003038,A00922,Applied,Rejected,2026-03-29 12:43:11,3038,U003
E002137,A00652,Applied,Screen,2026-03-29 13:14:39,2137,U002
E001857,A00569,Screen,Interview,2026-03-29 15:46:08,1857,U003
E004323,A01307,Interview,Offer,2026-03-29 16:19:31,4323,U002
E002923,A00886,Applied,Screen,2026-03-29 18:53:11,2923,U002
E000649,A00202,Applied,Withdrawn,2026-03-29 21:59:05,649,U002
E002758,A00836,Applied,Withdrawn,2026-03-30 00:26:50,2758,U003
E001119,A00345,,Applied,2026-03-30 02:56:17,1119,U003
E003986,A01208,Screen,Interview,2026-03-30 03:57:36,3986,U004
E000019,A00008,,Applied,2026-03-30 04:28:52,19,U003
E000128,A00042,Applied,Screen,2026-03-30 06:27:52,128,U004
E002414,A00735,,Applied,2026-03-30 06:30:14,2414,U002
E000721,A00226,,Applied,2026-03-30 06:44:47,721,U002
E003225,A00977,,Applied,2026-03-30 08:34:45,3225,U001
E004313,A01304,,Applied,2026-03-30 10:55:40,4313,U004
E001517,A00462,Applied,Screen,2026-03-30 11:41:00,1517,U002
E001728,A00530,Screen,Interview,2026-03-30 11:56:46,1728,U003
E000429,A00133,Interview,Offer,2026-03-30 13:07:14,429,U003
E002513,A00764,,Applied,2026-03-30 15:03:11,2513,U004
E001154,A00354,Screen,Interview,2026-03-30 16:16:45,1154,U003
E004648,A01413,,Applied,2026-03-30 16:44:31,4648,U003
E001539,A00470,,Applied,2026-03-30 17:30:17,1539,U001
E004073,A01231,Offer,Hired,2026-03-30 19:36:24,4073,U004
E001702,A00522,Interview,Offer,2026-03-30 22:17:27,1702,U004
E002625,A00800,,Applied,2026-03-31 00:35:19,2625,U003
E002281,A00695,Applied,Rejected,2026-03-31 02:22:46,2281,U003
E001341,A00410,Applied,Screen,2026-03-31 02:42:22,1341,U001
E000867,A00269,Screen,Interview,2026-03-31 03:51:31,867,U001
E004337,A01312,,Applied,2026-03-31 05:50:33,4337,U003
E003377,A01022,Applied,Screen,2026-03-31 06:29:51,3377,U003
E003740,A01134,Offer,Hired,2026-03-31 06:50:19,3740,U002
E001455,A00442,,Applied,2026-03-31 14:04:49,1455,U002
E000057,A00019,Interview,Offer,2026-03-31 15:09:09,57,U003
E000781,A00245,,Applied,2026-03-31 15:43:04,781,U003
E001692,A00519,,Applied,2026-03-31 16:03:11,1692,U002
E001858,A00569,Interview,Offer,2026-03-31 18:46:08,1858,U001
E002514,A00764,Applied,Rejected,2026-03-31 20:03:11,2514,U004
E000970,A00299,,Applied,2026-03-31 21:27:30,970,U002
E002730,A00829,Screen,Interview,2026-03-31 21:54:08,2730,U003
E001640,A00503,,Applied,2026-03-31 21:54:56,1640,U001
E002245,A00683,Applied,Screen,2026-04-01 00:30:46,2245,U001
E002981,A00903,Applied,Screen,2026-04-01 00:53:38,2981,U002
E002016,A00616,Interview,Offer,2026-04-01 01:50:02,2016,U004
E004128,A01248,Interview,Offer,2026-04-01 02:06:25,4128,U002
E000207,A00066,,Applied,2026-04-01 02:16:08,207,U003
E002461,A00749,Screen,Interview,2026-04-01 02:16:16,2461,U004
E001103,A00340,Applied,Screen,2026-04-01 02:19:50,1103,U001
E001990,A00610,,Applied,2026-04-01 02:50:06,1990,U003
E001062,A00327,Screen,Interview,2026-04-01 02:57:26,1062,U001
E004060,A01227,Applied,Rejected,2026-04-01 03:57:57,4060,U003
E001224,A00376,,Applied,2026-04-01 05:25:31,1224,U003
E002890,A00876,Applied,Screen,2026-04-01 09:09:20,2890,U002
E002735,A00830,Screen,Interview,2026-04-01 09:17:58,2735,U001
E000656,A00205,,Applied,2026-04-01 09:58:07,656,U002
E000501,A00156,,Applied,2026-04-01 11:27:32,501,U001
E001659,A00509,,Applied,2026-04-01 12:21:45,1659,U003
E000707,A00221,,Applied,2026-04-01 12:27:33,707,U001
E000203,A00065,Applied,Screen,2026-04-01 13:50:07,203,U003
E000179,A00058,,Applied,2026-04-01 13:56:01,179,U004
E003687,A01118,Applied,Screen,2026-04-01 14:54:01,3687,U004
E000579,A00181,Applied,Screen,2026-04-01 15:45:22,579,U001
E000560,A00174,Screen,Withdrawn,2026-04-01 18:36:37,560,U001
E001250,A00382,Screen,Interview,2026-04-01 20:03:40,1250,U001
E000014,A00006,Applied,Screen,2026-04-02 00:56:58,14,U001
E000644,A00201,Applied,Screen,2026-04-02 01:05:50,644,U002
E002133,A00651,Screen,Interview,2026-04-02 02:15:10,2133,U004
E000237,A00074,,Applied,2026-04-02 02:16:10,237,U003
E003509,A01066,,Applied,2026-04-02 02:38:27,3509,U002
E003843,A01167,,Applied,2026-04-02 06:56:57,3843,U002
E000820,A00255,Applied,Screen,2026-04-02 10:07:09,820,U003
E000868,A00269,Interview,Offer,2026-04-02 12:51:31,868,U002
E001854,A00568,Interview,Withdrawn,2026-04-02 13:48:55,1854,U001
E001577,A00483,Offer,Rejected,2026-04-02 14:09:20,1577,U003
E004545,A01381,Screen,Withdrawn,2026-04-02 16:33:45,4545,U003
E004338,A01312,Applied,Screen,2026-04-02 18:50:33,4338,U003
E002982,A00903,Screen,Rejected,2026-04-02 20:53:38,2982,U004
E001729,A00530,Interview,Offer,2026-04-02 20:56:46,1729,U003
E002891,A00876,Screen,Withdrawn,2026-04-02 23:09:20,2891,U001
E004537,A01379,Screen,Withdrawn,2026-04-02 23:16:01,4537,U004
E002186,A00666,,Applied,2026-04-02 23:22:39,2186,U001
E001317,A00403,Applied,Rejected,2026-04-03 00:45:17,1317,U004
E002809,A00852,Applied,Screen,2026-04-03 00:50:54,2809,U001
E004711,A01432,Applied,Screen,2026-04-03 01:32:03,4711,U003
E003389,A01026,Applied,Screen,2026-04-03 01:54:38,3389,U003
E000502,A00156,Applied,Rejected,2026-04-03 02:27:32,502,U001
E000167,A00055,,Applied,2026-04-03 03:58:20,167,U002
E004384,A01326,Applied,Withdrawn,2026-04-03 04:02:15,4384,U003
E002731,A00829,Interview,Offer,2026-04-03 05:54:08,2731,U002
E002246,A00683,Screen,Withdrawn,2026-04-03 07:30:46,2246,U003
E000722,A00226,Applied,Rejected,2026-04-03 07:44:47,722,U001
E002176,A00663,,Applied,2026-04-03 08:58:08,2176,U003
E000977,A00301,Applied,Rejected,2026-04-03 09:01:22,977,U002
E002415,A00735,Applied,Screen,2026-04-03 10:30:14,2415,U002
E002669,A00811,Applied,Withdrawn,2026-04-03 11:31:18,2669,U001
E002998,A00909,Interview,Withdrawn,2026-04-03 13:21:48,2998,U001
E001744,A00536,,Applied,2026-04-03 17:10:20,1744,U004
E000657,A00205,Applied,Screen,2026-04-03 17:58:07,657,U004
E000136,A00045,Screen,Interview,2026-04-03 18:26:13,136,U003
E000241,A00075,,Applied,2026-04-03 20:16:21,241,U001
E002142,A00653,Applied,Rejected,2026-04-03 20:42:26,2142,U002
E004300,A01301,,Applied,2026-04-03 22:21:36,4300,U002
E000796,A00248,,Applied,2026-04-04 02:04:30,796,U001
E003209,A00973,Applied,Screen,2026-04-04 02:07:35,3209,U002
E002917,A00884,Applied,Screen,2026-04-04 04:18:33,2917,U004
E001031,A00318,,Applied,2026-04-04 04:21:08,1031,U001
E003753,A01138,,Applied,2026-04-04 04:32:30,3753,U003
E000653,A00203,Interview,Withdrawn,2026-04-04 05:15:03,653,U004
E004106,A01241,,Applied,2026-04-04 05:21:32,4106,U003
E000020,A00008,Applied,Withdrawn,2026-04-04 05:28:52,20,U004
E001541,A00471,,Applied,2026-04-04 05:35:00,1541,U003
E000580,A00181,Screen,Withdrawn,2026-04-04 05:45:22,580,U001
E004314,A01304,Applied,Rejected,2026-04-04 06:55:40,4314,U001
E000315,A00099,,Applied,2026-04-04 09:00:00,315,U004
E000357,A00112,Interview,Offer,2026-04-04 10:06:01,357,U004
E002527,A00769,,Applied,2026-04-04 11:11:06,2527,U002
E002134,A00651,Interview,Offer,2026-04-04 12:15:10,2134,U003
E003546,A01077,Screen,Rejected,2026-04-04 13:04:42,3546,U002
E001366,A00417,Screen,Interview,2026-04-04 13:13:48,1366,U002
E002807,A00851,Interview,Offer,2026-04-04 13:58:47,2807,U001
E001218,A00374,,Applied,2026-04-04 14:50:43,1218,U002
E004243,A01281,Interview,Rejected,2026-04-04 15:03:02,4243,U001
E000581,A00182,,Applied,2026-04-04 15:22:58,581,U004
E000757,A00238,,Applied,2026-04-04 18:24:04,757,U004
E000855,A00266,,Applied,2026-04-04 19:39:15,855,U004
E002174,A00662,Interview,Offer,2026-04-04 20:39:11,2174,U003
E003860,A01172,,Applied,2026-04-04 21:30:03,3860,U002
E003709,A01124,Screen,Interview,2026-04-04 22:23:08,3709,U004
E000058,A00019,Offer,Rejected,2026-04-04 23:09:09,58,U003
E004149,A01256,Applied,Screen,2026-04-04 23:29:06,4149,U004
E003796,A01152,,Applied,2026-04-05 00:38:09,3796,U004
E001141,A00351,Screen,Interview,2026-04-05 04:16:29,1141,U002
E002219,A00676,,Applied,2026-04-05 04:22:25,2219,U004
E001280,A00392,,Applied,2026-04-05 05:21:25,1280,U003
E000222,A00070,,Applied,2026-04-05 06:09:11,222,U002
E001542,A00471,Applied,Rejected,2026-04-05 06:35:00,1542,U003
E004172,A01262,Applied,Screen,2026-04-05 08:49:43,4172,U002
E002857,A00867,Applied,Withdrawn,2026-04-05 10:27:17,2857,U003
E002626,A00800,Applied,Screen,2026-04-05 12:35:19,2626,U003
E000286,A00090,,Applied,2026-04-05 13:25:20,286,U001
E002464,A00750,,Applied,2026-04-05 16:28:20,2464,U002
E002424,A00738,,Applied,2026-04-05 17:13:43,2424,U004
E003347,A01013,Interview,Offer,2026-04-05 20:35:59,3347,U004
E002494,A00758,Screen,Interview,2026-04-05 22:21:47,2494,U002
E001413,A00430,Screen,Withdrawn,2026-04-06 00:37:54,1413,U001
E002967,A00899,Applied,Screen,2026-04-06 02:56:05,2967,U002
E002220,A00676,Applied,Rejected,2026-04-06 05:22:25,2220,U002
E002088,A00638,,Applied,2026-04-06 06:00:39,2088,U004
E003497,A01061,Offer,Hired,2026-04-06 06:02:19,3497,U001
E002810,A00852,Screen,Rejected,2026-04-06 09:50:54,2810,U003
E000442,A00138,,Applied,2026-04-06 10:48:13,442,U001
E004554,A01384,Applied,Withdrawn,2026-04-06 13:12:50,4554,U002
E000625,A00196,,Applied,2026-04-06 13:48:04,625,U003
E001991,A00610,Applied,Screen,2026-04-06 13:50:06,1991,U004
E002554,A00777,Applied,Screen,2026-04-06 14:09:00,2554,U002
E001832,A00561,Screen,Interview,2026-04-06 17:26:25,1832,U004
E000710,A00222,,Applied,2026-04-06 20:34:46,710,U002
E004415,A01337,,Applied,2026-04-06 22:45:55,4415,U004
E001745,A00536,Applied,Screen,2026-04-06 23:10:20,1745,U002
E003394,A01028,Applied,Screen,2026-04-07 01:16:36,3394,U001
E002693,A00820,,Applied,2026-04-07 01:28:38,2693,U002
E000364,A00114,Applied,Screen,2026-04-07 04:14:56,364,U003
E001281,A00392,Applied,Withdrawn,2026-04-07 07:21:25,1281,U004
E000238,A00074,Applied,Screen,2026-04-07 09:16:10,238,U002
E001978,A00606,,Applied,2026-04-07 10:39:36,1978,U001
E001479,A00451,,Applied,2026-04-07 10:50:38,1479,U001
E000547,A00170,,Applied,2026-04-07 12:14:49,547,U003
E004763,A01448,,Applied,2026-04-07 13:11:33,4763,U001
E003754,A01138,Applied,Rejected,2026-04-07 13:32:30,3754,U002
E001417,A00432,,Applied,2026-04-07 14:38:27,1417,U003
E000969,A00298,Offer,Hired,2026-04-07 14:48:11,969,U002
E002709,A00824,,Applied,2026-04-07 15:15:43,2709,U003
E001104,A00340,Screen,Interview,2026-04-07 17:19:50,1104,U004
E001225,A00376,Applied,Screen,2026-04-07 17:25:31,1225,U004
E004515,A01371,,Applied,2026-04-07 18:34:11,4515,U004
E003519,A01069,,Applied,2026-04-07 18:47:06,3519,U003
E001548,A00474,,Applied,2026-04-07 22:43:53,1548,U003
E004155,A01258,,Applied,2026-04-08 02:35:51,4155,U004
E001155,A00354,Interview,Offer,2026-04-08 03:16:45,1155,U003
E003734,A01133,,Applied,2026-04-08 07:05:30,3734,U003
E003378,A01022,Screen,Interview,2026-04-08 07:29:51,3378,U002
E002072,A00634,,Applied,2026-04-08 08:25:57,2072,U002
E001234,A00378,Applied,Screen,2026-04-08 08:53:34,1234,U003
E000743,A00234,,Applied,2026-04-08 08:55:39,743,U004
E000541,A00168,,Applied,2026-04-08 09:40:38,541,U001
E001693,A00519,Applied,Withdrawn,2026-04-08 11:03:11,1693,U003
E001540,A00470,Applied,Rejected,2026-04-08 13:30:17,1540,U004
E002350,A00717,Applied,Screen,2026-04-08 16:34:15,2350,U003
E004185,A01265,Screen,Interview,2026-04-08 17:36:39,4185,U004
E002135,A00651,Offer,Withdrawn,2026-04-08 19:15:10,2135,U003
E000821,A00255,Screen,Interview,2026-04-08 22:07:09,821,U001
E000229,A00071,Interview,Rejected,2026-04-09 02:47:18,229,U004
E000856,A00266,Applied,Screen,2026-04-09 05:39:15,856,U002
E001583,A00485,,Applied,2026-04-09 06:35:16,1583,U002
E001545,A00473,,Applied,2026-04-09 06:51:28,1545,U004
E002422,A00737,,Applied,2026-04-09 07:07:23,2422,U004
E003904,A01184,Applied,Withdrawn,2026-04-09 07:56:49,3904,U002
E000582,A00182,Applied,Rejected,2026-04-09 10:22:58,582,U002
E003996,A01210,Interview,Offer,2026-04-09 10:28:03,3996,U002
E002438,A00742,Screen,Interview,2026-04-09 10:35:56,2438,U001
E002425,A00738,Applied,Withdrawn,2026-04-09 17:13:43,2425,U004
E001979,A00606,Applied,Screen,2026-04-09 17:39:36,1979,U003
E004649,A01413,Applied,Screen,2026-04-09 17:44:31,4649,U004
E004771,A01450,Applied,Screen,2026-04-09 18:06:15,4771,U001
E003861,A01172,Applied,Screen,2026-04-09 21:30:03,3861,U004
E004324,A01307,Offer,Withdrawn,2026-04-09 23:19:31,4324,U003
E000588,A00184,,Applied,2026-04-10 03:32:51,588,U004
E003175,A00963,,Applied,2026-04-10 07:57:49,3175,U003
E000080,A00027,,Applied,2026-04-10 08:08:08,80,U004
E003691,A01119,Screen,Interview,2026-04-10 08:19:54,3691,U003
E001697,A00521,Applied,Screen,2026-04-10 10:29:14,1697,U003
E003844,A01167,Applied,Screen,2026-04-10 11:56:57,3844,U003
E003226,A00977,Applied,Screen,2026-04-10 14:34:45,3226,U002
E002183,A00665,,Applied,2026-04-10 14:49:48,2183,U001
E004301,A01301,Applied,Screen,2026-04-10 15:21:36,4301,U001
E004272,A01291,,Applied,2026-04-10 16:21:32,4272,U001
E004168,A01261,,Applied,2026-04-10 18:57:45,4168,U003
E000658,A00205,Screen,Interview,2026-04-10 19:58:07,658,U002
E000365,A00114,Screen,Interview,2026-04-10 21:14:56,365,U001
E000204,A00065,Screen,Interview,2026-04-11 00:50:07,204,U001
E002405,A00732,,Applied,2026-04-11 01:44:58,2405,U001
E001862,A00570,Screen,Interview,2026-04-11 03:16:32,1862,U004
E004409,A01335,,Applied,2026-04-11 04:09:59,4409,U002
E003251,A00985,,Applied,2026-04-11 05:38:26,3251,U004
E000822,A00255,Interview,Rejected,2026-04-11 06:07:09,822,U004
E004142,A01253,,Applied,2026-04-11 06:42:42,4142,U001
E001981,A00607,,Applied,2026-04-11 08:36:23,1981,U002
E001235,A00378,Screen,Interview,2026-04-11 08:53:34,1235,U001
E000180,A00058,Applied,Screen,2026-04-11 08:56:01,180,U004
E004303,A01302,,Applied,2026-04-11 10:46:43,4303,U002
E004456,A01352,,Applied,2026-04-11 11:00:45,4456,U001
E000168,A00055,Applied,Screen,2026-04-11 12:58:20,168,U002
E002089,A00638,Applied,Screen,2026-04-11 18:00:39,2089,U003
E002983,A00904,,Applied,2026-04-11 18:46:01,2983,U002
E001641,A00503,Applied,Screen,2026-04-11 23:54:56,1641,U002
E001437,A00437,Offer,Hired,2026-04-12 03:42:40,1437,U003
E003987,A01208,Interview,Offer,2026-04-12 03:57:36,3987,U003
E004663,A01418,,Applied,2026-04-12 04:07:11,4663,U002
E002653,A00807,,Applied,2026-04-12 04:31:53,2653,U003
E001397,A00426,,Applied,2026-04-12 04:53:27,1397,U001
E002406,A00732,Applied,Withdrawn,2026-04-12 05:44:58,2406,U003
E001117,A00344,Screen,Interview,2026-04-12 06:47:08,1117,U004
E004129,A01248,Offer,Withdrawn,2026-04-12 10:06:25,4129,U003
E001124,A00346,,Applied,2026-04-12 10:37:03,1124,U003
E002968,A00899,Screen,Interview,2026-04-12 16:56:05,2968,U002
E000758,A00238,Applied,Screen,2026-04-12 20:24:04,758,U003
E001418,A00432,Applied,Withdrawn,2026-04-12 21:38:27,1418,U001
E003176,A00963,Applied,Rejected,2026-04-12 21:57:49,3176,U003
E003510,A01066,Applied,Screen,2026-04-12 22:38:27,3510,U001
E002568,A00781,,Applied,2026-04-13 02:45:38,2568,U003
E001480,A00451,Applied,Screen,2026-04-13 02:50:38,1480,U001
E004650,A01413,Screen,Interview,2026-04-13 03:44:31,4650,U002
E004516,A01371,Applied,Screen,2026-04-13 04:34:11,4516,U003
E003710,A01124,Interview,Offer,2026-04-13 07:23:08,3710,U003
E004093,A01237,Screen,Interview,2026-04-13 08:53:04,4093,U002
E000181,A00058,Screen,Interview,2026-04-13 09:56:01,181,U003
E002209,A00673,,Applied,2026-04-13 14:30:40,2209,U002
E000129,A00042,Screen,Withdrawn,2026-04-13 15:27:52,129,U002
E001219,A00374,Applied,Screen,2026-04-13 17:50:43,1219,U003
E003879,A01177,,Applied,2026-04-13 18:46:03,3879,U001
E001698,A00521,Screen,Withdrawn,2026-04-13 20:29:14,1698,U003
E003379,A01022,Interview,Offer,2026-04-13 20:29:51,3379,U003
E000239,A00074,Screen,Interview,2026-04-13 21:16:10,239,U001
E002327,A00710,,Applied,2026-04-13 21:30:50,2327,U001
E000744,A00234,Applied,Screen,2026-04-14 00:55:39,744,U001
E001454,A00441,Offer,Hired,2026-04-14 03:27:58,1454,U004
E002416,A00735,Screen,Interview,2026-04-14 04:30:14,2416,U001
E004130,A01249,,Applied,2026-04-14 04:45:14,4130,U002
E003688,A01118,Screen,Withdrawn,2026-04-14 04:54:01,3688,U003
E001863,A00570,Interview,Offer,2026-04-14 05:16:32,1863,U004
E001105,A00340,Interview,Offer,2026-04-14 05:19:50,1105,U004
E000700,A00219,,Applied,2026-04-14 06:01:39,700,U001
E003845,A01167,Screen,Rejected,2026-04-14 06:56:57,3845,U004
E001342,A00410,Screen,Interview,2026-04-14 09:42:22,1342,U002
E002423,A00737,Applied,Withdrawn,2026-04-14 10:07:23,2423,U002
E001549,A00474,Applied,Screen,2026-04-14 13:43:53,1549,U001
E002090,A00638,Screen,Withdrawn,2026-04-14 14:00:39,2090,U001
E000797,A00248,Applied,Rejected,2026-04-14 14:04:30,797,U004
E003070,A00932,,Applied,2026-04-14 14:25:05,3070,U002
E004044,A01222,Screen,Interview,2026-04-14 16:36:16,4044,U004
E001642,A00503,Screen,Withdrawn,2026-04-14 16:54:56,1642,U002
E001456,A00442,Applied,Withdrawn,2026-04-14 17:04:49,1456,U003
E003988,A01208,Offer,Rejected,2026-04-14 17:57:36,3988,U003
E004664,A01418,Applied,Screen,2026-04-14 21:07:11,4664,U002
E001918,A00587,Applied,Screen,2026-04-14 21:31:41,1918,U003
E002664,A00810,,Applied,2026-04-14 22:38:34,2664,U002
E000081,A00027,Applied,Withdrawn,2026-04-14 23:08:08,81,U002
E001982,A00607,Applied,Screen,2026-04-15 04:36:23,1982,U002
E001807,A00555,,Applied,2026-04-15 05:34:09,1807,U001
E003008,A00913,,Applied,2026-04-15 05:59:25,3008,U003
E003913,A01187,,Applied,2026-04-15 07:08:06,3913,U001
E001842,A00565,,Applied,2026-04-15 07:11:51,1842,U004
E004107,A01241,Applied,Screen,2026-04-15 07:21:32,4107,U001
E001226,A00376,Screen,Interview,2026-04-15 07:25:31,1226,U004
E003759,A01140,,Applied,2026-04-15 08:30:58,3759,U001
E000236,A00073,Offer,Hired,2026-04-15 09:10:20,236,U002
E003390,A01026,Screen,Rejected,2026-04-15 11:54:38,3390,U002
E002654,A00807,Applied,Screen,2026-04-15 12:31:53,2654,U002
E000963,A00297,,Applied,2026-04-15 12:36:07,963,U001
E002138,A00652,Screen,Interview,2026-04-15 13:14:39,2138,U001
E001276,A00391,,Applied,2026-04-15 13:28:31,1276,U001
E004410,A01335,Applied,Rejected,2026-04-15 15:09:59,4410,U002
E004483,A01360,,Applied,2026-04-15 15:12:35,4483,U003
E002736,A00830,Interview,Offer,2026-04-15 15:17:58,2736,U001
E000708,A00221,Applied,Screen,2026-04-15 20:27:33,708,U002
E001120,A00345,Applied,Screen,2026-04-15 20:56:17,1120,U001
E004302,A01301,Screen,Withdrawn,2026-04-15 22:21:36,4302,U001
E000626,A00196,Applied,Screen,2026-04-15 22:48:04,626,U004
E003088,A00936,,Applied,2026-04-16 00:32:13,3088,U004
E002180,A00664,,Applied,2026-04-16 00:34:00,2180,U004
E002969,A00899,Interview,Offer,2026-04-16 00:56:05,2969,U001
E000316,A00099,Applied,Screen,2026-04-16 01:00:00,316,U001
E001660,A00509,Applied,Screen,2026-04-16 02:21:45,1660,U004
E000589,A00184,Applied,Withdrawn,2026-04-16 03:32:51,589,U002
E002884,A00875,,Applied,2026-04-16 03:34:34,2884,U003
E004277,A01293,,Applied,2026-04-16 07:09:19,4277,U003
E002893,A00877,Applied,Screen,2026-04-16 11:06:52,2893,U004
E003210,A00973,Screen,Interview,2026-04-16 12:07:35,3210,U001
E001398,A00426,Applied,Screen,2026-04-16 12:53:27,1398,U002
E001984,A00608,,Applied,2026-04-16 13:34:25,1984,U001
E001156,A00354,Offer,Withdrawn,2026-04-16 16:16:45,1156,U002
E003862,A01172,Screen,Interview,2026-04-16 16:30:03,3862,U003
E000247,A00077,,Applied,2026-04-16 17:53:33,247,U004
E003196,A00969,,Applied,2026-04-16 18:10:04,3196,U001
E002210,A00673,Applied,Withdrawn,2026-04-16 21:30:40,2210,U001
E001650,A00506,,Applied,2026-04-16 23:31:27,1650,U001
E001859,A00569,Offer,Hired,2026-04-16 23:46:08,1859,U001
E001821,A00558,Interview,Offer,2026-04-17 05:17:28,1821,U002
E002627,A00800,Screen,Interview,2026-04-17 05:35:19,2627,U003
E004045,A01222,Interview,Offer,2026-04-17 06:36:16,4045,U001
E001935,A00592,Offer,Hired,2026-04-17 07:28:10,1935,U004
E003797,A01152,Applied,Withdrawn,2026-04-17 10:38:09,3797,U003
E000137,A00045,Interview,Offer,2026-04-17 11:26:13,137,U003
E004712,A01432,Screen,Rejected,2026-04-17 11:32:03,4712,U003
E002465,A00750,Applied,Screen,2026-04-17 12:28:20,2465,U003
E000709,A00221,Screen,Rejected,2026-04-17 13:27:33,709,U001
E000443,A00138,Applied,Screen,2026-04-17 13:48:13,443,U001
E004140,A01252,,Applied,2026-04-17 15:31:51,4140,U004
E001227,A00376,Interview,Withdrawn,2026-04-17 19:25:31,1227,U004
E003156,A00957,,Applied,2026-04-17 19:25:59,3156,U001
E000223,A00070,Applied,Screen,2026-04-17 20:09:11,223,U002
E001130,A00348,Applied,Screen,2026-04-17 21:02:59,1130,U003
E003735,A01133,Applied,Rejected,2026-04-17 21:05:30,3735,U002
E001748,A00537,,Applied,2026-04-17 21:44:25,1748,U001
E000264,A00082,,Applied,2026-04-17 22:26:56,264,U002
E001125,A00346,Applied,Screen,2026-04-17 23:37:03,1125,U002
E004764,A01448,Applied,Withdrawn,2026-04-18 00:11:33,4764,U001
E002462,A00749,Interview,Offer,2026-04-18 02:16:16,2462,U004
E001063,A00327,Interview,Offer,2026-04-18 02:57:26,1063,U002
E003880,A01177,Applied,Screen,2026-04-18 03:46:03,3880,U001
E001661,A00509,Screen,Interview,2026-04-18 05:21:45,1661,U002
E002665,A00810,Applied,Screen,2026-04-18 06:38:34,2665,U002
E000971,A00299,Applied,Screen,2026-04-18 08:27:30,971,U001
E001584,A00485,Applied,Screen,2026-04-18 08:35:16,1584,U003
E000242,A00075,Applied,Screen,2026-04-18 10:16:21,242,U003
E004156,A01258,Applied,Screen,2026-04-18 10:35:51,4156,U004
E003511,A01066,Screen,Withdrawn,2026-04-18 10:38:27,3511,U002
E001220,A00374,Screen,Interview,2026-04-18 13:50:43,1220,U001
E002732,A00829,Offer,Hired,2026-04-18 15:54:08,2732,U002
E004328,A01309,,Applied,2026-04-18 17:58:43,4328,U003
E002426,A00739,,Applied,2026-04-18 18:11:10,2426,U003
E004150,A01256,Screen,Interview,2026-04-18 19:29:06,4150,U004
E002655,A00807,Screen,Interview,2026-04-18 19:31:53,2655,U002
E002184,A00665,Applied,Screen,2026-04-18 19:49:48,2184,U001
E003716,A01127,,Applied,2026-04-18 20:10:42,3716,U001
E000876,A00272,,Applied,2026-04-18 20:58:16,876,U001
E004560,A01387,,Applied,2026-04-18 21:32:13,4560,U002
E004186,A01265,Interview,Withdrawn,2026-04-18 23:36:39,4186,U004
E002068,A00633,,Applied,2026-04-18 23:55:28,2068,U002
E002230,A00679,,Applied,2026-04-19 00:36:52,2230,U003
E000240,A00074,Interview,Withdrawn,2026-04-19 03:16:10,240,U001
E000759,A00238,Screen,Interview,2026-04-19 05:24:04,759,U001
E001992,A00610,Screen,Withdrawn,2026-04-19 06:50:06,1992,U004
E001892,A00578,Offer,Hired,2026-04-19 08:34:37,1892,U004
E003227,A00977,Screen,Rejected,2026-04-19 08:34:45,3227,U004
E004517,A01371,Screen,Withdrawn,2026-04-19 09:34:11,4517,U002
E002351,A00717,Screen,Interview,2026-04-19 09:34:15,2351,U002
E004173,A01262,Screen,Withdrawn,2026-04-19 10:49:43,4173,U002
E001011,A00312,,Applied,2026-04-19 11:52:39,1011,U004
E000620,A00195,,Applied,2026-04-19 12:03:44,620,U001
E000839,A00262,,Applied,2026-04-19 13:05:55,839,U001
E000182,A00058,Interview,Withdrawn,2026-04-19 13:56:01,182,U004
E000287,A00090,Applied,Screen,2026-04-19 16:25:20,287,U003
E000158,A00052,,Applied,2026-04-19 17:54:15,158,U003
E003252,A00985,Applied,Screen,2026-04-19 18:38:26,3252,U004
E000627,A00196,Screen,Interview,2026-04-19 18:48:04,627,U003
E001263,A00387,,Applied,2026-04-19 18:57:13,1263,U004
E001109,A00342,,Applied,2026-04-19 20:23:48,1109,U001
E001613,A00494,,Applied,2026-04-19 20:36:25,1613,U004
E000047,A00017,,Applied,2026-04-19 20:40:26,47,U002
E001868,A00572,,Applied,2026-04-19 21:52:46,1868,U002
E000711,A00222,Applied,Withdrawn,2026-04-19 22:34:46,711,U004
E002681,A00816,,Applied,2026-04-20 01:14:19,2681,U002
E003089,A00936,Applied,Screen,2026-04-20 01:32:13,3089,U004
E004416,A01337,Applied,Screen,2026-04-20 01:45:55,4416,U004
E003863,A01172,Interview,Rejected,2026-04-20 07:30:03,3863,U003
E003997,A01210,Offer,Rejected,2026-04-20 10:28:03,3997,U003
E003158,A00958,,Applied,2026-04-20 10:41:57,3158,U001
E002022,A00618,,Applied,2026-04-20 11:45:30,2022,U001
E002924,A00886,Screen,Interview,2026-04-20 13:53:11,2924,U003
E002177,A00663,Applied,Screen,2026-04-20 13:58:08,2177,U003
E001809,A00556,,Applied,2026-04-20 14:18:43,1809,U003
E004350,A01316,,Applied,2026-04-20 15:10:29,4350,U004
E000956,A00295,,Applied,2026-04-20 15:11:29,956,U004
E000339,A00108,,Applied,2026-04-20 15:24:50,339,U002
E000645,A00201,Screen,Interview,2026-04-20 16:05:50,645,U004
E000802,A00249,Offer,Hired,2026-04-20 16:17:54,802,U002
E004304,A01302,Applied,Screen,2026-04-20 18:46:43,4304,U004
E001032,A00318,Applied,Screen,2026-04-20 19:21:08,1032,U003
E000015,A00006,Screen,Interview,2026-04-20 19:56:58,15,U004
E001759,A00540,,Applied,2026-04-20 20:15:51,1759,U004
E003395,A01028,Screen,Interview,2026-04-20 20:16:36,3395,U003
E001518,A00462,Screen,Interview,2026-04-20 22:41:00,1518,U004
E004143,A01253,Applied,Withdrawn,2026-04-20 22:42:42,4143,U003
E001840,A00564,,Applied,2026-04-20 23:25:35,1840,U001
E002488,A00757,,Applied,2026-04-20 23:47:13,2488,U003
E000214,A00068,,Applied,2026-04-21 04:57:24,214,U002
E001367,A00417,Interview,Offer,2026-04-21 06:13:48,1367,U003
E000883,A00274,,Applied,2026-04-21 06:16:10,883,U004
E002439,A00742,Interview,Offer,2026-04-21 06:35:56,2439,U002
E001131,A00348,Screen,Interview,2026-04-21 08:02:59,1131,U004
E001808,A00555,Applied,Withdrawn,2026-04-21 08:34:09,1808,U002
E002187,A00666,Applied,Screen,2026-04-21 09:22:39,2187,U004
E003090,A00936,Screen,Withdrawn,2026-04-21 09:32:13,3090,U004
E000608,A00190,,Applied,2026-04-21 10:25:55,608,U003
E003701,A01122,,Applied,2026-04-21 10:26:41,3701,U004
E003711,A01124,Offer,Withdrawn,2026-04-21 11:23:08,3711,U003
E004315,A01305,,Applied,2026-04-21 12:31:05,4315,U003
E000773,A00242,,Applied,2026-04-21 12:34:06,773,U003
E001822,A00558,Offer,Rejected,2026-04-21 13:17:28,1822,U004
E000468,A00145,,Applied,2026-04-21 13:50:11,468,U004
E001970,A00604,,Applied,2026-04-21 13:54:10,1970,U003
E004531,A01377,,Applied,2026-04-21 14:07:24,4531,U002
E001236,A00378,Interview,Withdrawn,2026-04-21 14:53:34,1236,U004
E000782,A00245,Applied,Screen,2026-04-21 15:43:04,782,U002
E003157,A00957,Applied,Rejected,2026-04-21 19:25:59,3157,U003
E002984,A00904,Applied,Withdrawn,2026-04-21 19:46:01,2984,U003
E000317,A00099,Screen,Withdrawn,2026-04-21 21:00:00,317,U002
E004632,A01407,,Applied,2026-04-21 21:14:27,4632,U004
E003692,A01119,Interview,Rejected,2026-04-21 23:19:54,3692,U004
E001841,A00564,Applied,Withdrawn,2026-04-21 23:25:35,1841,U003
E001746,A00536,Screen,Interview,2026-04-22 03:10:20,1746,U001
E002124,A00649,,Applied,2026-04-22 03:16:21,2124,U003
E001709,A00525,,Applied,2026-04-22 04:52:38,1709,U003
E002291,A00699,,Applied,2026-04-22 06:28:15,2291,U004
E004144,A01254,,Applied,2026-04-22 06:49:24,4144,U002
E004480,A01359,,Applied,2026-04-22 06:56:16,4480,U004
E000208,A00066,Applied,Screen,2026-04-22 07:16:08,208,U004
E001530,A00466,Offer,Hired,2026-04-22 07:24:04,1530,U004
E001672,A00513,,Applied,2026-04-22 09:24:16,1672,U002
E000366,A00114,Interview,Offer,2026-04-22 11:14:56,366,U001
E002528,A00769,Applied,Screen,2026-04-22 14:11:06,2528,U003
E004394,A01331,,Applied,2026-04-22 14:49:50,4394,U001
E000248,A00077,Applied,Withdrawn,2026-04-22 19:53:33,248,U001
E002151,A00657,,Applied,2026-04-22 23:11:39,2151,U002
E001985,A00608,Applied,Withdrawn,2026-04-23 00:34:25,1985,U004
E003147,A00954,,Applied,2026-04-23 02:38:24,3147,U004
E000548,A00170,Applied,Screen,2026-04-23 03:14:49,548,U001
E002178,A00663,Screen,Interview,2026-04-23 04:58:08,2178,U004
E000828,A00258,,Applied,2026-04-23 05:02:52,828,U001
E000071,A00025,,Applied,2026-04-23 06:13:16,71,U001
E004339,A01312,Screen,Interview,2026-04-23 06:50:33,4339,U004
E004772,A01450,Screen,Interview,2026-04-23 08:06:15,4772,U004
E001142,A00351,Interview,Offer,2026-04-23 08:16:29,1142,U003
E002666,A00810,Screen,Interview,2026-04-23 08:38:34,2666,U001
E001980,A00606,Screen,Withdrawn,2026-04-23 08:39:36,1980,U001
E000701,A00219,Applied,Screen,2026-04-23 09:01:39,701,U001
E000760,A00238,Interview,Withdrawn,2026-04-23 09:24:04,760,U002
E003380,A01022,Offer,Withdrawn,2026-04-23 11:29:51,3380,U002
E001730,A00530,Offer,Hired,2026-04-23 11:56:46,1730,U002
E004665,A01418,Screen,Interview,2026-04-23 12:07:11,4665,U003
E002504,A00760,Offer,Hired,2026-04-23 12:59:35,2504,U003
E001251,A00382,Interview,Offer,2026-04-23 13:03:40,1251,U003
E004561,A01387,Applied,Screen,2026-04-23 14:32:13,4561,U003
E001749,A00537,Applied,Screen,2026-04-23 14:44:25,1749,U002
E001879,A00575,,Applied,2026-04-23 14:53:08,1879,U004
E001760,A00540,Applied,Screen,2026-04-23 15:15:51,1760,U004
E002555,A00777,Screen,Interview,2026-04-23 21:09:00,2555,U001
E001747,A00536,Interview,Rejected,2026-04-23 23:10:20,1747,U002
E003881,A01177,Screen,Interview,2026-04-23 23:46:03,3881,U004
E004724,A01436,,Applied,2026-04-24 03:28:44,4724,U003
E002023,A00618,Applied,Screen,2026-04-24 04:45:30,2023,U002
E000265,A00082,Applied,Rejected,2026-04-24 07:26:56,265,U003
E003905,A01185,,Applied,2026-04-24 07:35:54,3905,U004
E000415,A00130,,Applied,2026-04-24 07:54:53,415,U001
E004481,A01359,Applied,Screen,2026-04-24 08:56:16,4481,U001
E000825,A00257,,Applied,2026-04-24 09:13:00,825,U004
E002658,A00808,,Applied,2026-04-24 09:42:09,2658,U002
E002231,A00679,Applied,Screen,2026-04-24 10:36:52,2231,U003
E004169,A01261,Applied,Screen,2026-04-24 10:57:45,4169,U003
E000621,A00195,Applied,Screen,2026-04-24 12:03:44,621,U003
E000243,A00075,Screen,Rejected,2026-04-24 14:16:21,243,U003
E001983,A00607,Screen,Rejected,2026-04-24 14:36:23,1983,U001
E000397,A00123,,Applied,2026-04-24 15:01:59,397,U001
E001033,A00318,Screen,Rejected,2026-04-24 15:21:08,1033,U004
E004145,A01254,Applied,Rejected,2026-04-24 16:49:24,4145,U002
E001869,A00572,Applied,Screen,2026-04-24 17:52:46,1869,U003
E002175,A00662,Offer,Hired,2026-04-25 01:39:11,2175,U001
E001118,A00344,Interview,Offer,2026-04-25 02:47:08,1118,U004
E000618,A00194,,Applied,2026-04-25 03:06:25,618,U001
E004316,A01305,Applied,Screen,2026-04-25 03:31:05,4316,U003
E000048,A00017,Applied,Screen,2026-04-25 03:40:26,48,U002
E001303,A00398,Offer,Hired,2026-04-25 04:25:27,1303,U004
E002864,A00870,,Applied,2026-04-25 04:32:38,2864,U002
E002569,A00781,Applied,Screen,2026-04-25 05:45:38,2569,U001
E002918,A00884,Screen,Interview,2026-04-25 06:18:33,2918,U003
E003798,A01153,,Applied,2026-04-25 08:23:22,3798,U002
E001833,A00561,Interview,Offer,2026-04-25 08:26:25,1833,U004
E004108,A01241,Screen,Withdrawn,2026-04-25 10:21:32,4108,U003
E002694,A00820,Applied,Screen,2026-04-25 10:28:38,2694,U001
E002667,A00810,Interview,Offer,2026-04-25 12:38:34,2667,U004
E002970,A00899,Offer,Withdrawn,2026-04-25 13:56:05,2970,U001
E000284,A00089,,Applied,2026-04-25 14:56:45,284,U001
E001920,A00588,,Applied,2026-04-25 15:06:54,1920,U001
E004457,A01352,Applied,Screen,2026-04-25 16:00:45,4457,U004
E003181,A00964,Offer,Hired,2026-04-25 16:53:46,3181,U004
E000493,A00153,,Applied,2026-04-25 17:20:20,493,U003
E000945,A00292,,Applied,2026-04-25 18:09:31,945,U002
E001038,A00319,Offer,Hired,2026-04-25 18:17:52,1038,U001
E004666,A01418,Interview,Withdrawn,2026-04-25 20:07:11,4666,U004
E002292,A00699,Applied,Rejected,2026-04-25 21:28:15,2292,U002
E001550,A00474,Screen,Interview,2026-04-25 21:43:53,1550,U004
E000542,A00168,Applied,Screen,2026-04-25 22:40:38,542,U003
E002755,A00835,,Applied,2026-04-25 23:07:17,2755,U004
E002495,A00758,Interview,Offer,2026-04-25 23:21:47,2495,U003
E001919,A00587,Screen,Rejected,2026-04-25 23:31:41,1919,U004
E004651,A01413,Interview,Offer,2026-04-25 23:44:31,4651,U003
E003127,A00948,,Applied,2026-04-26 01:37:25,3127,U002
E002880,A00874,,Applied,2026-04-26 02:21:05,2880,U002
E003628,A01101,,Applied,2026-04-26 02:37:39,3628,U004
E003044,A00924,,Applied,2026-04-26 03:27:25,3044,U003
E003253,A00985,Screen,Interview,2026-04-26 03:38:26,3253,U001
E001477,A00450,,Applied,2026-04-26 03:38:47,1477,U003
E003717,A01127,Applied,Withdrawn,2026-04-26 04:10:42,3717,U001
E000205,A00065,Interview,Offer,2026-04-26 05:50:07,205,U003
E001252,A00383,,Applied,2026-04-26 06:51:03,1252,U004
E001012,A00312,Applied,Screen,2026-04-26 07:52:39,1012,U004
E000619,A00194,Applied,Withdrawn,2026-04-26 13:06:25,619,U003
E004157,A01258,Screen,Interview,2026-04-26 13:35:51,4157,U004
E001946,A00596,,Applied,2026-04-26 14:12:33,1946,U003
E001731,A00531,,Applied,2026-04-26 19:04:54,1731,U001
E000122,A00041,,Applied,2026-04-26 19:05:53,122,U001
E001221,A00374,Interview,Withdrawn,2026-04-26 21:50:43,1221,U001
E003921,A01190,,Applied,2026-04-26 22:21:22,3921,U002
E004096,A01238,,Applied,2026-04-26 23:42:15,4096,U001
E004141,A01252,Applied,Rejected,2026-04-27 00:31:51,4141,U001
E002322,A00709,,Applied,2026-04-27 06:22:37,2322,U004
E001756,A00539,,Applied,2026-04-27 06:58:11,1756,U003
E000646,A00201,Interview,Offer,2026-04-27 07:05:50,646,U003
E002166,A00660,Offer,Hired,2026-04-27 07:56:08,2166,U002
E002354,A00718,,Applied,2026-04-27 07:56:38,2354,U004
E002073,A00634,Applied,Screen,2026-04-27 08:25:57,2073,U002
E000906,A00280,,Applied,2026-04-27 08:51:51,906,U002
E004417,A01337,Screen,Rejected,2026-04-27 09:45:55,4417,U004
E001513,A00461,,Applied,2026-04-27 10:36:18,1513,U003
E001343,A00410,Interview,Offer,2026-04-27 10:42:22,1343,U002
E001490,A00454,,Applied,2026-04-27 10:43:32,1490,U002
E003974,A01205,,Applied,2026-04-27 11:06:53,3974,U002
E003702,A01122,Applied,Withdrawn,2026-04-27 11:26:41,3702,U003
E000206,A00065,Offer,Rejected,2026-04-27 11:50:07,206,U004
E001264,A00387,Applied,Rejected,2026-04-27 11:57:13,1264,U004
E004187,A01266,,Applied,2026-04-27 13:42:17,4187,U002
E004395,A01331,Applied,Screen,2026-04-27 14:49:50,4395,U003
E000525,A00163,,Applied,2026-04-27 14:50:57,525,U002
E000444,A00138,Screen,Interview,2026-04-27 15:48:13,444,U001
E002529,A00769,Screen,Withdrawn,2026-04-27 16:11:06,2529,U004
E003520,A01069,Applied,Screen,2026-04-27 18:47:06,3520,U002
E000901,A00279,,Applied,2026-04-27 20:23:09,901,U003
E001110,A00342,Applied,Screen,2026-04-27 20:23:48,1110,U002
E002188,A00666,Screen,Interview,2026-04-27 22:22:39,2188,U001
E000981,A00303,,Applied,2026-04-27 22:31:59,981,U002
E002947,A00894,,Applied,2026-04-27 23:53:39,2947,U004
E002139,A00652,Interview,Offer,2026-04-28 00:14:39,2139,U004
E002443,A00744,,Applied,2026-04-28 00:58:47,2443,U001
E002507,A00762,,Applied,2026-04-28 00:59:38,2507,U002
E004297,A01300,,Applied,2026-04-28 01:07:33,4297,U003
E004562,A01387,Screen,Interview,2026-04-28 01:32:13,4562,U002
E002925,A00886,Interview,Withdrawn,2026-04-28 01:53:11,2925,U004
E004273,A01291,Applied,Screen,2026-04-28 02:21:32,4273,U002
E002427,A00739,Applied,Screen,2026-04-28 03:11:10,2427,U001
E000549,A00170,Screen,Interview,2026-04-28 03:14:49,549,U001
E001121,A00345,Screen,Interview,2026-04-28 05:56:17,1121,U001
E004170,A01261,Screen,Withdrawn,2026-04-28 05:57:45,4170,U003
E001546,A00473,Applied,Screen,2026-04-28 06:51:28,1546,U001
E000964,A00297,Applied,Rejected,2026-04-28 07:36:07,964,U004
E000857,A00266,Screen,Interview,2026-04-28 07:39:15,857,U001
E000561,A00175,,Applied,2026-04-28 07:44:08,561,U003
E002952,A00895,,Applied,2026-04-28 08:56:59,2952,U001
E004602,A01399,,Applied,2026-04-28 09:37:58,4602,U002
E002095,A00640,,Applied,2026-04-28 10:09:26,2095,U004
E002440,A00742,Offer,Withdrawn,2026-04-28 11:35:56,2440,U001
E003512,A01067,,Applied,2026-04-28 13:09:39,3512,U001
E000583,A00183,,Applied,2026-04-28 14:02:24,583,U001
E000072,A00025,Applied,Screen,2026-04-28 14:13:16,72,U002
E003846,A01168,,Applied,2026-04-28 14:33:45,3846,U002
E000877,A00272,Applied,Screen,2026-04-28 14:58:16,877,U001
E002682,A00816,Applied,Screen,2026-04-28 16:14:19,2682,U001
E001083,A00334,,Applied,2026-04-28 16:39:38,1083,U002
E002677,A00815,,Applied,2026-04-28 17:32:46,2677,U003
E000095,A00032,,Applied,2026-04-28 17:54:12,95,U001
E003799,A01153,Applied,Withdrawn,2026-04-28 18:23:22,3799,U004
E000545,A00169,,Applied,2026-04-28 18:59:16,545,U001
E003386,A01025,,Applied,2026-04-28 19:14:19,3386,U004
E002069,A00633,Applied,Screen,2026-04-28 19:55:28,2069,U004
E004522,A01374,,Applied,2026-04-28 21:34:54,4522,U001
E001160,A00356,,Applied,2026-04-28 21:36:17,1160,U003
E001095,A00337,,Applied,2026-04-29 00:17:01,1095,U002
E002710,A00824,Applied,Screen,2026-04-29 01:15:43,2710,U003
E001200,A00369,,Applied,2026-04-29 03:49:25,1200,U003
E003381,A01023,,Applied,2026-04-29 04:59:41,3381,U002
E000869,A00270,,Applied,2026-04-29 05:16:09,869,U001
E002232,A00679,Screen,Withdrawn,2026-04-29 06:36:52,2232,U001
E001662,A00509,Interview,Rejected,2026-04-29 07:21:45,1662,U003
E001810,A00556,Applied,Screen,2026-04-29 08:18:43,1810,U004
E002904,A00881,,Applied,2026-04-29 08:28:39,2904,U003
E003026,A00919,,Applied,2026-04-29 09:22:43,3026,U004
E000159,A00052,Applied,Withdrawn,2026-04-29 09:54:15,159,U003
E002085,A00637,,Applied,2026-04-29 10:39:32,2085,U003
E004151,A01256,Interview,Offer,2026-04-29 13:29:06,4151,U003
E001169,A00359,,Applied,2026-04-29 13:31:27,1169,U004
E003045,A00924,Applied,Screen,2026-04-29 17:27:25,3045,U004
E001927,A00591,,Applied,2026-04-29 19:55:57,1927,U001
E000016,A00006,Interview,Withdrawn,2026-04-29 19:56:58,16,U002
E000832,A00259,,Applied,2026-04-29 21:14:58,832,U003
E003975,A01205,Applied,Screen,2026-04-29 22:06:53,3975,U002
E000982,A00303,Applied,Screen,2026-04-29 22:31:59,982,U002
E001399,A00426,Screen,Interview,2026-04-29 23:53:27,1399,U003
E001309,A00400,,Applied,2026-04-30 02:46:26,1309,U004
E000326,A00103,,Applied,2026-04-30 06:01:29,326,U001
E003998,A01211,,Applied,2026-04-30 06:03:22,3998,U002
E000017,A00007,,Applied,2026-04-30 07:36:33,17,U001
E002628,A00800,Interview,Offer,2026-04-30 10:35:19,2628,U002
E002659,A00808,Applied,Screen,2026-04-30 11:42:09,2659,U001
E002466,A00750,Screen,Interview,2026-04-30 12:28:20,2466,U003
E002355,A00718,Applied,Rejected,2026-04-30 13:56:38,2355,U001
E004773,A01450,Interview,Offer,2026-04-30 14:06:15,4773,U002
E003197,A00969,Applied,Withdrawn,2026-04-30 14:10:04,3197,U001
E003760,A01140,Applied,Screen,2026-04-30 14:30:58,3760,U003
E001132,A00348,Interview,Rejected,2026-04-30 15:02:59,1132,U004
E003461,A01050,,Applied,2026-04-30 17:14:23,3461,U004
E000562,A00175,Applied,Screen,2026-04-30 17:44:08,562,U004
E002444,A00744,Applied,Rejected,2026-04-30 17:58:47,2444,U004
E004532,A01377,Applied,Withdrawn,2026-04-30 18:07:24,4532,U002
E004278,A01293,Applied,Screen,2026-04-30 18:09:19,4278,U003
E000957,A00295,Applied,Screen,2026-04-30 18:11:29,957,U003
E002489,A00757,Applied,Screen,2026-04-30 19:47:13,2489,U002
E001585,A00485,Screen,Interview,2026-04-30 21:35:16,1585,U001
E001492,A00455,,Applied,2026-04-30 21:49:03,1492,U002
E004094,A01237,Interview,Offer,2026-04-30 22:53:04,4094,U002
E000659,A00205,Interview,Offer,2026-04-30 22:58:07,659,U003
E000647,A00201,Offer,Withdrawn,2026-04-30 23:05:50,647,U004
E004765,A01449,,Applied,2026-04-30 23:41:03,4765,U004
E004329,A01309,Applied,Rejected,2026-05-01 00:58:43,4329,U001
E000526,A00163,Applied,Withdrawn,2026-05-01 03:50:57,526,U002
E000430,A00133,Offer,Hired,2026-05-01 04:07:14,430,U001
E000155,A00051,,Applied,2026-05-01 05:04:24,155,U002
E002894,A00877,Screen,Interview,2026-05-01 05:06:52,2894,U002
E002899,A00879,,Applied,2026-05-01 05:30:15,2899,U004
E000259,A00080,,Applied,2026-05-01 10:36:19,259,U001
E004603,A01399,Applied,Withdrawn,2026-05-01 12:37:58,4603,U003
E002417,A00735,Interview,Offer,2026-05-01 13:30:14,2417,U002
E002881,A00874,Applied,Screen,2026-05-01 14:21:05,2881,U001
E001170,A00359,Applied,Rejected,2026-05-01 14:31:27,1170,U003
E004484,A01360,Applied,Screen,2026-05-01 15:12:35,4484,U002
E004631,A01406,Offer,Hired,2026-05-01 15:19:00,4631,U003
E001481,A00451,Screen,Interview,2026-05-01 15:50:38,1481,U001
E003348,A01014,,Applied,2026-05-01 16:00:30,3348,U003
E001414,A00431,,Applied,2026-05-01 18:24:46,1414,U001
E003855,A01171,,Applied,2026-05-01 19:27:24,3855,U002
E003761,A01140,Screen,Rejected,2026-05-01 20:30:58,3761,U003
E000340,A00108,Applied,Screen,2026-05-01 21:24:50,340,U003
E004087,A01235,,Applied,2026-05-01 21:49:12,4087,U004
E001201,A00369,Applied,Screen,2026-05-01 21:49:25,1201,U003
E000494,A00153,Applied,Rejected,2026-05-01 23:20:20,494,U002
E003370,A01020,,Applied,2026-05-02 05:57:59,3370,U001
E000169,A00055,Screen,Interview,2026-05-02 05:58:20,169,U004
E001112,A00343,,Applied,2026-05-02 06:00:51,1112,U003
E001588,A00486,,Applied,2026-05-02 07:41:50,1588,U001
E002467,A00750,Interview,Rejected,2026-05-02 08:28:20,2467,U004
E002185,A00665,Screen,Rejected,2026-05-02 08:49:48,2185,U004
E000946,A00292,Applied,Screen,2026-05-02 10:09:31,946,U004
E002328,A00710,Applied,Screen,2026-05-02 11:30:50,2328,U001
E001491,A00454,Applied,Withdrawn,2026-05-02 11:43:32,1491,U001
E000609,A00190,Applied,Rejected,2026-05-02 12:25:55,609,U001
E001126,A00346,Screen,Withdrawn,2026-05-02 12:37:03,1126,U004
E002770,A00840,,Applied,2026-05-02 13:18:30,2770,U002
E003922,A01190,Applied,Screen,2026-05-02 13:21:22,3922,U004
E002762,A00838,,Applied,2026-05-02 13:39:32,2762,U004
E003382,A01023,Applied,Withdrawn,2026-05-02 13:59:41,3382,U003
E002689,A00818,,Applied,2026-05-02 14:01:36,2689,U001
E002018,A00617,,Applied,2026-05-02 14:24:17,2018,U001
E002043,A00625,,Applied,2026-05-02 15:53:18,2043,U001
E000289,A00091,,Applied,2026-05-02 16:34:14,289,U004
E000783,A00245,Screen,Interview,2026-05-02 19:43:04,783,U001
E000288,A00090,Screen,Rejected,2026-05-02 20:25:20,288,U004
E000612,A00192,,Applied,2026-05-02 21:08:33,612,U002
E004046,A01222,Offer,Hired,2026-05-02 22:36:16,4046,U004
E003521,A01069,Screen,Withdrawn,2026-05-02 22:47:06,3521,U004
E002036,A00623,,Applied,2026-05-02 23:19:05,2036,U003
E002468,A00751,,Applied,2026-05-03 00:38:27,2468,U002
E004482,A01359,Screen,Withdrawn,2026-05-03 01:56:16,4482,U003
E000546,A00169,Applied,Rejected,2026-05-03 01:59:16,546,U001
E001524,A00465,,Applied,2026-05-03 02:14:05,1524,U002
E002192,A00668,,Applied,2026-05-03 02:29:24,2192,U004
E004655,A01415,,Applied,2026-05-03 02:30:13,4655,U001
E004563,A01387,Interview,Offer,2026-05-03 02:32:13,4563,U001
E002556,A00777,Interview,Offer,2026-05-03 03:09:00,2556,U001
E000972,A00299,Screen,Rejected,2026-05-03 04:27:30,972,U001
E001975,A00605,,Applied,2026-05-03 08:13:34,1975,U003
E000858,A00266,Interview,Offer,2026-05-03 08:39:15,858,U002
E001735,A00533,,Applied,2026-05-03 09:18:48,1735,U003
E000455,A00141,,Applied,2026-05-03 13:12:37,455,U004
E000209,A00066,Screen,Interview,2026-05-03 13:16:08,209,U003
E000043,A00016,,Applied,2026-05-03 14:03:43,43,U003
E001547,A00473,Screen,Rejected,2026-05-03 14:51:28,1547,U004
E002895,A00877,Interview,Withdrawn,2026-05-03 15:06:52,2895,U002
E002125,A00649,Applied,Screen,2026-05-03 16:16:21,2125,U003
E001626,A00499,,Applied,2026-05-03 16:37:12,1626,U003
E002086,A00637,Applied,Screen,2026-05-03 16:39:32,2086,U004
E000482,A00149,,Applied,2026-05-03 17:51:40,482,U002
E002391,A00728,,Applied,2026-05-03 19:00:39,2391,U004
E001369,A00418,,Applied,2026-05-03 20:29:29,1369,U003
E004725,A01436,Applied,Screen,2026-05-03 21:28:44,4725,U001
E002418,A00735,Offer,Rejected,2026-05-03 21:30:14,2418,U003
E003513,A01067,Applied,Screen,2026-05-03 22:09:39,3513,U002
E002905,A00881,Applied,Screen,2026-05-04 00:28:39,2905,U002
E000018,A00007,Applied,Withdrawn,2026-05-04 00:36:33,18,U003
E001243,A00381,,Applied,2026-05-04 03:19:53,1243,U001
E000628,A00196,Interview,Rejected,2026-05-04 03:48:04,628,U001
E003464,A01051,,Applied,2026-05-04 03:50:04,3464,U002
E002948,A00894,Applied,Screen,2026-05-04 04:53:39,2948,U004
E004220,A01276,,Applied,2026-05-04 07:32:56,4220,U002
E003128,A00948,Applied,Screen,2026-05-04 07:37:25,3128,U003
E004131,A01249,Applied,Screen,2026-05-04 09:45:14,4131,U001
E004387,A01328,,Applied,2026-05-04 12:00:00,4387,U003
E004097,A01238,Applied,Screen,2026-05-04 13:42:15,4097,U001
E000401,A00125,,Applied,2026-05-04 14:06:56,401,U001
E002690,A00818,Applied,Withdrawn,2026-05-04 15:01:36,2690,U002
E002515,A00765,,Applied,2026-05-04 15:54:50,2515,U003
E000745,A00234,Screen,Interview,2026-05-04 15:55:39,745,U002
E003009,A00913,Applied,Screen,2026-05-04 16:59:25,3009,U004
E000398,A00123,Applied,Withdrawn,2026-05-04 17:01:59,398,U001
E002756,A00835,Applied,Withdrawn,2026-05-04 17:07:17,2756,U003
E001651,A00506,Applied,Screen,2026-05-04 17:31:27,1651,U004
E002683,A00816,Screen,Rejected,2026-05-04 18:14:19,2683,U003
E002323,A00709,Applied,Screen,2026-05-04 18:22:37,2323,U003
E002096,A00640,Applied,Screen,2026-05-04 20:09:26,2096,U001
E001277,A00391,Applied,Screen,2026-05-04 20:28:31,1277,U001
E003148,A00954,Applied,Screen,2026-05-04 20:38:24,3148,U002
E002706,A00823,,Applied,2026-05-04 23:37:28,2706,U002
E000001,A00001,,Applied,2026-05-05 00:00:06,1,U004
E002352,A00717,Interview,Offer,2026-05-05 01:34:15,2352,U003
E001921,A00588,Applied,Rejected,2026-05-05 02:06:54,1921,U003
E004247,A01283,,Applied,2026-05-05 04:43:06,4247,U002
E000675,A00211,,Applied,2026-05-05 05:59:17,675,U002
E003211,A00973,Interview,Offer,2026-05-05 06:07:35,3211,U001
E000716,A00224,,Applied,2026-05-05 06:38:02,716,U001
E002469,A00751,Applied,Screen,2026-05-05 06:38:27,2469,U002
E000774,A00242,Applied,Withdrawn,2026-05-05 07:34:06,774,U003
E003071,A00932,Applied,Screen,2026-05-05 08:25:05,3071,U003
E002737,A00830,Offer,Hired,2026-05-05 09:17:58,2737,U004
E001293,A00396,,Applied,2026-05-05 09:42:06,1293,U003
E004305,A01302,Screen,Interview,2026-05-05 09:46:43,4305,U002
E002938,A00891,,Applied,2026-05-05 10:51:23,2938,U004
E003245,A00983,,Applied,2026-05-05 14:23:23,3245,U002
E002865,A00870,Applied,Screen,2026-05-05 14:32:38,2865,U001
E000616,A00193,,Applied,2026-05-05 15:15:45,616,U002
E000224,A00070,Screen,Interview,2026-05-05 16:09:11,224,U004
E003254,A00985,Interview,Offer,2026-05-05 17:38:26,3254,U004
E003914,A01187,Applied,Screen,2026-05-05 19:08:06,3914,U002
E001943,A00595,,Applied,2026-05-05 19:15:58,1943,U004
E002181,A00664,Applied,Screen,2026-05-05 19:34:00,2181,U002
E001084,A00334,Applied,Screen,2026-05-05 19:39:38,1084,U004
E002885,A00875,Applied,Screen,2026-05-05 21:34:34,2885,U004
E001843,A00565,Applied,Screen,2026-05-05 22:11:51,1843,U001
E004158,A01258,Interview,Offer,2026-05-05 23:35:51,4158,U001
E004112,A01243,,Applied,2026-05-06 00:08:19,4112,U004
E003462,A01050,Applied,Screen,2026-05-06 00:14:23,3462,U003
E002048,A00626,,Applied,2026-05-06 01:15:20,2048,U001
E002337,A00713,,Applied,2026-05-06 02:02:13,2337,U004
E001354,A00414,,Applied,2026-05-06 03:27:49,1354,U004
E000576,A00180,,Applied,2026-05-06 04:17:53,576,U004
E002238,A00681,,Applied,2026-05-06 04:55:38,2238,U002
E000932,A00288,,Applied,2026-05-06 05:44:43,932,U002
E001122,A00345,Interview,Offer,2026-05-06 05:56:17,1122,U001
E004546,A01382,,Applied,2026-05-06 07:19:31,4546,U001
E001161,A00356,Applied,Withdrawn,2026-05-06 07:36:17,1161,U002
E002428,A00739,Screen,Withdrawn,2026-05-06 08:11:10,2428,U001
E001710,A00525,Applied,Screen,2026-05-06 08:52:38,1710,U002
E003154,A00956,,Applied,2026-05-06 09:51:36,3154,U003
E003259,A00987,,Applied,2026-05-06 10:07:31,3259,U003
E003679,A01116,,Applied,2026-05-06 11:21:06,3679,U003
E004645,A01412,,Applied,2026-05-06 12:57:20,4645,U001
E002152,A00657,Applied,Screen,2026-05-06 13:11:39,2152,U001
E001330,A00408,,Applied,2026-05-06 15:07:43,1330,U003
E000049,A00017,Screen,Interview,2026-05-06 15:40:26,49,U004
E003159,A00958,Applied,Screen,2026-05-06 16:41:57,3159,U002
E000563,A00175,Screen,Interview,2026-05-06 18:44:08,563,U002
E001880,A00575,Applied,Screen,2026-05-06 19:53:08,1880,U002
E004476,A01358,,Applied,2026-05-06 20:20:31,4476,U001
E000469,A00145,Applied,Screen,2026-05-06 20:50:11,469,U002
E002656,A00807,Interview,Offer,2026-05-06 21:31:53,2656,U002
E001976,A00605,Applied,Screen,2026-05-06 23:13:34,1976,U004
E004188,A01266,Applied,Screen,2026-05-06 23:42:17,4188,U001
E004351,A01316,Applied,Screen,2026-05-07 00:10:29,4351,U002
E000416,A00130,Applied,Screen,2026-05-07 00:54:53,416,U001
E000225,A00070,Interview,Withdrawn,2026-05-07 02:09:11,225,U002
E003326,A01008,,Applied,2026-05-07 03:14:24,3326,U002
E002490,A00757,Screen,Interview,2026-05-07 04:47:13,2490,U003
E000156,A00051,Applied,Screen,2026-05-07 07:04:24,156,U003
E003349,A01014,Applied,Rejected,2026-05-07 09:00:30,3349,U003
E001586,A00485,Interview,Offer,2026-05-07 09:35:16,1586,U004
E000986,A00304,,Applied,2026-05-07 09:44:23,986,U001
E000491,A00152,,Applied,2026-05-07 11:29:21,491,U002
E001310,A00400,Applied,Screen,2026-05-07 11:46:26,1310,U001
E004428,A01342,,Applied,2026-05-07 12:04:32,4428,U001
E000978,A00302,,Applied,2026-05-07 12:32:12,978,U004
E001514,A00461,Applied,Screen,2026-05-07 13:36:18,1514,U001
E003217,A00975,,Applied,2026-05-07 15:38:52,3217,U001
E002179,A00663,Interview,Offer,2026-05-07 15:58:08,2179,U001
E001113,A00343,Applied,Screen,2026-05-07 16:00:51,1113,U003
E004054,A01225,,Applied,2026-05-07 16:23:33,4054,U002
E003010,A00913,Screen,Interview,2026-05-07 16:59:25,3010,U003
E000367,A00114,Offer,Hired,2026-05-07 17:14:56,367,U003
E003137,A00951,,Applied,2026-05-07 17:45:44,3137,U002
E000191,A00062,,Applied,2026-05-07 18:10:36,191,U003
E003474,A01055,,Applied,2026-05-07 18:12:51,3474,U004
E001652,A00506,Screen,Rejected,2026-05-07 18:31:27,1652,U003
E002570,A00781,Screen,Interview,2026-05-07 18:45:38,2570,U003
E003916,A01188,,Applied,2026-05-07 19:25:26,3916,U001
E001400,A00426,Interview,Offer,2026-05-07 19:53:27,1400,U001
E002024,A00618,Screen,Interview,2026-05-07 20:45:30,2024,U004
E000833,A00259,Applied,Rejected,2026-05-07 21:14:58,833,U003
E000911,A00281,,Applied,2026-05-07 21:25:51,911,U003
E004332,A01311,,Applied,2026-05-07 21:27:57,4332,U002
E004485,A01360,Screen,Withdrawn,2026-05-07 22:12:35,4485,U003
E001633,A00501,,Applied,2026-05-07 22:26:47,1633,U002
E001761,A00540,Screen,Withdrawn,2026-05-07 23:15:51,1761,U004
E003668,A01112,,Applied,2026-05-07 23:45:04,3668,U002
E000349,A00111,,Applied,2026-05-08 02:44:51,349,U004
E000907,A00280,Applied,Screen,2026-05-08 04:51:51,907,U004
E000285,A00089,Applied,Rejected,2026-05-08 04:56:45,285,U002
E002392,A00728,Applied,Screen,2026-05-08 06:00:39,2392,U003
E004458,A01352,Screen,Interview,2026-05-08 08:00:45,4458,U001
E000884,A00274,Applied,Screen,2026-05-08 08:16:10,884,U003
E004159,A01258,Offer,Withdrawn,2026-05-08 08:35:51,4159,U001
E001326,A00406,,Applied,2026-05-08 09:12:17,1326,U002
E002189,A00666,Interview,Rejected,2026-05-08 10:22:39,2189,U004
E004523,A01374,Applied,Screen,2026-05-08 10:34:54,4523,U002
E002786,A00845,,Applied,2026-05-08 10:57:56,2786,U001
E000933,A00288,Applied,Withdrawn,2026-05-08 13:44:43,933,U004
E000358,A00112,Offer,Hired,2026-05-08 14:06:01,358,U003
E003976,A01205,Screen,Withdrawn,2026-05-08 14:06:53,3976,U001
E003808,A01156,,Applied,2026-05-08 14:51:36,3808,U003
E000622,A00195,Screen,Interview,2026-05-08 16:03:44,622,U001
E001844,A00565,Screen,Interview,2026-05-08 16:11:51,1844,U001
E002019,A00617,Applied,Screen,2026-05-08 16:24:17,2019,U003
E002901,A00880,,Applied,2026-05-08 16:44:38,2901,U002
E000934,A00289,,Applied,2026-05-08 17:26:33,934,U001
E004061,A01228,,Applied,2026-05-08 18:01:12,4061,U003
E003856,A01171,Applied,Screen,2026-05-08 19:27:24,3856,U002
E000073,A00025,Screen,Interview,2026-05-08 20:13:16,73,U003
E002919,A00884,Interview,Withdrawn,2026-05-08 21:18:33,2919,U002
E001673,A00513,Applied,Screen,2026-05-08 21:24:16,1673,U001
E001881,A00575,Screen,Interview,2026-05-08 21:53:08,1881,U003
E000577,A00180,Applied,Rejected,2026-05-08 22:17:53,577,U004
E001515,A00461,Screen,Withdrawn,2026-05-09 00:36:18,1515,U004
E003909,A01186,,Applied,2026-05-09 02:00:51,3909,U003
E003514,A01067,Screen,Interview,2026-05-09 03:09:39,3514,U004
E003915,A01187,Screen,Rejected,2026-05-09 05:08:06,3915,U002
E003062,A00929,Offer,Hired,2026-05-09 05:54:23,3062,U004
E001757,A00539,Applied,Screen,2026-05-09 06:58:11,1757,U003
E001106,A00340,Offer,Hired,2026-05-09 07:19:50,1106,U004
E000983,A00303,Screen,Interview,2026-05-09 08:31:59,983,U001
E004477,A01358,Applied,Screen,2026-05-09 09:20:31,4477,U004
E002338,A00713,Applied,Rejected,2026-05-09 10:02:13,2338,U001
E004547,A01382,Applied,Rejected,2026-05-09 10:19:31,4547,U002
E001393,A00425,,Applied,2026-05-09 10:21:04,1393,U001
E000826,A00257,Applied,Screen,2026-05-09 11:13:00,826,U004
E000958,A00295,Screen,Interview,2026-05-09 12:11:29,958,U002
E002329,A00710,Screen,Rejected,2026-05-09 12:30:50,2329,U003
E004317,A01305,Screen,Withdrawn,2026-05-09 12:31:05,4317,U004
E001732,A00531,Applied,Rejected,2026-05-09 13:04:54,1732,U001
E001865,A00571,,Applied,2026-05-09 13:09:23,1865,U003
E004279,A01293,Screen,Rejected,2026-05-09 14:09:19,4279,U002
E001551,A00474,Interview,Offer,2026-05-09 14:43:53,1551,U003
E002278,A00694,,Applied,2026-05-09 14:52:00,2278,U001
E003123,A00947,,Applied,2026-05-09 16:13:38,3123,U001
E000170,A00055,Interview,Offer,2026-05-09 17:58:20,170,U004
E000483,A00149,Applied,Screen,2026-05-09 19:51:40,483,U001
E000074,A00025,Interview,Rejected,2026-05-09 20:13:16,74,U002
E001111,A00342,Screen,Withdrawn,2026-05-09 20:23:48,1111,U002
E000254,A00079,,Applied,2026-05-09 21:33:21,254,U002
E001253,A00383,Applied,Rejected,2026-05-09 23:51:03,1253,U001
E001096,A00337,Applied,Rejected,2026-05-10 01:17:01,1096,U004
E000028,A00011,,Applied,2026-05-10 03:21:15,28,U001
E004218,A01275,,Applied,2026-05-10 03:57:01,4218,U004
E002771,A00840,Applied,Withdrawn,2026-05-10 04:18:30,2771,U002
E002182,A00664,Screen,Withdrawn,2026-05-10 04:34:00,2182,U001
E001478,A00450,Applied,Withdrawn,2026-05-10 05:38:47,1478,U002
E003944,A01197,,Applied,2026-05-10 06:01:35,3944,U001
E002398,A00730,,Applied,2026-05-10 06:17:18,2398,U001
E003330,A01009,,Applied,2026-05-10 06:26:46,3330,U003
E003396,A01028,Interview,Offer,2026-05-10 07:16:36,3396,U004
E000902,A00279,Applied,Screen,2026-05-10 07:23:09,902,U004
E001013,A00312,Screen,Interview,2026-05-10 08:52:39,1013,U002
E001947,A00596,Applied,Screen,2026-05-10 09:12:33,1947,U001
E000210,A00066,Interview,Rejected,2026-05-10 09:16:08,210,U004
E001674,A00513,Screen,Withdrawn,2026-05-10 09:24:16,1674,U003
E003046,A00924,Screen,Withdrawn,2026-05-10 09:27:25,3046,U001
E001627,A00499,Applied,Screen,2026-05-10 09:37:12,1627,U004
E000878,A00272,Screen,Interview,2026-05-10 09:58:16,878,U001
E002900,A00879,Applied,Rejected,2026-05-10 10:30:15,2900,U003
E000919,A00283,,Applied,2026-05-10 10:41:23,919,U003
E004340,A01312,Interview,Offer,2026-05-10 13:50:33,4340,U004
E000840,A00262,Applied,Screen,2026-05-10 15:05:55,840,U003
E001419,A00433,,Applied,2026-05-10 15:24:28,1419,U004
E001370,A00418,Applied,Screen,2026-05-10 15:29:29,1370,U002
E003603,A01094,,Applied,2026-05-10 15:35:04,3603,U003
E000930,A00287,,Applied,2026-05-10 15:49:01,930,U004
E001634,A00501,Applied,Screen,2026-05-10 17:26:47,1634,U004
E000445,A00138,Interview,Offer,2026-05-10 18:48:13,445,U001
E004590,A01395,,Applied,2026-05-10 19:44:11,4590,U002
E001114,A00343,Screen,Rejected,2026-05-10 20:00:51,1114,U003
E000107,A00036,,Applied,2026-05-10 20:59:44,107,U002
E000584,A00183,Applied,Screen,2026-05-10 22:02:24,584,U004
E004109,A01242,,Applied,2026-05-10 23:10:31,4109,U003
E003260,A00987,Applied,Screen,2026-05-11 00:07:31,3260,U003
E000075,A00026,,Applied,2026-05-11 01:49:44,75,U002
E003999,A01211,Applied,Screen,2026-05-11 02:03:22,3999,U001
E004274,A01291,Screen,Withdrawn,2026-05-11 02:21:32,4274,U003
E000456,A00141,Applied,Rejected,2026-05-11 03:12:37,456,U001
E001928,A00591,Applied,Screen,2026-05-11 03:55:57,1928,U004
E004774,A01450,Offer,Rejected,2026-05-11 06:06:15,4774,U003
E003680,A01116,Applied,Screen,2026-05-11 06:21:06,3680,U003
E001656,A00508,,Applied,2026-05-11 07:24:48,1656,U004
E000215,A00068,Applied,Screen,2026-05-11 07:57:24,215,U002
E000484,A00149,Screen,Rejected,2026-05-11 08:51:40,484,U003
E003212,A00973,Offer,Rejected,2026-05-11 10:07:35,3212,U002
E004298,A01300,Applied,Screen,2026-05-11 11:07:33,4298,U003
E003072,A00932,Screen,Interview,2026-05-11 12:25:05,3072,U003
E002074,A00634,Screen,Withdrawn,2026-05-11 12:25:57,2074,U004
E001614,A00494,Applied,Screen,2026-05-11 12:36:25,1614,U002
E002240,A00682,,Applied,2026-05-11 13:14:09,2240,U002
E002324,A00709,Screen,Interview,2026-05-11 13:22:37,2324,U002
E002660,A00808,Screen,Rejected,2026-05-11 13:42:09,2660,U004
E001525,A00465,Applied,Rejected,2026-05-11 17:14:05,1525,U002
E001750,A00537,Screen,Interview,2026-05-11 17:44:25,1750,U003
E001971,A00604,Applied,Screen,2026-05-11 17:54:10,1971,U003
E004459,A01352,Interview,Withdrawn,2026-05-11 18:00:45,4459,U003
E000623,A00195,Interview,Offer,2026-05-11 18:03:44,623,U003
E000987,A00304,Applied,Withdrawn,2026-05-11 18:44:23,987,U001
E000859,A00266,Offer,Withdrawn,2026-05-11 19:39:15,859,U004
E003629,A01101,Applied,Screen,2026-05-11 20:37:39,3629,U002
E001496,A00457,,Applied,2026-05-11 22:52:14,1496,U003
E004580,A01393,,Applied,2026-05-12 01:20:13,4580,U004
E001519,A00462,Interview,Offer,2026-05-12 01:41:00,1519,U003
E002146,A00655,,Applied,2026-05-12 02:31:23,2146,U003
E001493,A00455,Applied,Rejected,2026-05-12 04:49:03,1493,U002
E004633,A01407,Applied,Screen,2026-05-12 05:14:27,4633,U003
E002393,A00728,Screen,Interview,2026-05-12 06:00:39,2393,U004
E002896,A00878,,Applied,2026-05-12 06:14:11,2896,U004
E000002,A00001,Applied,Withdrawn,2026-05-12 07:00:06,2,U004
E003438,A01043,,Applied,2026-05-12 07:49:34,3438,U001
E002017,A00616,Offer,Hired,2026-05-12 07:50:02,2017,U001
E000550,A00170,Interview,Offer,2026-05-12 08:14:49,550,U004
E001864,A00570,Offer,Hired,2026-05-12 08:16:32,1864,U004
E003500,A01063,,Applied,2026-05-12 08:18:17,3500,U004
E004341,A01312,Offer,Rejected,2026-05-12 08:50:33,4341,U004
E003784,A01149,,Applied,2026-05-12 09:03:04,3784,U001
E001845,A00565,Interview,Offer,2026-05-12 09:11:51,1845,U001
E000717,A00224,Applied,Screen,2026-05-12 10:38:02,717,U002
E002823,A00856,,Applied,2026-05-12 11:06:06,2823,U004
E002516,A00765,Applied,Screen,2026-05-12 11:54:50,2516,U004
E004178,A01264,,Applied,2026-05-12 12:03:32,4178,U001
E000564,A00175,Interview,Rejected,2026-05-12 12:44:08,564,U004
E003246,A00983,Applied,Screen,2026-05-12 15:23:23,3246,U002
E004088,A01235,Applied,Withdrawn,2026-05-12 15:49:12,4088,U003
E000029,A00011,Applied,Withdrawn,2026-05-12 16:21:15,29,U004
E000402,A00125,Applied,Screen,2026-05-12 17:06:56,402,U002
E002942,A00893,,Applied,2026-05-12 17:33:29,2942,U001
E003831,A01163,,Applied,2026-05-12 17:40:26,3831,U001
E002508,A00762,Applied,Screen,2026-05-12 17:59:38,2508,U001
E003882,A01177,Interview,Offer,2026-05-12 18:46:03,3882,U004
E003301,A01000,,Applied,2026-05-12 20:06:28,3301,U001
E000554,A00172,,Applied,2026-05-12 20:36:32,554,U001
E002959,A00897,,Applied,2026-05-12 20:52:45,2959,U001
E000096,A00032,Applied,Screen,2026-05-12 21:54:12,96,U003
E004306,A01302,Interview,Offer,2026-05-12 22:46:43,4306,U004
E000829,A00258,Applied,Screen,2026-05-12 23:02:52,829,U003
E003847,A01168,Applied,Screen,2026-05-12 23:33:45,3847,U002
E002930,A00888,,Applied,2026-05-12 23:41:41,2930,U004
E002566,A00780,,Applied,2026-05-13 01:35:25,2566,U002
E003149,A00954,Screen,Interview,2026-05-13 01:38:24,3149,U003
E003669,A01112,Applied,Screen,2026-05-13 02:45:04,3669,U003
E004267,A01290,,Applied,2026-05-13 03:08:09,4267,U004
E002816,A00854,,Applied,2026-05-13 03:31:59,2816,U003
E000775,A00243,,Applied,2026-05-13 04:20:29,775,U002
E001929,A00591,Screen,Interview,2026-05-13 04:55:57,1929,U002
E002789,A00846,,Applied,2026-05-13 05:39:41,2789,U001
E000784,A00245,Interview,Offer,2026-05-13 05:43:04,784,U004
E004221,A01276,Applied,Screen,2026-05-13 07:32:56,4221,U001
E000350,A00111,Applied,Screen,2026-05-13 08:44:51,350,U003
E004604,A01400,,Applied,2026-05-13 09:17:57,4604,U003
E003917,A01188,Applied,Screen,2026-05-13 09:25:26,3917,U003
E004568,A01389,,Applied,2026-05-13 13:25:13,4568,U001
E003387,A01025,Applied,Withdrawn,2026-05-13 14:14:19,3387,U003
E003163,A00960,,Applied,2026-05-13 15:29:42,3163,U003
E001635,A00501,Screen,Rejected,2026-05-13 17:26:47,1635,U001
E001321,A00405,,Applied,2026-05-13 17:31:36,1321,U004
E000676,A00211,Applied,Withdrawn,2026-05-13 18:59:17,676,U003
E001615,A00494,Screen,Withdrawn,2026-05-13 20:36:25,1615,U001
E001811,A00556,Screen,Interview,2026-05-13 21:18:43,1811,U001
E003857,A01171,Screen,Interview,2026-05-13 21:27:24,3857,U003
E000470,A00145,Screen,Interview,2026-05-13 21:50:11,470,U001
E001870,A00572,Screen,Interview,2026-05-13 21:52:46,1870,U002
E002939,A00891,Applied,Rejected,2026-05-13 22:51:23,2939,U001
E002070,A00633,Screen,Interview,2026-05-13 22:55:28,2070,U003
E002341,A00715,,Applied,2026-05-14 00:29:24,2341,U002
E003232,A00979,,Applied,2026-05-14 00:44:45,3232,U002
E001736,A00533,Applied,Rejected,2026-05-14 01:18:48,1736,U004
E003604,A01094,Applied,Screen,2026-05-14 01:35:04,3604,U003
E004132,A01249,Screen,Interview,2026-05-14 02:45:14,4132,U001
E004646,A01412,Applied,Screen,2026-05-14 02:57:20,4646,U001
E004524,A01374,Screen,Withdrawn,2026-05-14 05:34:54,4524,U003
E004585,A01394,,Applied,2026-05-14 06:10:54,4585,U004
E001930,A00591,Interview,Withdrawn,2026-05-14 06:55:57,1930,U003
E000841,A00262,Screen,Interview,2026-05-14 07:05:55,841,U004
E000255,A00079,Applied,Screen,2026-05-14 07:33:21,255,U001
E002519,A00766,,Applied,2026-05-14 07:39:43,2519,U003
E001328,A00407,,Applied,2026-05-14 07:53:33,1328,U003
E002126,A00649,Screen,Rejected,2026-05-14 12:16:21,2126,U001
E001143,A00351,Offer,Hired,2026-05-14 12:16:29,1143,U004
E000543,A00168,Screen,Interview,2026-05-14 14:40:38,543,U002
E003874,A01176,,Applied,2026-05-14 16:34:35,3874,U004
E002239,A00681,Applied,Withdrawn,2026-05-14 16:55:38,2239,U004
E001420,A00433,Applied,Screen,2026-05-14 18:24:28,1420,U001
E004098,A01238,Screen,Rejected,2026-05-14 18:42:15,4098,U003
E003124,A00947,Applied,Screen,2026-05-14 19:13:38,3124,U002
E003891,A01181,,Applied,2026-05-14 21:12:00,3891,U001
E002020,A00617,Screen,Interview,2026-05-14 21:24:17,2020,U003
E003432,A01040,,Applied,2026-05-14 21:28:27,3432,U004
E004705,A01431,,Applied,2026-05-14 22:05:32,4705,U004
E002943,A00893,Applied,Screen,2026-05-14 22:33:29,2943,U001
E000249,A00078,,Applied,2026-05-14 22:57:56,249,U004
E002143,A00654,,Applied,2026-05-14 22:59:56,2143,U002
E003906,A01185,Applied,Screen,2026-05-15 00:35:54,3906,U001
E001948,A00596,Screen,Withdrawn,2026-05-15 01:12:33,1948,U002
E002394,A00728,Interview,Offer,2026-05-15 02:00:39,2394,U001
E001707,A00524,,Applied,2026-05-15 03:11:55,1707,U002
E001482,A00451,Interview,Offer,2026-05-15 03:50:38,1482,U004
E000702,A00219,Screen,Interview,2026-05-15 04:01:39,702,U003
E004118,A01245,,Applied,2026-05-15 05:53:52,4118,U003
E004202,A01270,,Applied,2026-05-15 06:10:53,4202,U002
E002906,A00881,Screen,Interview,2026-05-15 06:28:39,2906,U001
E003813,A01158,,Applied,2026-05-15 06:37:25,3813,U001
E003945,A01197,Applied,Screen,2026-05-15 07:01:35,3945,U003
E002678,A00815,Applied,Screen,2026-05-15 07:32:46,2678,U003
E000737,A00232,,Applied,2026-05-15 07:55:06,737,U003
E000123,A00041,Applied,Screen,2026-05-15 10:05:53,123,U001
E001415,A00431,Applied,Screen,2026-05-15 10:24:46,1415,U003
E004652,A01413,Offer,Hired,2026-05-15 10:44:31,4652,U002
E000098,A00033,,Applied,2026-05-15 11:26:04,98,U002
E003792,A01151,,Applied,2026-05-15 13:01:17,3792,U001
E000696,A00218,,Applied,2026-05-15 16:18:35,696,U004
E002087,A00637,Screen,Withdrawn,2026-05-15 17:39:32,2087,U003
E004062,A01228,Applied,Screen,2026-05-15 19:01:12,4062,U003
E003073,A00932,Interview,Offer,2026-05-15 19:25:05,3073,U001
E002695,A00820,Screen,Interview,2026-05-15 20:28:38,2695,U004
E002211,A00674,,Applied,2026-05-15 20:48:34,2211,U002
E002080,A00636,,Applied,2026-05-15 21:17:22,2080,U002
E002193,A00668,Applied,Screen,2026-05-15 21:29:24,2193,U003
E002949,A00894,Screen,Interview,2026-05-15 21:53:39,2949,U003
E004396,A01331,Screen,Interview,2026-05-16 01:49:50,4396,U003
E002021,A00617,Interview,Withdrawn,2026-05-16 02:24:17,2021,U001
E001589,A00486,Applied,Rejected,2026-05-16 02:41:50,1589,U004
E002221,A00677,,Applied,2026-05-16 02:59:08,2221,U001
E000935,A00289,Applied,Screen,2026-05-16 03:26:33,935,U002
E001846,A00565,Offer,Rejected,2026-05-16 05:11:51,1846,U003
E002763,A00838,Applied,Screen,2026-05-16 05:39:32,2763,U002
E001578,A00484,,Applied,2026-05-16 05:50:59,1578,U002
E003155,A00956,Applied,Withdrawn,2026-05-16 05:51:36,3155,U001
E003443,A01044,,Applied,2026-05-16 06:42:27,3443,U002
E001977,A00605,Screen,Rejected,2026-05-16 07:13:34,1977,U003
E002032,A00621,,Applied,2026-05-16 07:24:40,2032,U001
E000735,A00231,,Applied,2026-05-16 08:09:26,735,U003
E000613,A00192,Applied,Screen,2026-05-16 09:08:33,613,U001
E000100,A00034,,Applied,2026-05-16 10:21:06,100,U001
E004133,A01249,Interview,Offer,2026-05-16 10:45:14,4133,U004
E000327,A00103,Applied,Screen,2026-05-16 12:01:29,327,U004
E002588,A00787,,Applied,2026-05-16 13:01:21,2588,U001
E002567,A00780,Applied,Withdrawn,2026-05-16 14:35:25,2567,U002
E002037,A00623,Applied,Screen,2026-05-16 16:19:05,2037,U003
E004219,A01275,Applied,Rejected,2026-05-16 16:57:01,4219,U003
E000885,A00274,Screen,Interview,2026-05-16 17:16:10,885,U002
E003324,A01007,,Applied,2026-05-16 17:17:30,3324,U002
E002044,A00625,Applied,Screen,2026-05-16 17:53:18,2044,U002
E000761,A00239,,Applied,2026-05-16 18:04:51,761,U003
E003397,A01028,Offer,Withdrawn,2026-05-16 19:16:36,3397,U004
E004591,A01395,Applied,Screen,2026-05-16 19:44:11,4591,U003
E004213,A01273,,Applied,2026-05-16 21:01:03,4213,U002
E003640,A01104,,Applied,2026-05-16 22:01:25,3640,U001
E004614,A01403,,Applied,2026-05-16 22:09:27,4614,U004
E001311,A00400,Screen,Withdrawn,2026-05-16 22:46:26,1311,U004
E001630,A00500,,Applied,2026-05-16 22:48:48,1630,U004
E000492,A00152,Applied,Rejected,2026-05-16 23:29:21,492,U004
E002657,A00807,Offer,Rejected,2026-05-16 23:31:53,2657,U004
E002707,A00823,Applied,Screen,2026-05-16 23:37:28,2707,U003
E000617,A00193,Applied,Withdrawn,2026-05-17 00:15:45,617,U003
E002049,A00626,Applied,Withdrawn,2026-05-17 04:15:20,2049,U004
E004189,A01266,Screen,Interview,2026-05-17 05:42:17,4189,U001
E003858,A01171,Interview,Offer,2026-05-17 07:27:24,3858,U001
E002748,A00833,,Applied,2026-05-17 08:02:47,2748,U002
E004634,A01407,Screen,Rejected,2026-05-17 08:14:27,4634,U003
E002714,A00825,,Applied,2026-05-17 09:22:50,2714,U001
E004333,A01311,Applied,Screen,2026-05-17 12:27:57,4333,U002
E003848,A01168,Screen,Interview,2026-05-17 12:33:45,3848,U002
E000947,A00292,Screen,Interview,2026-05-17 14:09:31,947,U004
E000776,A00243,Applied,Screen,2026-05-17 15:20:29,776,U004
E002858,A00868,,Applied,2026-05-17 16:41:40,2858,U001
E004113,A01243,Applied,Screen,2026-05-17 17:08:19,4113,U004
E001708,A00524,Applied,Withdrawn,2026-05-17 17:11:55,1708,U001
E003011,A00913,Interview,Rejected,2026-05-17 19:59:25,3011,U004
E000870,A00270,Applied,Screen,2026-05-17 22:16:09,870,U001
E003814,A01158,Applied,Screen,2026-05-17 22:37:25,3814,U003
E000740,A00233,,Applied,2026-05-17 23:02:32,740,U003
E003475,A01055,Applied,Withdrawn,2026-05-18 00:12:51,3475,U002
E001368,A00417,Offer,Hired,2026-05-18 00:13:48,1368,U001
E002708,A00823,Screen,Withdrawn,2026-05-18 00:37:28,2708,U002
E003522,A01070,,Applied,2026-05-18 02:00:09,3522,U001
E000157,A00051,Screen,Withdrawn,2026-05-18 02:04:24,157,U004
E003463,A01050,Screen,Rejected,2026-05-18 02:14:23,3463,U001
E002907,A00881,Interview,Offer,2026-05-18 02:28:39,2907,U002
E001107,A00341,,Applied,2026-05-18 03:57:24,1107,U001
E002661,A00809,,Applied,2026-05-18 04:00:57,2661,U002
E003465,A01051,Applied,Withdrawn,2026-05-18 04:50:04,3465,U002
E003748,A01137,,Applied,2026-05-18 07:15:04,3748,U003
E001029,A00317,,Applied,2026-05-18 07:20:57,1029,U001
E004248,A01283,Applied,Withdrawn,2026-05-18 09:43:06,4248,U001
E001552,A00474,Offer,Rejected,2026-05-18 09:43:53,1552,U004
E004066,A01230,,Applied,2026-05-18 11:42:06,4066,U003
E001497,A00457,Applied,Screen,2026-05-18 11:52:14,1497,U004
E003371,A01020,Applied,Screen,2026-05-18 11:57:59,3371,U001
E003266,A00989,,Applied,2026-05-18 14:31:01,3266,U002
E004222,A01276,Screen,Interview,2026-05-18 14:32:56,4222,U003
E001371,A00418,Screen,Interview,2026-05-18 15:29:29,1371,U001
E004433,A01343,,Applied,2026-05-18 16:08:14,4433,U003
E004352,A01316,Screen,Withdrawn,2026-05-18 16:10:29,4352,U001
E002275,A00693,,Applied,2026-05-18 16:11:43,2275,U004
E004486,A01361,,Applied,2026-05-18 16:12:52,4486,U002
E004656,A01415,Applied,Screen,2026-05-18 16:30:13,4656,U003
E000565,A00176,,Applied,2026-05-18 17:53:42,565,U004
E004018,A01216,,Applied,2026-05-18 18:09:07,4018,U001
E002491,A00757,Interview,Rejected,2026-05-18 18:47:13,2491,U003
E002045,A00625,Screen,Interview,2026-05-18 19:53:18,2045,U001
E000101,A00034,Applied,Screen,2026-05-18 20:21:06,101,U001
E003864,A01173,,Applied,2026-05-18 23:04:03,3864,U003
E002717,A00826,,Applied,2026-05-18 23:43:39,2717,U004
E002033,A00621,Applied,Rejected,2026-05-19 00:24:40,2033,U003
E001766,A00542,,Applied,2026-05-19 00:39:34,1766,U003
E004347,A01315,,Applied,2026-05-19 01:10:02,4347,U002
E003366,A01019,,Applied,2026-05-19 02:04:54,3366,U001
E003832,A01163,Applied,Screen,2026-05-19 02:40:26,3832,U003
E004600,A01398,,Applied,2026-05-19 02:43:47,4600,U002
E003160,A00958,Screen,Rejected,2026-05-19 03:41:57,3160,U002
E000654,A00204,,Applied,2026-05-19 03:57:57,654,U001
E002635,A00802,,Applied,2026-05-19 06:20:34,2635,U004
E002790,A00846,Applied,Screen,2026-05-19 07:39:41,2790,U003
E000912,A00281,Applied,Screen,2026-05-19 09:25:51,912,U001
E002353,A00717,Offer,Hired,2026-05-19 09:34:15,2353,U002
E003233,A00979,Applied,Screen,2026-05-19 09:44:45,3233,U001
E002953,A00895,Applied,Screen,2026-05-19 10:56:59,2953,U003
E001355,A00414,Applied,Screen,2026-05-19 11:27:49,1355,U002
E003125,A00947,Screen,Interview,2026-05-19 13:13:38,3125,U001
E004478,A01358,Screen,Interview,2026-05-19 15:20:31,4478,U002
E000920,A00283,Applied,Withdrawn,2026-05-19 15:41:23,920,U004
E000703,A00219,Interview,Offer,2026-05-19 17:01:39,703,U003
E000931,A00287,Applied,Withdrawn,2026-05-19 17:49:01,931,U003
E004706,A01431,Applied,Screen,2026-05-19 18:05:32,4706,U004
E004586,A01394,Applied,Screen,2026-05-19 18:10:54,4586,U003
E001123,A00345,Offer,Rejected,2026-05-19 18:56:17,1123,U004
E001421,A00433,Screen,Interview,2026-05-19 20:24:28,1421,U003
E002470,A00751,Screen,Withdrawn,2026-05-19 21:38:27,2470,U003
E001621,A00497,,Applied,2026-05-19 21:57:58,1621,U003
E001144,A00352,,Applied,2026-05-19 23:08:24,1144,U003
E003164,A00960,Applied,Screen,2026-05-19 23:29:42,3164,U001
E000991,A00306,,Applied,2026-05-20 00:03:31,991,U002
E001327,A00406,Applied,Rejected,2026-05-20 01:12:17,1327,U003
E000250,A00078,Applied,Screen,2026-05-20 01:57:56,250,U003
E002110,A00645,,Applied,2026-05-20 03:20:53,2110,U001
E000373,A00116,,Applied,2026-05-20 03:45:27,373,U004
E002571,A00781,Interview,Offer,2026-05-20 03:45:38,2571,U004
E004055,A01225,Applied,Withdrawn,2026-05-20 05:23:33,4055,U003
E003170,A00962,,Applied,2026-05-20 05:36:18,3170,U004
E002399,A00730,Applied,Screen,2026-05-20 06:17:18,2399,U001
E004766,A01449,Applied,Screen,2026-05-20 06:41:03,4766,U001
E001631,A00500,Applied,Screen,2026-05-20 06:48:48,1631,U001
E001758,A00539,Screen,Withdrawn,2026-05-20 06:58:11,1758,U004
E004152,A01256,Offer,Hired,2026-05-20 07:29:06,4152,U002
E002877,A00873,,Applied,2026-05-20 07:37:14,2877,U001
E001690,A00518,,Applied,2026-05-20 07:40:19,1690,U004
E003161,A00959,,Applied,2026-05-20 08:35:09,3161,U001
E003327,A01008,Applied,Screen,2026-05-20 09:14:24,3327,U002
E002711,A00824,Screen,Interview,2026-05-20 12:15:43,2711,U003
E003601,A01093,,Applied,2026-05-20 12:32:19,3601,U004
E000555,A00172,Applied,Withdrawn,2026-05-20 12:36:32,555,U002
E000738,A00232,Applied,Screen,2026-05-20 12:55:06,738,U001
E003126,A00947,Interview,Withdrawn,2026-05-20 13:13:38,3126,U001
E001904,A00584,,Applied,2026-05-20 13:17:48,1904,U004
E003923,A01190,Screen,Interview,2026-05-20 13:21:22,3923,U003
E000089,A00030,,Applied,2026-05-20 14:21:09,89,U002
E002743,A00832,,Applied,2026-05-20 14:37:26,2743,U001
E002520,A00766,Applied,Screen,2026-05-20 14:39:43,2520,U003
E000306,A00096,,Applied,2026-05-20 15:31:18,306,U001
E000853,A00265,,Applied,2026-05-20 16:39:21,853,U004
E000984,A00303,Interview,Offer,2026-05-20 17:31:59,984,U002
E000762,A00239,Applied,Screen,2026-05-20 19:04:51,762,U004
E000260,A00080,Applied,Screen,2026-05-20 20:36:19,260,U001
E001404,A00428,,Applied,2026-05-20 21:10:11,1404,U001
E003681,A01116,Screen,Interview,2026-05-20 22:21:06,3681,U002
E000827,A00257,Screen,Rejected,2026-05-20 23:13:00,827,U004
E002364,A00721,,Applied,2026-05-20 23:54:45,2364,U003
E003027,A00919,Applied,Screen,2026-05-21 00:22:43,3027,U004
E004023,A01217,,Applied,2026-05-21 00:37:37,4023,U003
E001202,A00369,Screen,Interview,2026-05-21 00:49:25,1202,U003
E004615,A01403,Applied,Screen,2026-05-21 01:09:27,4615,U002
E003101,A00940,,Applied,2026-05-21 02:08:09,3101,U001
E002251,A00685,,Applied,2026-05-21 03:15:08,2251,U004
E002540,A00773,,Applied,2026-05-21 04:30:55,2540,U002
E000097,A00032,Screen,Rejected,2026-05-21 04:54:12,97,U004
E002638,A00803,,Applied,2026-05-21 04:56:48,2638,U004
E002153,A00657,Screen,Withdrawn,2026-05-21 05:11:39,2153,U002
E002304,A00704,,Applied,2026-05-21 05:12:18,2304,U004
E001147,A00353,,Applied,2026-05-21 07:34:19,1147,U003
E004569,A01389,Applied,Screen,2026-05-21 08:25:13,4569,U002
E004726,A01436,Screen,Interview,2026-05-21 09:28:44,4726,U002
E003331,A01009,Applied,Screen,2026-05-21 13:26:46,3331,U001
E004581,A01393,Applied,Screen,2026-05-21 14:20:13,4581,U001
E003815,A01158,Screen,Interview,2026-05-21 14:37:25,3815,U003
E003605,A01094,Screen,Rejected,2026-05-21 15:35:04,3605,U004
E000879,A00272,Interview,Offer,2026-05-21 15:58:16,879,U004
E001882,A00575,Interview,Rejected,2026-05-21 16:53:08,1882,U002
E003907,A01185,Screen,Interview,2026-05-21 17:35:54,3907,U003
E003670,A01112,Screen,Interview,2026-05-21 21:45:04,3670,U001
E002886,A00875,Screen,Interview,2026-05-21 22:34:34,2886,U002
E000124,A00041,Screen,Interview,2026-05-21 23:05:53,124,U002
E002882,A00874,Screen,Interview,2026-05-21 23:21:05,2882,U004
E000994,A00307,,Applied,2026-05-22 00:14:56,994,U002
E003111,A00943,,Applied,2026-05-22 00:34:43,3111,U001
E001039,A00320,,Applied,2026-05-22 01:30:16,1039,U003
E003304,A01001,,Applied,2026-05-22 01:55:22,3304,U001
E002897,A00878,Applied,Screen,2026-05-22 02:14:11,2897,U003
E004359,A01319,,Applied,2026-05-22 02:20:44,4359,U003
E004284,A01296,,Applied,2026-05-22 03:38:37,4284,U002
E002859,A00868,Applied,Screen,2026-05-22 03:41:40,2859,U002
E000403,A00125,Screen,Interview,2026-05-22 04:06:56,403,U004
E002025,A00618,Interview,Offer,2026-05-22 04:45:30,2025,U004
E004388,A01328,Applied,Screen,2026-05-22 05:00:00,4388,U002
E003222,A00976,,Applied,2026-05-22 05:12:02,3222,U002
E002342,A00715,Applied,Screen,2026-05-22 05:29:24,2342,U004
E000741,A00233,Applied,Screen,2026-05-22 07:02:32,741,U001
E000261,A00080,Screen,Rejected,2026-05-22 07:36:19,261,U004
E002222,A00677,Applied,Screen,2026-05-22 07:59:08,2222,U001
E002144,A00654,Applied,Screen,2026-05-22 07:59:56,2144,U003
E002334,A00712,,Applied,2026-05-22 08:05:20,2334,U002
E001944,A00595,Applied,Screen,2026-05-22 08:15:58,1944,U001
E001657,A00508,Applied,Screen,2026-05-22 10:24:48,1657,U004
E004411,A01336,,Applied,2026-05-22 11:29:42,4411,U003
E003865,A01173,Applied,Withdrawn,2026-05-22 13:04:03,3865,U003
E000192,A00062,Applied,Screen,2026-05-22 13:10:36,192,U004
E002081,A00636,Applied,Screen,2026-05-22 13:17:22,2081,U003
E002279,A00694,Applied,Rejected,2026-05-22 14:52:00,2279,U002
E004693,A01428,,Applied,2026-05-22 15:06:13,4693,U002
E000102,A00034,Screen,Interview,2026-05-22 15:21:06,102,U003
E001579,A00484,Applied,Screen,2026-05-22 15:50:59,1579,U004
E002325,A00709,Interview,Offer,2026-05-22 17:22:37,2325,U004
E003138,A00951,Applied,Screen,2026-05-22 17:45:44,3138,U004
E000739,A00232,Screen,Rejected,2026-05-22 17:55:06,739,U001
E002315,A00707,,Applied,2026-05-22 17:57:44,2315,U004
E001331,A00408,Applied,Screen,2026-05-22 18:07:43,1331,U004
E000959,A00295,Interview,Offer,2026-05-23 00:11:29,959,U001
E002149,A00656,,Applied,2026-05-23 00:20:53,2149,U004
E003918,A01188,Screen,Rejected,2026-05-23 01:25:26,3918,U003
E004190,A01266,Interview,Offer,2026-05-23 01:42:17,4190,U004
E004052,A01224,,Applied,2026-05-23 02:39:08,4052,U001
E002749,A00833,Applied,Screen,2026-05-23 03:02:47,2749,U004
E000614,A00192,Screen,Interview,2026-05-23 03:08:33,614,U002
E002097,A00640,Screen,Interview,2026-05-23 04:09:26,2097,U001
E000624,A00195,Offer,Withdrawn,2026-05-23 05:03:44,624,U002
E000290,A00091,Applied,Screen,2026-05-23 05:34:14,290,U002
E003234,A00979,Screen,Interview,2026-05-23 05:44:45,3234,U001
E004262,A01288,,Applied,2026-05-23 07:40:32,4262,U002
E001936,A00593,,Applied,2026-05-23 09:11:00,1936,U001
E004657,A01415,Screen,Interview,2026-05-23 09:30:13,4657,U003
E001329,A00407,Applied,Withdrawn,2026-05-23 09:53:33,1329,U003
E003261,A00987,Screen,Rejected,2026-05-23 12:07:31,3261,U001
E002038,A00623,Screen,Interview,2026-05-23 12:19:05,2038,U001
E000341,A00108,Screen,Interview,2026-05-23 12:24:50,341,U004
E001030,A00317,Applied,Withdrawn,2026-05-23 13:20:57,1030,U001
E001622,A00497,Applied,Withdrawn,2026-05-23 13:57:58,1622,U004
E000052,A00018,,Applied,2026-05-23 14:06:40,52,U004
E003439,A01043,Applied,Screen,2026-05-23 15:49:34,3439,U001
E004160,A01259,,Applied,2026-05-23 16:49:35,4160,U002
E000487,A00151,,Applied,2026-05-23 17:39:05,487,U004
E000044,A00016,Applied,Screen,2026-05-23 18:03:43,44,U004
E003444,A01044,Applied,Screen,2026-05-23 18:42:27,3444,U001
E003833,A01163,Screen,Withdrawn,2026-05-23 19:40:26,3833,U003
E000516,A00160,,Applied,2026-05-23 20:28:29,516,U002
E000908,A00280,Screen,Interview,2026-05-23 20:51:51,908,U003
E004299,A01300,Screen,Withdrawn,2026-05-23 21:07:33,4299,U003
E004114,A01243,Screen,Interview,2026-05-23 22:08:19,4114,U003
E000736,A00231,Applied,Rejected,2026-05-23 22:09:26,736,U003
E001394,A00425,Applied,Screen,2026-05-24 00:21:04,1394,U001
E002931,A00888,Applied,Screen,2026-05-24 00:41:41,2931,U003
E002744,A00832,Applied,Screen,2026-05-24 01:37:26,2744,U004
E003809,A01156,Applied,Screen,2026-05-24 01:51:36,3809,U001
E000752,A00236,,Applied,2026-05-24 01:56:38,752,U004
E002718,A00826,Applied,Screen,2026-05-24 04:43:39,2718,U003
E001356,A00414,Screen,Interview,2026-05-24 05:27:49,1356,U003
E004120,A01246,,Applied,2026-05-24 05:34:16,4120,U004
E003614,A01097,,Applied,2026-05-24 05:46:45,3614,U001
E002386,A00727,,Applied,2026-05-24 06:24:13,2386,U003
E002541,A00773,Applied,Screen,2026-05-24 06:30:55,2541,U004
E004179,A01264,Applied,Screen,2026-05-24 07:03:32,4179,U004
E003772,A01145,,Applied,2026-05-24 07:20:13,3772,U003
E001972,A00604,Screen,Interview,2026-05-24 07:54:10,1972,U001
E003247,A00983,Screen,Interview,2026-05-24 10:23:23,3247,U004
E002316,A00707,Applied,Rejected,2026-05-24 11:57:44,2316,U003
E002824,A00856,Applied,Screen,2026-05-24 12:06:06,2824,U001
E000886,A00274,Interview,Offer,2026-05-24 12:16:10,886,U004
E001244,A00381,Applied,Screen,2026-05-24 12:19:53,1244,U004
E003372,A01020,Screen,Withdrawn,2026-05-24 14:57:59,3372,U003
E003433,A01040,Applied,Withdrawn,2026-05-24 16:28:27,3433,U003
E002866,A00870,Screen,Interview,2026-05-24 17:32:38,2866,U001
E003267,A00989,Applied,Screen,2026-05-24 18:31:01,3267,U001
E001628,A00499,Screen,Interview,2026-05-24 18:37:12,1628,U004
E001723,A00529,,Applied,2026-05-24 18:55:25,1723,U003
E001278,A00391,Screen,Interview,2026-05-24 20:28:31,1278,U001
E004003,A01212,,Applied,2026-05-24 20:47:01,4003,U002
E001148,A00353,Applied,Screen,2026-05-24 21:34:19,1148,U004
E004047,A01223,,Applied,2026-05-24 23:38:37,4047,U001
E004063,A01228,Screen,Withdrawn,2026-05-25 00:01:12,4063,U003
E003162,A00959,Applied,Rejected,2026-05-25 01:35:09,3162,U003
E003361,A01018,,Applied,2026-05-25 02:35:36,3361,U004
E004598,A01397,,Applied,2026-05-25 03:14:42,4598,U001
E000005,A00003,,Applied,2026-05-25 03:19:09,5,U004
E004360,A01319,Applied,Screen,2026-05-25 03:20:44,4360,U003
E004053,A01224,Applied,Withdrawn,2026-05-25 04:39:08,4053,U003
E001416,A00431,Screen,Withdrawn,2026-05-25 05:24:46,1416,U003
E002696,A00820,Interview,Offer,2026-05-25 05:28:38,2696,U003
E003816,A01158,Interview,Offer,2026-05-25 05:37:25,3816,U002
E004647,A01412,Screen,Rejected,2026-05-25 05:57:20,4647,U003
E002082,A00636,Screen,Interview,2026-05-25 07:17:22,2082,U004
E003849,A01168,Interview,Rejected,2026-05-25 07:33:45,3849,U001
E003102,A00940,Applied,Screen,2026-05-25 08:08:09,3102,U003
E002252,A00685,Applied,Screen,2026-05-25 08:15:08,2252,U004
E001014,A00312,Interview,Offer,2026-05-25 08:52:39,1014,U001
E000280,A00088,,Applied,2026-05-25 09:50:53,280,U001
E002305,A00704,Applied,Screen,2026-05-25 10:12:18,2305,U002
E002521,A00766,Screen,Interview,2026-05-25 10:39:43,2521,U002
E001362,A00416,,Applied,2026-05-25 11:50:23,1362,U001
E000376,A00117,,Applied,2026-05-25 13:30:45,376,U004
E003515,A01067,Interview,Offer,2026-05-25 14:09:39,3515,U004
E004605,A01400,Applied,Withdrawn,2026-05-25 15:17:57,4605,U001
E002589,A00787,Applied,Screen,2026-05-25 16:01:21,2589,U001
E002787,A00845,Applied,Screen,2026-05-25 16:57:56,2787,U002
E001866,A00571,Applied,Screen,2026-05-25 17:09:23,1866,U002
E000323,A00102,,Applied,2026-05-25 17:30:15,323,U003
E002511,A00763,,Applied,2026-05-25 18:10:29,2511,U004
E001606,A00492,,Applied,2026-05-25 19:12:57,1606,U004
E002039,A00623,Interview,Offer,2026-05-25 20:19:05,2039,U002
E003129,A00948,Screen,Interview,2026-05-25 20:37:25,3129,U004
E000359,A00113,,Applied,2026-05-25 21:25:21,359,U004
E002629,A00800,Offer,Hired,2026-05-25 21:35:19,2629,U001
E002883,A00874,Interview,Withdrawn,2026-05-26 00:21:05,2883,U002
E000746,A00234,Interview,Offer,2026-05-26 00:55:39,746,U003
E001352,A00413,,Applied,2026-05-26 02:09:30,1352,U003
E003084,A00935,,Applied,2026-05-26 02:35:44,3084,U001
E001085,A00334,Screen,Interview,2026-05-26 02:39:38,1085,U002
E001344,A00410,Offer,Hired,2026-05-26 04:42:22,1344,U003
E000948,A00292,Interview,Rejected,2026-05-26 05:09:31,948,U003
E001459,A00444,,Applied,2026-05-26 08:04:12,1459,U003
E001294,A00396,Applied,Screen,2026-05-26 09:42:06,1294,U003
E000992,A00306,Applied,Screen,2026-05-26 12:03:31,992,U003
E003615,A01097,Applied,Screen,2026-05-26 12:46:45,3615,U004
E003099,A00939,,Applied,2026-05-26 13:05:22,3099,U002
E003400,A01030,,Applied,2026-05-26 13:22:59,3400,U003
E003948,A01198,,Applied,2026-05-26 13:37:04,3948,U001
E003501,A01063,Applied,Withdrawn,2026-05-26 14:18:17,3501,U001
E001422,A00433,Interview,Offer,2026-05-26 14:24:28,1422,U004
E003767,A01143,,Applied,2026-05-26 14:27:18,3767,U002
E004119,A01245,Applied,Rejected,2026-05-26 16:53:52,4119,U001
E000936,A00289,Screen,Interview,2026-05-26 17:26:33,936,U004
E004268,A01290,Applied,Screen,2026-05-26 19:08:09,4268,U002
E002639,A00803,Applied,Screen,2026-05-26 20:56:48,2639,U003
E002950,A00894,Interview,Offer,2026-05-26 21:53:39,2950,U003
E000035,A00014,,Applied,2026-05-26 21:55:43,35,U004
E001646,A00505,,Applied,2026-05-26 22:16:22,1646,U001
E000718,A00224,Screen,Rejected,2026-05-26 23:38:02,718,U004
E001901,A00583,,Applied,2026-05-27 01:01:03,1901,U003
E002326,A00709,Offer,Withdrawn,2026-05-27 01:22:37,2326,U003
E004694,A01428,Applied,Withdrawn,2026-05-27 02:06:13,4694,U002
E002288,A00698,,Applied,2026-05-27 02:06:49,2288,U003
E002788,A00845,Screen,Withdrawn,2026-05-27 02:57:56,2788,U004
E000748,A00235,,Applied,2026-05-27 03:06:47,748,U002
E000006,A00003,Applied,Screen,2026-05-27 04:19:09,6,U004
E004736,A01439,,Applied,2026-05-27 04:24:55,4736,U003
E001395,A00425,Screen,Interview,2026-05-27 06:21:04,1395,U001
E002505,A00761,,Applied,2026-05-27 06:51:47,2505,U003
E004095,A01237,Offer,Hired,2026-05-27 07:53:04,4095,U003
E000291,A00091,Screen,Rejected,2026-05-27 08:34:14,291,U001
E003630,A01101,Screen,Interview,2026-05-27 08:37:39,3630,U004
E003793,A01151,Applied,Screen,2026-05-27 09:01:17,3793,U003
E000949,A00293,,Applied,2026-05-27 09:03:34,949,U001
E004223,A01276,Interview,Offer,2026-05-27 10:32:56,4223,U003
E004429,A01342,Applied,Screen,2026-05-27 12:04:32,4429,U002
E002276,A00693,Applied,Screen,2026-05-27 12:11:43,2276,U004
E001658,A00508,Screen,Withdrawn,2026-05-27 12:24:48,1658,U004
E000417,A00130,Screen,Interview,2026-05-27 12:54:53,417,U004
E001405,A00428,Applied,Screen,2026-05-27 13:10:11,1405,U001
E000766,A00240,,Applied,2026-05-27 14:18:56,766,U002
E004122,A01247,,Applied,2026-05-27 14:27:10,4122,U001
E003130,A00948,Interview,Withdrawn,2026-05-27 14:37:25,3130,U003
E003165,A00960,Screen,Rejected,2026-05-27 15:29:42,3165,U002
E000511,A00159,,Applied,2026-05-27 15:41:45,511,U001
E002954,A00895,Screen,Interview,2026-05-27 15:56:59,2954,U004
E004582,A01393,Screen,Interview,2026-05-27 16:20:13,4582,U001
E001711,A00525,Screen,Interview,2026-05-27 16:52:38,1711,U004
E003299,A00999,,Applied,2026-05-27 17:49:25,3299,U002
E000566,A00176,Applied,Withdrawn,2026-05-27 17:53:42,566,U001
E003313,A01004,,Applied,2026-05-27 18:34:26,3313,U004
E003305,A01001,Applied,Screen,2026-05-27 18:55:22,3305,U004
E004599,A01397,Applied,Rejected,2026-05-27 20:14:42,4599,U002
E003749,A01137,Applied,Screen,2026-05-27 20:15:04,3749,U004
E000803,A00250,,Applied,2026-05-27 20:24:03,803,U003
E000384,A00119,,Applied,2026-05-27 21:24:30,384,U001
E002147,A00655,Applied,Screen,2026-05-27 21:31:23,2147,U002
E000585,A00183,Screen,Interview,2026-05-27 22:02:24,585,U002
E002026,A00618,Offer,Withdrawn,2026-05-27 22:45:30,2026,U001
E002409,A00734,,Applied,2026-05-28 00:34:08,2409,U001
E002071,A00633,Interview,Rejected,2026-05-28 00:55:28,2071,U001
E000979,A00302,Applied,Screen,2026-05-28 01:32:12,979,U002
E004180,A01264,Screen,Interview,2026-05-28 02:03:32,4180,U001
E003977,A01206,,Applied,2026-05-28 02:31:08,3977,U001
E000351,A00111,Screen,Interview,2026-05-28 02:44:51,351,U001
E003958,A01201,,Applied,2026-05-28 04:03:30,3958,U002
E001812,A00556,Interview,Offer,2026-05-28 04:18:43,1812,U004
E003590,A01090,,Applied,2026-05-28 05:04:27,3590,U004
E000090,A00030,Applied,Screen,2026-05-28 05:21:09,90,U003
E004067,A01230,Applied,Screen,2026-05-28 05:42:06,4067,U002
E004318,A01306,,Applied,2026-05-28 06:17:10,4318,U001
E001203,A00369,Interview,Offer,2026-05-28 06:49:25,1203,U003
E003103,A00940,Screen,Withdrawn,2026-05-28 08:08:09,3103,U004
E000008,A00004,,Applied,2026-05-28 08:27:58,8,U001
E000050,A00017,Interview,Offer,2026-05-28 08:40:26,50,U004
E000076,A00026,Applied,Screen,2026-05-28 10:49:44,76,U002
E002117,A00647,,Applied,2026-05-28 11:43:38,2117,U001
E003311,A01003,,Applied,2026-05-28 11:51:31,3311,U002
E000216,A00068,Screen,Interview,2026-05-28 11:57:24,216,U001
E002150,A00656,Applied,Withdrawn,2026-05-28 12:20:53,2150,U003
E002830,A00858,,Applied,2026-05-28 12:33:06,2830,U003
E002509,A00762,Screen,Interview,2026-05-28 12:59:38,2509,U001
E000551,A00170,Offer,Hired,2026-05-28 14:14:49,551,U001
E003302,A01000,Applied,Screen,2026-05-28 15:06:28,3302,U002
E002212,A00674,Applied,Screen,2026-05-28 15:48:34,2212,U001
E002764,A00838,Screen,Interview,2026-05-28 16:39:32,2764,U004
E001353,A00413,Applied,Withdrawn,2026-05-28 17:09:30,1353,U004
E004334,A01311,Screen,Interview,2026-05-28 17:27:57,4334,U002
E004601,A01398,Applied,Withdrawn,2026-05-28 17:43:47,4601,U001
E002908,A00881,Offer,Withdrawn,2026-05-28 19:28:39,2908,U001
E002642,A00804,,Applied,2026-05-28 19:58:10,2642,U002
E003218,A00975,Applied,Screen,2026-05-28 20:38:52,3218,U003
E002306,A00704,Screen,Interview,2026-05-28 21:12:18,2306,U003
E004479,A01358,Interview,Rejected,2026-05-28 21:20:31,4479,U001
E000144,A00048,,Applied,2026-05-28 23:19:16,144,U004
E003056,A00928,,Applied,2026-05-29 01:25:09,3056,U004
E003818,A01159,,Applied,2026-05-29 01:58:00,3818,U002
E004587,A01394,Screen,Interview,2026-05-29 02:10:54,4587,U001
E000804,A00250,Applied,Withdrawn,2026-05-29 02:24:03,804,U002
E001149,A00353,Screen,Interview,2026-05-29 02:34:19,1149,U002
E004491,A01362,,Applied,2026-05-29 03:06:27,4491,U001
E002083,A00636,Interview,Offer,2026-05-29 03:17:22,2083,U003
E004000,A01211,Screen,Interview,2026-05-29 04:03:22,4000,U002
E000199,A00064,,Applied,2026-05-29 04:22:31,199,U004
E000318,A00100,,Applied,2026-05-29 04:35:15,318,U002
E004004,A01212,Applied,Rejected,2026-05-29 06:47:01,4004,U001
E000251,A00078,Screen,Interview,2026-05-29 06:57:56,251,U001
E002111,A00645,Applied,Screen,2026-05-29 07:20:53,2111,U001
E001945,A00595,Screen,Withdrawn,2026-05-29 08:15:58,1945,U002
E000697,A00218,Applied,Screen,2026-05-29 08:18:35,697,U004
E002542,A00773,Screen,Interview,2026-05-29 08:30:55,2542,U001
E003910,A01186,Applied,Screen,2026-05-29 09:00:51,3910,U001
E001279,A00391,Interview,Rejected,2026-05-29 09:28:31,1279,U004
E003570,A01085,,Applied,2026-05-29 09:39:42,3570,U004
E001724,A00529,Applied,Screen,2026-05-29 09:55:25,1724,U001
E001372,A00418,Interview,Rejected,2026-05-29 10:29:29,1372,U001
E001958,A00601,,Applied,2026-05-29 13:05:08,1958,U003
E000377,A00117,Applied,Screen,2026-05-29 13:30:45,377,U003
E000193,A00062,Screen,Interview,2026-05-29 14:10:36,193,U001
E000909,A00280,Interview,Offer,2026-05-29 15:51:51,909,U004
E000292,A00092,,Applied,2026-05-29 17:05:00,292,U002
E003703,A01123,,Applied,2026-05-29 17:14:41,3703,U003
E002712,A00824,Interview,Offer,2026-05-29 17:15:43,2712,U004
E001145,A00352,Applied,Screen,2026-05-29 19:08:24,1145,U004
E003768,A01143,Applied,Withdrawn,2026-05-29 20:27:18,3768,U001
E004592,A01395,Screen,Interview,2026-05-29 20:44:11,4592,U004
E001162,A00357,,Applied,2026-05-29 21:11:35,1162,U001
E001751,A00537,Interview,Offer,2026-05-29 21:44:25,1751,U004
E000518,A00161,,Applied,2026-05-29 22:36:51,518,U003
E002194,A00668,Screen,Interview,2026-05-30 03:29:24,2194,U003
E002902,A00880,Applied,Screen,2026-05-30 03:44:38,2902,U002
E003978,A01206,Applied,Rejected,2026-05-30 05:31:08,3978,U003
E000572,A00178,,Applied,2026-05-30 06:20:29,572,U004
E000099,A00033,Applied,Withdrawn,2026-05-30 06:26:04,99,U001
E001986,A00609,,Applied,2026-05-30 07:10:52,1986,U002
E002091,A00639,,Applied,2026-05-30 07:28:41,2091,U001
E002817,A00854,Applied,Screen,2026-05-30 08:31:59,2817,U003
E001553,A00475,,Applied,2026-05-30 09:18:02,1553,U001
E002679,A00815,Screen,Interview,2026-05-30 09:32:46,2679,U004
E000319,A00100,Applied,Withdrawn,2026-05-30 09:35:15,319,U003
E002046,A00625,Interview,Offer,2026-05-30 09:53:18,2046,U004
E000985,A00303,Offer,Withdrawn,2026-05-30 10:31:59,985,U001
E004675,A01422,,Applied,2026-05-30 10:42:09,4675,U002
E003029,A00920,,Applied,2026-05-30 11:40:12,3029,U003
E000903,A00279,Screen,Interview,2026-05-30 12:23:09,903,U004
E004737,A01439,Applied,Screen,2026-05-30 12:24:55,4737,U002
E002960,A00897,Applied,Screen,2026-05-30 12:52:45,2960,U004
E003528,A01072,,Applied,2026-05-30 14:09:13,3528,U002
E000597,A00187,,Applied,2026-05-30 14:38:26,597,U004
E002410,A00734,Applied,Screen,2026-05-30 16:34:08,2410,U004
E002510,A00762,Interview,Withdrawn,2026-05-30 16:59:38,2510,U001
E004146,A01255,,Applied,2026-05-30 17:02:28,4146,U001
E003785,A01149,Applied,Screen,2026-05-30 17:03:04,3785,U002
E004574,A01391,,Applied,2026-05-30 17:40:40,4574,U004
E001304,A00399,,Applied,2026-05-30 18:15:20,1304,U001
E003075,A00933,,Applied,2026-05-30 18:34:26,3075,U001
E000506,A00158,,Applied,2026-05-30 18:41:30,506,U001
E003810,A01156,Screen,Withdrawn,2026-05-30 18:51:36,3810,U001
E003091,A00937,,Applied,2026-05-30 19:06:49,3091,U001
E002271,A00691,,Applied,2026-05-30 19:47:16,2271,U002
E003235,A00979,Interview,Offer,2026-05-30 20:44:45,3235,U001
E002750,A00833,Screen,Interview,2026-05-30 21:02:47,2750,U003
E001108,A00341,Applied,Rejected,2026-05-30 21:57:24,1108,U001
E002643,A00804,Applied,Screen,2026-05-30 23:58:10,2643,U001
E001647,A00505,Applied,Screen,2026-05-31 01:16:22,1647,U004
E001607,A00492,Applied,Screen,2026-05-31 02:12:57,1607,U002
E001054,A00325,,Applied,2026-05-31 02:28:16,1054,U002
E004616,A01403,Screen,Rejected,2026-05-31 03:09:27,4616,U004
E002898,A00878,Screen,Rejected,2026-05-31 03:14:11,2898,U004
E003325,A01007,Applied,Rejected,2026-05-31 03:17:30,3325,U001
E003523,A01070,Applied,Screen,2026-05-31 04:00:09,3523,U004
E004492,A01362,Applied,Rejected,2026-05-31 04:06:27,4492,U001
E003028,A00919,Screen,Withdrawn,2026-05-31 05:22:43,3028,U003
E004389,A01328,Screen,Withdrawn,2026-05-31 06:00:00,4389,U003
E004110,A01242,Applied,Screen,2026-05-31 06:10:31,4110,U001
E003908,A01185,Interview,Withdrawn,2026-05-31 06:35:54,3908,U002
E001871,A00572,Interview,Offer,2026-05-31 06:52:46,1871,U003
E004661,A01417,,Applied,2026-05-31 07:38:18,4661,U002
E001133,A00349,,Applied,2026-05-31 08:07:31,1133,U003
E001406,A00428,Screen,Interview,2026-05-31 08:10:11,1406,U004
E001632,A00500,Screen,Rejected,2026-05-31 08:48:48,1632,U001
E001779,A00546,,Applied,2026-05-31 09:58:55,1779,U004
E004048,A01223,Applied,Screen,2026-05-31 10:38:37,4048,U002
E003591,A01090,Applied,Screen,2026-05-31 11:04:27,3591,U002
E001867,A00571,Screen,Withdrawn,2026-05-31 11:09:23,1867,U003
E004203,A01270,Applied,Screen,2026-05-31 11:10:53,4203,U001
E001873,A00573,,Applied,2026-05-31 11:53:07,1873,U003
E003641,A01104,Applied,Screen,2026-05-31 13:01:25,3641,U002
E000471,A00145,Interview,Offer,2026-05-31 13:50:11,471,U004
E002522,A00766,Interview,Withdrawn,2026-05-31 14:39:43,2522,U002
E004001,A01211,Interview,Offer,2026-05-31 15:03:22,4001,U002
E004713,A01433,,Applied,2026-05-31 15:26:27,4713,U002
E003367,A01019,Applied,Screen,2026-05-31 16:04:54,3367,U004
E004487,A01361,Applied,Screen,2026-05-31 16:12:52,4487,U002
E001007,A00310,,Applied,2026-05-31 16:46:10,1007,U004
E002818,A00854,Screen,Withdrawn,2026-05-31 17:31:59,2818,U001
E004024,A01217,Applied,Screen,2026-05-31 17:37:37,4024,U004
E001993,A00611,,Applied,2026-05-31 18:47:27,1993,U004
E000103,A00034,Interview,Offer,2026-05-31 19:21:06,103,U003
E001834,A00561,Offer,Hired,2026-05-31 19:26:25,1834,U001
E001204,A00369,Offer,Rejected,2026-05-31 19:49:25,1204,U004
E003853,A01170,,Applied,2026-05-31 20:07:13,3853,U002
E000503,A00157,,Applied,2026-05-31 21:10:14,503,U004
E002792,A00847,,Applied,2026-05-31 21:48:42,2792,U003
E003581,A01088,,Applied,2026-05-31 21:54:50,3581,U001
E000655,A00204,Applied,Rejected,2026-05-31 22:57:57,655,U003
E000418,A00130,Interview,Offer,2026-05-31 23:54:53,418,U003
E000053,A00018,Applied,Withdrawn,2026-06-01 01:06:40,53,U003
E000256,A00079,Screen,Interview,2026-06-01 02:33:21,256,U001
E003631,A01101,Interview,Withdrawn,2026-06-01 02:37:39,3631,U001
E001716,A00527,,Applied,2026-06-01 02:55:54,1716,U002
E002463,A00749,Offer,Hired,2026-06-01 03:16:16,2463,U002
E000544,A00168,Interview,Offer,2026-06-01 03:40:38,544,U001
E002387,A00727,Applied,Screen,2026-06-01 06:24:13,2387,U004
E000217,A00068,Interview,Offer,2026-06-01 06:57:24,217,U001
E001322,A00405,Applied,Screen,2026-06-01 07:31:36,1322,U001
E001629,A00499,Interview,Rejected,2026-06-01 08:37:12,1629,U004
E003219,A00975,Screen,Interview,2026-06-01 08:38:52,3219,U001
E001580,A00484,Screen,Interview,2026-06-01 09:50:59,1580,U001
E004161,A01259,Applied,Screen,2026-06-01 11:49:35,4161,U004
E002825,A00856,Screen,Withdrawn,2026-06-01 12:06:06,2825,U002
E002474,A00753,,Applied,2026-06-01 12:17:24,2474,U003
E002636,A00802,Applied,Screen,2026-06-01 12:20:34,2636,U002
E000108,A00036,Applied,Screen,2026-06-01 12:59:44,108,U001
E002140,A00652,Offer,Hired,2026-06-01 13:14:39,2140,U004
E002715,A00825,Applied,Screen,2026-06-01 14:22:50,2715,U002
E001908,A00585,,Applied,2026-06-01 15:16:27,1908,U001
E002112,A00645,Screen,Interview,2026-06-01 16:20:53,2112,U001
E000921,A00284,,Applied,2026-06-01 17:14:44,921,U002
E002400,A00730,Screen,Interview,2026-06-01 17:17:18,2400,U001
E003419,A01036,,Applied,2026-06-01 18:20:55,3419,U002
E003306,A01001,Screen,Withdrawn,2026-06-01 18:55:22,3306,U004
E001966,A00603,,Applied,2026-06-01 19:12:02,1966,U004
E001305,A00399,Applied,Screen,2026-06-01 19:15:20,1305,U001
E002213,A00674,Screen,Interview,2026-06-01 19:48:34,2213,U004
E003332,A01009,Screen,Interview,2026-06-01 20:26:46,3332,U001
E004348,A01315,Applied,Screen,2026-06-01 21:10:02,4348,U001
E003074,A00932,Offer,Hired,2026-06-01 21:25:05,3074,U001
E002517,A00765,Screen,Interview,2026-06-01 21:54:50,2517,U004
E001471,A00448,,Applied,2026-06-01 22:39:09,1471,U002
E003445,A01044,Screen,Interview,2026-06-01 22:42:27,3445,U002
E004434,A01343,Applied,Screen,2026-06-02 00:08:14,4434,U003
E003875,A01176,Applied,Screen,2026-06-02 00:34:35,3875,U003
E000512,A00159,Applied,Screen,2026-06-02 00:41:45,512,U003
E000276,A00086,,Applied,2026-06-02 01:41:09,276,U004
E004019,A01216,Applied,Screen,2026-06-02 03:09:07,4019,U001
E000830,A00258,Screen,Interview,2026-06-02 04:02:52,830,U004
E004744,A01441,,Applied,2026-06-02 04:25:04,4744,U001
E003085,A00935,Applied,Screen,2026-06-02 04:35:44,3085,U004
E002644,A00804,Screen,Interview,2026-06-02 04:58:10,2644,U001
E003682,A01116,Interview,Withdrawn,2026-06-02 05:21:06,3682,U002
E002944,A00893,Screen,Interview,2026-06-02 05:33:29,2944,U003
E000763,A00239,Screen,Interview,2026-06-02 06:04:51,763,U003
E003303,A01000,Screen,Rejected,2026-06-02 08:06:28,3303,U003
E003892,A01181,Applied,Screen,2026-06-02 08:12:00,3892,U002
E002241,A00682,Applied,Screen,2026-06-02 08:14:09,2241,U003
E003092,A00937,Applied,Screen,2026-06-02 10:06:49,3092,U002
E002395,A00728,Offer,Hired,2026-06-02 11:00:39,2395,U003
E002791,A00846,Screen,Withdrawn,2026-06-02 12:39:41,2791,U001
E000507,A00158,Applied,Screen,2026-06-02 12:41:30,507,U004
E004570,A01389,Screen,Rejected,2026-06-02 13:25:13,4570,U002
E004658,A01415,Interview,Rejected,2026-06-02 13:30:13,4658,U001
E003602,A01093,Applied,Withdrawn,2026-06-02 14:32:19,3602,U001
E000785,A00245,Offer,Hired,2026-06-02 14:43:04,785,U002
E000573,A00178,Applied,Rejected,2026-06-02 15:20:29,573,U004
E004013,A01215,,Applied,2026-06-02 15:32:24,4013,U001
E004752,A01444,,Applied,2026-06-02 17:33:18,4752,U003
E000200,A00064,Applied,Screen,2026-06-02 18:22:31,200,U001
E000457,A00142,,Applied,2026-06-02 18:31:14,457,U002
E001952,A00598,,Applied,2026-06-02 18:43:28,1952,U004
E003946,A01197,Screen,Interview,2026-06-02 19:01:35,3946,U002
E003924,A01190,Interview,Rejected,2026-06-02 19:21:22,3924,U004
E003034,A00921,,Applied,2026-06-02 20:00:45,3034,U002
E000598,A00187,Applied,Screen,2026-06-02 21:38:26,598,U003
E001691,A00518,Applied,Withdrawn,2026-06-02 23:40:19,1691,U003
E002335,A00712,Applied,Screen,2026-06-03 00:05:20,2335,U002
E001134,A00349,Applied,Screen,2026-06-03 00:07:31,1134,U001
E002617,A00797,,Applied,2026-06-03 00:41:53,2617,U003
E003645,A01105,,Applied,2026-06-03 02:12:18,3645,U003
E002456,A00748,,Applied,2026-06-03 02:29:01,2456,U004
E003150,A00954,Interview,Offer,2026-06-03 02:38:24,3150,U003
E001245,A00381,Screen,Interview,2026-06-03 03:19:53,1245,U001
E003427,A01038,,Applied,2026-06-03 05:48:38,3427,U002
E000495,A00154,,Applied,2026-06-03 05:56:35,495,U003
E004714,A01433,Applied,Screen,2026-06-03 06:26:27,4714,U004
E001423,A00433,Offer,Withdrawn,2026-06-03 07:24:28,1423,U004
E001460,A00444,Applied,Withdrawn,2026-06-03 09:04:12,1460,U004
E001897,A00581,,Applied,2026-06-03 11:00:38,1897,U002
E004319,A01306,Applied,Rejected,2026-06-03 11:17:10,4319,U002
E001796,A00552,,Applied,2026-06-03 11:29:18,1796,U003
E000897,A00277,,Applied,2026-06-03 12:01:19,897,U001
E002674,A00814,,Applied,2026-06-03 12:06:19,2674,U002
E003854,A01170,Applied,Withdrawn,2026-06-03 16:07:13,3854,U001
E002680,A00815,Interview,Withdrawn,2026-06-03 16:32:46,2680,U004
E001608,A00492,Screen,Rejected,2026-06-03 18:12:57,1608,U001
E001872,A00572,Offer,Rejected,2026-06-03 18:52:46,1872,U004
E002854,A00866,,Applied,2026-06-03 19:14:43,2854,U003
E000854,A00265,Applied,Rejected,2026-06-03 19:39:21,854,U003
E001725,A00529,Screen,Withdrawn,2026-06-03 19:55:25,1725,U004
E002716,A00825,Screen,Withdrawn,2026-06-03 20:22:50,2716,U002
E002388,A00727,Screen,Interview,2026-06-03 20:24:13,2388,U002
E004349,A01315,Screen,Rejected,2026-06-03 22:10:02,4349,U003
E004533,A01378,,Applied,2026-06-03 23:19:18,4533,U003
E001396,A00425,Interview,Withdrawn,2026-06-04 00:21:04,1396,U003
E002932,A00888,Screen,Withdrawn,2026-06-04 00:41:41,2932,U003
E004068,A01230,Screen,Withdrawn,2026-06-04 00:42:06,4068,U004
E003335,A01010,,Applied,2026-06-04 01:13:20,3335,U001
E003193,A00968,,Applied,2026-06-04 02:59:29,3193,U002
E004115,A01243,Interview,Withdrawn,2026-06-04 05:08:19,4115,U004
E004767,A01449,Screen,Interview,2026-06-04 06:41:03,4767,U004
E004443,A01347,,Applied,2026-06-04 06:48:18,4443,U002
E002092,A00639,Applied,Screen,2026-06-04 07:28:41,2092,U001
E002903,A00880,Screen,Withdrawn,2026-06-04 07:44:38,2903,U001
E002214,A00674,Interview,Rejected,2026-06-04 07:48:34,2214,U002
E000842,A00262,Interview,Offer,2026-06-04 08:05:55,842,U003
E002993,A00908,,Applied,2026-06-04 08:51:08,2993,U001
E000116,A00039,,Applied,2026-06-04 09:31:01,116,U003
E004147,A01255,Applied,Withdrawn,2026-06-04 10:02:28,4147,U002
E002307,A00704,Interview,Offer,2026-06-04 10:12:18,2307,U001
E003561,A01082,,Applied,2026-06-04 11:31:12,3561,U004
E000298,A00094,,Applied,2026-06-04 13:25:08,298,U003
E004397,A01331,Interview,Offer,2026-06-04 15:49:50,4397,U001
E002697,A00820,Offer,Rejected,2026-06-04 16:28:38,2697,U001
E002075,A00635,,Applied,2026-06-04 17:57:34,2075,U002
E004564,A01387,Offer,Hired,2026-06-04 18:32:13,4564,U004
E003794,A01151,Screen,Interview,2026-06-04 20:01:17,3794,U003
E003571,A01085,Applied,Screen,2026-06-04 21:39:42,3571,U002
E000615,A00192,Interview,Withdrawn,2026-06-04 22:08:33,615,U002
E000007,A00003,Screen,Withdrawn,2026-06-04 23:19:09,7,U004
E000045,A00016,Screen,Interview,2026-06-05 00:03:43,45,U004
E000517,A00160,Applied,Withdrawn,2026-06-05 01:28:29,517,U003
E002457,A00748,Applied,Screen,2026-06-05 02:29:01,2457,U004
E000147,A00049,,Applied,2026-06-05 03:35:05,147,U004
E000811,A00253,,Applied,2026-06-05 04:18:30,811,U002
E003112,A00943,Applied,Screen,2026-06-05 05:34:43,3112,U004
E001520,A00463,,Applied,2026-06-05 05:41:10,1520,U001
E002557,A00778,,Applied,2026-06-05 05:56:31,2557,U002
E002590,A00787,Screen,Interview,2026-06-05 06:01:21,2590,U002
E004469,A01356,,Applied,2026-06-05 06:35:17,4469,U001
E000328,A00103,Screen,Interview,2026-06-05 07:01:29,328,U001
E003616,A01097,Screen,Interview,2026-06-05 07:46:45,3616,U002
E003440,A01043,Screen,Interview,2026-06-05 07:49:34,3440,U001
E004448,A01349,,Applied,2026-06-05 09:15:56,4448,U002
E003300,A00999,Applied,Rejected,2026-06-05 09:49:25,3300,U002
E000742,A00233,Screen,Rejected,2026-06-05 10:02:32,742,U002
E001407,A00428,Interview,Withdrawn,2026-06-05 10:10:11,1407,U001
E001295,A00396,Screen,Interview,2026-06-05 11:42:06,1295,U003
E000342,A00108,Interview,Offer,2026-06-05 13:24:50,342,U004
E000993,A00306,Screen,Rejected,2026-06-05 16:03:31,993,U001
E001717,A00527,Applied,Screen,2026-06-05 16:55:54,1717,U004
E000109,A00036,Screen,Rejected,2026-06-05 16:59:44,109,U004
E002289,A00698,Applied,Screen,2026-06-05 17:06:49,2289,U001
E003171,A00962,Applied,Screen,2026-06-05 17:36:18,3171,U002
E002860,A00868,Screen,Interview,2026-06-05 17:41:40,2860,U001
E001272,A00390,,Applied,2026-06-05 17:51:04,1272,U004
E003312,A01003,Applied,Withdrawn,2026-06-05 17:51:31,3312,U001
E004290,A01298,,Applied,2026-06-05 19:12:42,4290,U002
E003142,A00952,,Applied,2026-06-05 20:16:14,3142,U001
E002878,A00873,Applied,Screen,2026-06-05 20:37:14,2878,U004
E002145,A00654,Screen,Rejected,2026-06-05 20:59:56,2145,U004
E002662,A00809,Applied,Screen,2026-06-05 21:00:57,2662,U002
E003205,A00972,,Applied,2026-06-05 21:34:10,3205,U003
E002535,A00771,,Applied,2026-06-05 21:40:11,2535,U003
E002640,A00803,Screen,Interview,2026-06-05 21:56:48,2640,U002
E001127,A00347,,Applied,2026-06-05 21:57:55,1127,U002
E002801,A00850,,Applied,2026-06-05 22:16:17,2801,U002
E002990,A00907,,Applied,2026-06-05 23:43:55,2990,U003
E002441,A00743,,Applied,2026-06-06 00:00:58,2441,U004
E002496,A00759,,Applied,2026-06-06 00:20:20,2496,U004
E002277,A00693,Screen,Withdrawn,2026-06-06 01:11:43,2277,U003
E003718,A01128,,Applied,2026-06-06 01:16:48,3718,U001
E003104,A00941,,Applied,2026-06-06 01:39:00,3104,U003
E003333,A01009,Interview,Offer,2026-06-06 02:26:46,3333,U002
E001498,A00457,Screen,Interview,2026-06-06 02:52:14,1498,U001
E001973,A00604,Interview,Offer,2026-06-06 02:54:10,1973,U004
E003619,A01098,,Applied,2026-06-06 03:51:57,3619,U003
E000374,A00116,Applied,Screen,2026-06-06 05:45:27,374,U002
E002675,A00814,Applied,Screen,2026-06-06 07:06:19,2675,U002
E004269,A01290,Screen,Interview,2026-06-06 08:08:09,4269,U002
E002148,A00655,Screen,Rejected,2026-06-06 08:31:23,2148,U003
E004444,A01347,Applied,Withdrawn,2026-06-06 09:48:18,4444,U002
E004707,A01431,Screen,Interview,2026-06-06 10:05:32,4707,U001
E004588,A01394,Interview,Offer,2026-06-06 11:10:54,4588,U004
E003750,A01137,Screen,Interview,2026-06-06 13:15:04,3750,U003
E001015,A00312,Offer,Rejected,2026-06-06 14:52:39,1015,U001
E000460,A00143,,Applied,2026-06-06 15:12:42,460,U004
E003401,A01030,Applied,Screen,2026-06-06 15:22:59,3401,U003
E004285,A01296,Applied,Screen,2026-06-06 16:38:37,4285,U003
E001163,A00357,Applied,Rejected,2026-06-06 17:11:35,1163,U003
E002481,A00755,,Applied,2026-06-06 17:42:36,2481,U003
E004121,A01246,Applied,Rejected,2026-06-06 18:34:16,4121,U004
E000404,A00125,Interview,Offer,2026-06-06 19:06:56,404,U004
E003362,A01018,Applied,Screen,2026-06-06 19:35:36,3362,U004
E002994,A00908,Applied,Rejected,2026-06-06 19:51:08,2994,U002
E002543,A00773,Interview,Withdrawn,2026-06-06 20:30:55,2543,U001
E000913,A00281,Screen,Interview,2026-06-06 23:25:51,913,U001
E000307,A00096,Applied,Screen,2026-06-06 23:31:18,307,U003
E000871,A00270,Screen,Interview,2026-06-07 00:16:09,871,U001
E001874,A00573,Applied,Screen,2026-06-07 00:53:07,1874,U003
E003635,A01103,,Applied,2026-06-07 01:21:16,3635,U004
E002867,A00870,Interview,Offer,2026-06-07 01:32:38,2867,U003
E001472,A00448,Applied,Screen,2026-06-07 03:39:09,1472,U001
E003795,A01151,Interview,Withdrawn,2026-06-07 04:01:17,3795,U002
E000860,A00267,,Applied,2026-06-07 04:08:49,860,U001
E004412,A01336,Applied,Screen,2026-06-07 06:29:42,4412,U003
E001959,A00601,Applied,Screen,2026-06-07 07:05:08,1959,U002
E000508,A00158,Screen,Interview,2026-06-07 07:41:30,508,U003
E000723,A00227,,Applied,2026-06-07 09:59:12,723,U004
E001826,A00560,,Applied,2026-06-07 11:19:24,1826,U002
E004214,A01273,Applied,Screen,2026-06-07 12:01:03,4214,U002
E002093,A00639,Screen,Interview,2026-06-07 12:28:41,2093,U003
E004291,A01298,Applied,Rejected,2026-06-07 13:12:42,4291,U003
E004534,A01378,Applied,Withdrawn,2026-06-07 13:19:18,4534,U003
E001937,A00593,Applied,Screen,2026-06-07 15:11:00,1937,U003
E002873,A00872,,Applied,2026-06-07 15:11:15,2873,U003
E001767,A00542,Applied,Screen,2026-06-07 15:39:34,1767,U001
E001909,A00585,Applied,Screen,2026-06-07 17:16:27,1909,U003
E000777,A00243,Screen,Interview,2026-06-07 18:20:29,777,U003
E001987,A00609,Applied,Screen,2026-06-07 19:10:52,1987,U001
E003893,A01181,Screen,Interview,2026-06-07 19:12:00,3893,U001
E003664,A01110,,Applied,2026-06-07 19:17:57,3664,U003
E003239,A00981,,Applied,2026-06-07 19:32:01,3239,U004
E000755,A00237,,Applied,2026-06-07 20:25:47,755,U002
E000194,A00062,Interview,Offer,2026-06-07 22:10:36,194,U002
E003530,A01073,,Applied,2026-06-07 22:24:43,3530,U004
E000519,A00161,Applied,Withdrawn,2026-06-07 23:36:51,519,U001
E003012,A00914,,Applied,2026-06-07 23:37:53,3012,U002
E003213,A00974,,Applied,2026-06-08 00:11:04,3213,U004
E002999,A00910,,Applied,2026-06-08 00:16:37,2999,U004
E002076,A00635,Applied,Screen,2026-06-08 01:57:34,2076,U001
E002772,A00841,,Applied,2026-06-08 01:59:57,2772,U002
E000277,A00086,Applied,Rejected,2026-06-08 02:41:09,277,U002
E004676,A01422,Applied,Screen,2026-06-08 03:42:09,4676,U004
E000257,A00079,Interview,Offer,2026-06-08 04:33:21,257,U002
E000385,A00119,Applied,Withdrawn,2026-06-08 05:24:30,385,U004
E002343,A00715,Screen,Interview,2026-06-08 05:29:24,2343,U004
E002512,A00763,Applied,Rejected,2026-06-08 06:10:29,2512,U004
E002336,A00712,Screen,Withdrawn,2026-06-08 07:05:20,2336,U004
E001323,A00405,Screen,Interview,2026-06-08 07:31:36,1323,U004
E002961,A00897,Screen,Interview,2026-06-08 07:52:45,2961,U004
E003671,A01112,Interview,Offer,2026-06-08 08:45:04,3671,U004
E000252,A00078,Interview,Offer,2026-06-08 08:57:56,252,U002
E004083,A01234,,Applied,2026-06-08 09:09:10,4083,U003
E001040,A00320,Applied,Screen,2026-06-08 09:30:16,1040,U002
E002618,A00797,Applied,Withdrawn,2026-06-08 09:41:53,2618,U003
E001019,A00314,,Applied,2026-06-08 12:03:15,1019,U003
E000293,A00092,Applied,Screen,2026-06-08 13:05:00,293,U004
E002006,A00614,,Applied,2026-06-08 13:29:57,2006,U004
E002793,A00847,Applied,Rejected,2026-06-08 13:48:42,2793,U001
E003592,A01090,Screen,Interview,2026-06-08 15:04:27,3592,U002
E001136,A00350,,Applied,2026-06-08 15:07:21,1136,U001
E001357,A00414,Interview,Offer,2026-06-08 16:27:49,1357,U002
E004361,A01319,Screen,Rejected,2026-06-08 18:20:44,4361,U002
E003020,A00917,,Applied,2026-06-08 19:48:57,3020,U002
E003093,A00937,Screen,Interview,2026-06-08 20:06:49,3093,U002
E003642,A01104,Screen,Interview,2026-06-08 21:01:25,3642,U002
E003947,A01197,Interview,Rejected,2026-06-08 21:01:35,3947,U001
E003529,A01072,Applied,Withdrawn,2026-06-08 21:09:13,3529,U002
E002797,A00849,,Applied,2026-06-08 22:24:21,2797,U002
E003428,A01038,Applied,Withdrawn,2026-06-08 22:48:38,3428,U004
E002831,A00858,Applied,Screen,2026-06-08 23:33:06,2831,U002
E004488,A01361,Screen,Interview,2026-06-09 00:12:52,4488,U002
E001363,A00416,Applied,Withdrawn,2026-06-09 00:50:23,1363,U004
E000910,A00280,Offer,Withdrawn,2026-06-09 01:51:51,910,U003
E002955,A00895,Interview,Offer,2026-06-09 01:56:59,2955,U001
E004688,A01426,,Applied,2026-06-09 02:31:48,4688,U003
E001974,A00604,Offer,Withdrawn,2026-06-09 02:54:10,1974,U003
E003100,A00939,Applied,Rejected,2026-06-09 04:05:22,3100,U003
E000281,A00088,Applied,Screen,2026-06-09 04:50:53,281,U001
E001902,A00583,Applied,Screen,2026-06-09 05:01:03,1902,U003
E003876,A01176,Screen,Interview,2026-06-09 06:34:35,3876,U001
E003936,A01195,,Applied,2026-06-09 07:43:38,3936,U004
E000778,A00243,Interview,Withdrawn,2026-06-09 09:20:29,778,U004
E003817,A01158,Offer,Hired,2026-06-09 10:37:25,3817,U003
E004717,A01434,,Applied,2026-06-09 11:23:17,4717,U001
E004074,A01232,,Applied,2026-06-09 11:50:56,4074,U001
E000604,A00189,,Applied,2026-06-09 12:36:31,604,U004
E002506,A00761,Applied,Withdrawn,2026-06-09 12:51:47,2506,U003
E001967,A00603,Applied,Screen,2026-06-09 13:12:02,1967,U004
E000937,A00289,Interview,Withdrawn,2026-06-09 13:26:33,937,U002
E004501,A01366,,Applied,2026-06-09 14:49:00,4501,U003
E004181,A01264,Interview,Offer,2026-06-09 16:03:32,4181,U003
E003328,A01008,Screen,Interview,2026-06-09 16:14:24,3328,U001
E004662,A01417,Applied,Withdrawn,2026-06-09 16:38:18,4662,U001
E004123,A01247,Applied,Screen,2026-06-09 17:27:10,4123,U003
E000980,A00302,Screen,Withdrawn,2026-06-09 18:32:12,980,U002
E003949,A01198,Applied,Screen,2026-06-09 18:37:04,3949,U003
E003446,A01044,Interview,Offer,2026-06-09 18:42:27,3446,U001
E000961,A00296,,Applied,2026-06-09 19:51:09,961,U002
E004165,A01260,,Applied,2026-06-09 20:18:25,4165,U004
E000295,A00093,,Applied,2026-06-09 20:41:19,295,U003
E002118,A00647,Applied,Screen,2026-06-09 20:43:38,2118,U003
E000360,A00113,Applied,Screen,2026-06-09 21:25:21,360,U001
E003080,A00934,,Applied,2026-06-09 21:56:31,3080,U001
E003143,A00952,Applied,Withdrawn,2026-06-09 22:16:14,3143,U001
E000698,A00218,Screen,Interview,2026-06-09 22:18:35,698,U002
E003582,A01088,Applied,Screen,2026-06-09 22:54:50,3582,U003
E002645,A00804,Interview,Offer,2026-06-09 22:58:10,2645,U001
E002113,A00645,Interview,Offer,2026-06-09 23:20:53,2113,U004
E001176,A00362,,Applied,2026-06-09 23:22:35,1176,U003
E001910,A00585,Screen,Interview,2026-06-10 00:16:27,1910,U001
E000995,A00307,Applied,Screen,2026-06-10 01:14:56,995,U001
E002887,A00875,Interview,Offer,2026-06-10 01:34:34,2887,U002
E002637,A00802,Screen,Withdrawn,2026-06-10 05:20:34,2637,U001
E001675,A00514,,Applied,2026-06-10 06:27:26,1675,U003
E003777,A01146,,Applied,2026-06-10 10:43:32,3777,U004
E004593,A01395,Interview,Offer,2026-06-10 10:44:11,4593,U001
E001780,A00546,Applied,Withdrawn,2026-06-10 10:58:55,1780,U004
E003840,A01166,,Applied,2026-06-10 11:00:57,3840,U001
E004020,A01216,Screen,Interview,2026-06-10 11:09:07,4020,U004
E004204,A01270,Screen,Interview,2026-06-10 11:10:53,4204,U003
E002050,A00627,,Applied,2026-06-10 11:21:41,2050,U001
E000914,A00281,Interview,Offer,2026-06-10 11:25:51,914,U001
E004263,A01288,Applied,Screen,2026-06-10 11:40:32,4263,U004
E002676,A00814,Screen,Withdrawn,2026-06-10 12:06:19,2676,U003
E000887,A00274,Offer,Hired,2026-06-10 12:16:10,887,U001
E001335,A00409,,Applied,2026-06-10 14:57:37,1335,U001
E003595,A01091,,Applied,2026-06-10 15:16:39,3595,U001
E002572,A00781,Offer,Hired,2026-06-10 15:45:38,2572,U001
E002272,A00691,Applied,Withdrawn,2026-06-10 15:47:16,2272,U002
E004768,A01449,Interview,Offer,2026-06-10 16:41:03,4768,U002
E000872,A00270,Interview,Offer,2026-06-10 17:16:09,872,U003
E002442,A00743,Applied,Withdrawn,2026-06-10 19:00:58,2442,U002
E002591,A00787,Interview,Offer,2026-06-10 19:01:21,2591,U003
E003665,A01110,Applied,Withdrawn,2026-06-10 19:17:57,3665,U001
E004750,A01443,,Applied,2026-06-10 19:39:38,4750,U004
E003617,A01097,Interview,Offer,2026-06-10 19:46:45,3617,U002
E004449,A01349,Applied,Screen,2026-06-10 20:15:56,4449,U003
E004162,A01259,Screen,Interview,2026-06-10 20:49:35,4162,U002
E002253,A00685,Screen,Interview,2026-06-10 21:15:08,2253,U004
E002389,A00727,Interview,Offer,2026-06-10 21:24:13,2389,U001
E004538,A01380,,Applied,2026-06-10 21:30:10,4538,U002
E004753,A01444,Applied,Rejected,2026-06-10 21:33:18,4753,U003
E001597,A00489,,Applied,2026-06-10 22:03:07,1597,U002
E000324,A00102,Applied,Screen,2026-06-10 22:30:15,324,U001
E001712,A00525,Interview,Offer,2026-06-10 22:52:38,1712,U002
E000036,A00014,Applied,Screen,2026-06-10 22:55:43,36,U001
E001332,A00408,Screen,Interview,2026-06-10 23:07:43,1332,U004
E001905,A00584,Applied,Screen,2026-06-11 00:17:48,1905,U003
E000712,A00223,,Applied,2026-06-11 00:47:01,712,U003
E003586,A01089,,Applied,2026-06-11 01:30:43,3586,U002
E000009,A00004,Applied,Withdrawn,2026-06-11 02:27:58,9,U001
E001009,A00311,,Applied,2026-06-11 05:29:16,1009,U002
E002365,A00721,Applied,Screen,2026-06-11 06:54:45,2365,U001
E003929,A01192,,Applied,2026-06-11 07:48:46,3929,U004
E003194,A00968,Applied,Screen,2026-06-11 07:59:29,3194,U001
E003116,A00945,,Applied,2026-06-11 08:02:53,3116,U004
E003420,A01036,Applied,Screen,2026-06-11 08:20:55,3420,U003
E000586,A00183,Interview,Offer,2026-06-11 09:02:24,586,U004
E004111,A01242,Screen,Rejected,2026-06-11 09:10:31,4111,U002
E003139,A00951,Screen,Interview,2026-06-11 09:45:44,3139,U003
E000724,A00227,Applied,Screen,2026-06-11 09:59:12,724,U004
E003441,A01043,Interview,Offer,2026-06-11 11:49:34,3441,U001
E000399,A00124,,Applied,2026-06-11 11:56:51,399,U002
E002834,A00859,,Applied,2026-06-11 14:28:47,2834,U004
E002344,A00715,Interview,Withdrawn,2026-06-11 14:29:24,2344,U003
E001648,A00505,Screen,Interview,2026-06-11 15:16:22,1648,U004
E004727,A01436,Interview,Offer,2026-06-11 15:28:44,4727,U002
E000727,A00228,,Applied,2026-06-11 15:42:10,727,U001
E000504,A00157,Applied,Screen,2026-06-11 16:10:14,504,U001
E004430,A01342,Screen,Interview,2026-06-11 17:04:32,4430,U002
E003336,A01010,Applied,Screen,2026-06-11 17:13:20,3336,U003
E000665,A00208,,Applied,2026-06-11 17:49:27,665,U002
E001875,A00573,Screen,Interview,2026-06-11 17:53:07,1875,U002
E001898,A00581,Applied,Withdrawn,2026-06-11 19:00:38,1898,U001
E003223,A00976,Applied,Screen,2026-06-11 19:12:02,3223,U002
E002592,A00787,Offer,Rejected,2026-06-11 20:01:21,2592,U003
E001135,A00349,Screen,Rejected,2026-06-11 20:07:31,1135,U003
E000753,A00236,Applied,Screen,2026-06-11 20:56:38,753,U003
E002215,A00675,,Applied,2026-06-11 22:01:41,2215,U004
E000488,A00151,Applied,Screen,2026-06-12 00:39:05,488,U004
E000927,A00286,,Applied,2026-06-12 00:49:20,927,U003
E002223,A00677,Screen,Interview,2026-06-12 00:59:08,2223,U003
E000898,A00277,Applied,Withdrawn,2026-06-12 02:01:19,898,U001
E000458,A00142,Applied,Screen,2026-06-12 03:31:14,458,U003
E002158,A00659,,Applied,2026-06-12 05:34:00,2158,U001
E000831,A00258,Interview,Rejected,2026-06-12 06:02:52,831,U003
E003113,A00943,Screen,Withdrawn,2026-06-12 07:34:43,3113,U001
E002649,A00806,,Applied,2026-06-12 09:18:30,2649,U003
E000880,A00272,Offer,Hired,2026-06-12 09:58:16,880,U003
E000764,A00239,Interview,Offer,2026-06-12 10:04:51,764,U003
E001055,A00325,Applied,Screen,2026-06-12 10:28:16,1055,U002
E001150,A00353,Interview,Offer,2026-06-12 11:34:19,1150,U002
E001768,A00542,Screen,Interview,2026-06-12 11:39:34,1768,U002
E002544,A00774,,Applied,2026-06-12 11:53:01,2544,U004
E001949,A00597,,Applied,2026-06-12 12:14:29,1949,U002
E001447,A00440,,Applied,2026-06-12 13:34:41,1447,U001
E002991,A00907,Applied,Screen,2026-06-12 13:43:55,2991,U002
E002098,A00640,Interview,Offer,2026-06-12 14:09:26,2098,U004
E004493,A01363,,Applied,2026-06-12 14:10:04,4493,U002
E003057,A00928,Applied,Rejected,2026-06-12 15:25:09,3057,U001
E003200,A00971,,Applied,2026-06-12 16:01:50,3200,U003
E004014,A01215,Applied,Screen,2026-06-12 16:32:24,4014,U001
E003047,A00925,,Applied,2026-06-12 16:38:36,3047,U003
E004286,A01296,Screen,Interview,2026-06-12 16:38:37,4286,U003
E001938,A00593,Screen,Withdrawn,2026-06-12 17:11:00,1938,U004
E002713,A00824,Offer,Withdrawn,2026-06-12 17:15:43,2713,U002
E003859,A01171,Offer,Hired,2026-06-12 17:27:24,3859,U001
E003778,A01146,Applied,Screen,2026-06-12 17:43:32,3778,U001
E000125,A00041,Interview,Offer,2026-06-12 18:05:53,125,U002
E000505,A00157,Screen,Withdrawn,2026-06-12 18:10:14,505,U001
E001609,A00493,,Applied,2026-06-12 19:04:14,1609,U003
E000343,A00108,Offer,Withdrawn,2026-06-12 21:24:50,343,U003
E001473,A00448,Screen,Withdrawn,2026-06-12 21:39:09,1473,U004
E000077,A00026,Screen,Interview,2026-06-13 00:49:44,77,U002
E000756,A00237,Applied,Rejected,2026-06-13 01:25:47,756,U001
E003268,A00989,Screen,Interview,2026-06-13 01:31:01,3268,U002
E003314,A01004,Applied,Screen,2026-06-13 01:34:26,3314,U004
E000904,A00279,Interview,Offer,2026-06-13 02:23:09,904,U001
E003255,A00985,Offer,Hired,2026-06-13 03:38:26,3255,U003
E003144,A00953,,Applied,2026-06-13 08:30:48,3144,U001
E003224,A00976,Screen,Withdrawn,2026-06-13 10:12:02,3224,U002
E002458,A00748,Screen,Withdrawn,2026-06-13 10:29:01,2458,U003
E001146,A00352,Screen,Withdrawn,2026-06-13 11:08:24,1146,U004
E004489,A01361,Interview,Offer,2026-06-13 11:12:52,4489,U004
E003773,A01145,Applied,Screen,2026-06-13 12:20:13,3773,U001
E000950,A00293,Applied,Screen,2026-06-13 13:03:34,950,U002
E003966,A01203,,Applied,2026-06-13 13:04:31,3966,U001
E004335,A01311,Interview,Offer,2026-06-13 13:27:57,4335,U003
E000938,A00290,,Applied,2026-06-13 15:27:22,938,U002
E000378,A00117,Screen,Interview,2026-06-13 16:30:45,378,U002
E000749,A00235,Applied,Screen,2026-06-13 17:06:47,749,U002
E000145,A00048,Applied,Screen,2026-06-13 17:19:16,145,U001
E002475,A00753,Applied,Screen,2026-06-13 18:17:24,2475,U001
E001185,A00365,,Applied,2026-06-13 19:31:01,1185,U001
E001041,A00320,Screen,Rejected,2026-06-13 21:30:16,1041,U003
E004244,A01282,,Applied,2026-06-13 22:01:46,4244,U004
E000368,A00115,,Applied,2026-06-13 23:01:04,368,U002
E004738,A01439,Screen,Withdrawn,2026-06-14 00:24:55,4738,U004
E000567,A00177,,Applied,2026-06-14 00:36:44,567,U002
E001484,A00452,,Applied,2026-06-14 01:05:12,1484,U004
E001268,A00389,,Applied,2026-06-14 01:36:45,1268,U003
E002745,A00832,Screen,Interview,2026-06-14 01:37:26,2745,U002
E003236,A00980,,Applied,2026-06-14 02:16:01,3236,U003
E004357,A01318,,Applied,2026-06-14 02:29:31,4357,U004
E000244,A00076,,Applied,2026-06-14 02:31:45,244,U001
E003248,A00983,Interview,Offer,2026-06-14 03:23:23,3248,U002
E000299,A00094,Applied,Screen,2026-06-14 03:25:08,299,U001
E004025,A01217,Screen,Interview,2026-06-14 04:37:37,4025,U004
E001994,A00611,Applied,Screen,2026-06-14 04:47:27,1994,U001
E001781,A00547,,Applied,2026-06-14 05:05:28,1781,U002
E003643,A01104,Interview,Offer,2026-06-14 06:01:25,3643,U004
E003014,A00915,,Applied,2026-06-14 07:05:00,3014,U003
E001962,A00602,,Applied,2026-06-14 07:05:22,1962,U003
E000812,A00253,Applied,Screen,2026-06-14 08:18:30,812,U001
E002040,A00623,Offer,Hired,2026-06-14 08:19:05,2040,U003
E002765,A00838,Interview,Offer,2026-06-14 12:39:32,2765,U003
E004377,A01324,,Applied,2026-06-14 12:41:54,4377,U002
E001296,A00396,Interview,Withdrawn,2026-06-14 13:42:06,1296,U004
E000666,A00208,Applied,Screen,2026-06-14 13:49:27,666,U004
E000419,A00130,Offer,Withdrawn,2026-06-14 14:54:53,419,U002
E001324,A00405,Interview,Offer,2026-06-14 15:31:36,1324,U004
E001349,A00412,,Applied,2026-06-14 15:57:27,1349,U001
E002518,A00765,Interview,Rejected,2026-06-14 17:54:50,2518,U004
E002719,A00826,Screen,Interview,2026-06-14 18:43:39,2719,U003
E003517,A01068,,Applied,2026-06-14 18:48:08,3517,U004
E001676,A00514,Applied,Screen,2026-06-14 22:27:26,1676,U002
E000352,A00111,Interview,Offer,2026-06-14 22:44:51,352,U004
E000375,A00116,Screen,Rejected,2026-06-14 22:45:27,375,U003
E003959,A01201,Applied,Screen,2026-06-14 23:03:30,3959,U003
E000325,A00102,Screen,Withdrawn,2026-06-14 23:30:15,325,U001
E001483,A00451,Offer,Hired,2026-06-14 23:50:38,1483,U003
E001610,A00493,Applied,Screen,2026-06-15 00:04:14,1610,U003
E002992,A00907,Screen,Rejected,2026-06-15 01:43:55,2992,U002
E000861,A00267,Applied,Rejected,2026-06-15 04:08:49,861,U003
E002879,A00873,Screen,Rejected,2026-06-15 05:37:14,2879,U004
E001636,A00502,,Applied,2026-06-15 05:46:41,1636,U002
E002776,A00842,,Applied,2026-06-15 07:26:05,2776,U004
E002835,A00859,Applied,Screen,2026-06-15 07:28:47,2835,U001
E004209,A01272,,Applied,2026-06-15 07:29:42,4209,U001
E002449,A00746,,Applied,2026-06-15 07:59:32,2449,U004
E004606,A01401,,Applied,2026-06-15 08:31:57,4606,U001
E002195,A00668,Interview,Offer,2026-06-15 10:29:24,2195,U004
E001008,A00310,Applied,Withdrawn,2026-06-15 10:46:10,1008,U001
E002962,A00897,Interview,Offer,2026-06-15 10:52:45,2962,U003
E003066,A00931,,Applied,2026-06-15 11:06:21,3066,U003
E000599,A00187,Screen,Interview,2026-06-15 13:38:26,599,U002
E003884,A01178,,Applied,2026-06-15 15:35:38,3884,U003
E001086,A00334,Interview,Offer,2026-06-15 15:39:38,1086,U004
E004667,A01419,,Applied,2026-06-15 17:51:40,4667,U002
E003297,A00998,,Applied,2026-06-15 19:46:07,3297,U002
E004684,A01425,,Applied,2026-06-15 20:24:00,4684,U001
E000010,A00005,,Applied,2026-06-15 20:46:41,10,U004
E000171,A00055,Offer,Hired,2026-06-15 22:58:20,171,U002
E003779,A01146,Screen,Withdrawn,2026-06-16 00:43:32,3779,U002
E003731,A01132,,Applied,2026-06-16 00:53:54,3731,U004
E000973,A00300,,Applied,2026-06-16 00:57:50,973,U003
E003383,A01024,,Applied,2026-06-16 01:02:24,3383,U004
E001128,A00347,Applied,Rejected,2026-06-16 01:57:55,1128,U002
E004002,A01211,Offer,Hired,2026-06-16 02:03:22,4002,U003
E000595,A00186,,Applied,2026-06-16 03:14:54,595,U004
E004499,A01365,,Applied,2026-06-16 03:29:03,4499,U002
E003240,A00981,Applied,Screen,2026-06-16 03:32:01,3240,U002
E000400,A00124,Applied,Rejected,2026-06-16 03:56:51,400,U001
E000888,A00275,,Applied,2026-06-16 04:27:42,888,U002
E003423,A01037,,Applied,2026-06-16 04:31:33,3423,U003
E000472,A00145,Offer,Hired,2026-06-16 04:50:11,472,U002
E004124,A01247,Screen,Rejected,2026-06-16 07:27:10,4124,U002
E004583,A01393,Interview,Offer,2026-06-16 08:20:13,4583,U003
E003086,A00935,Screen,Interview,2026-06-16 08:35:44,3086,U003
E000201,A00064,Screen,Withdrawn,2026-06-16 10:22:31,201,U002
E002094,A00639,Interview,Withdrawn,2026-06-16 12:28:41,2094,U002
E003315,A01004,Screen,Interview,2026-06-16 12:34:26,3315,U002
E001953,A00598,Applied,Withdrawn,2026-06-16 12:43:28,1953,U004
E001306,A00399,Screen,Interview,2026-06-16 13:15:20,1306,U004
E004635,A01408,,Applied,2026-06-16 13:26:50,4635,U003
E001273,A00390,Applied,Screen,2026-06-16 13:51:04,1273,U004
E004102,A01240,,Applied,2026-06-16 15:12:43,4102,U003
E002099,A00641,,Applied,2026-06-16 16:36:04,2099,U004
E001649,A00505,Interview,Withdrawn,2026-06-16 18:16:22,1649,U004
E001246,A00381,Interview,Offer,2026-06-16 18:19:53,1246,U004
E003774,A01145,Screen,Interview,2026-06-16 19:20:13,3774,U002
E002290,A00698,Screen,Withdrawn,2026-06-16 20:06:49,2290,U002
E002720,A00826,Interview,Offer,2026-06-16 23:43:39,2720,U001
E002951,A00894,Offer,Hired,2026-06-16 23:53:39,2951,U003
E003911,A01186,Screen,Interview,2026-06-17 01:00:51,3911,U002
E000423,A00132,,Applied,2026-06-17 01:49:53,423,U003
E001653,A00507,,Applied,2026-06-17 02:30:39,1653,U002
E001752,A00537,Offer,Hired,2026-06-17 02:44:25,1752,U004
E004270,A01290,Interview,Offer,2026-06-17 03:08:09,4270,U004
E003741,A01135,,Applied,2026-06-17 04:00:30,3741,U002
E002855,A00866,Applied,Rejected,2026-06-17 04:14:43,2855,U004
E003094,A00937,Interview,Offer,2026-06-17 05:06:49,3094,U003
E000767,A00240,Applied,Screen,2026-06-17 05:18:56,767,U004
E003518,A01068,Applied,Withdrawn,2026-06-17 05:48:08,3518,U002
E000091,A00030,Screen,Interview,2026-06-17 06:21:09,91,U003
E003206,A00972,Applied,Screen,2026-06-17 07:34:10,3206,U003
E002612,A00795,,Applied,2026-06-17 07:34:35,2612,U004
E003885,A01178,Applied,Withdrawn,2026-06-17 09:35:38,3885,U004
E001359,A00415,,Applied,2026-06-17 10:19:24,1359,U002
E001081,A00333,,Applied,2026-06-17 11:37:50,1081,U001
E003819,A01159,Applied,Screen,2026-06-17 11:58:00,3819,U001
E003476,A01056,,Applied,2026-06-17 12:20:53,3476,U003
E000046,A00016,Interview,Rejected,2026-06-17 14:03:43,46,U002
E001598,A00489,Applied,Screen,2026-06-17 16:03:07,1598,U002
E004539,A01380,Applied,Screen,2026-06-17 16:30:10,4539,U001
E002366,A00721,Screen,Interview,2026-06-17 16:54:45,2366,U001
E004470,A01356,Applied,Screen,2026-06-17 17:35:17,4470,U004
E000568,A00177,Applied,Screen,2026-06-17 18:36:44,568,U001
E003237,A00980,Applied,Screen,2026-06-17 19:16:01,3237,U002
E003620,A01098,Applied,Rejected,2026-06-17 20:51:57,3620,U001
E002360,A00720,,Applied,2026-06-17 21:06:32,2360,U004
E001151,A00353,Offer,Rejected,2026-06-17 22:34:19,1151,U003
E003048,A00925,Applied,Screen,2026-06-17 22:38:36,3048,U002
E002545,A00774,Applied,Rejected,2026-06-17 22:53:01,2545,U002
E000639,A00200,,Applied,2026-06-17 22:59:32,639,U004
E000459,A00142,Screen,Rejected,2026-06-17 23:31:14,459,U002
E000308,A00096,Screen,Rejected,2026-06-18 03:31:18,308,U002
E002450,A00746,Applied,Screen,2026-06-18 03:59:32,2450,U002
E004215,A01273,Screen,Withdrawn,2026-06-18 04:01:03,4215,U001
E000105,A00035,,Applied,2026-06-18 05:04:03,105,U002
E001587,A00485,Offer,Hired,2026-06-18 05:35:16,1587,U004
E004230,A01279,,Applied,2026-06-18 05:40:05,4230,U002
E003120,A00946,,Applied,2026-06-18 06:30:33,3120,U003
E003076,A00933,Applied,Screen,2026-06-18 06:34:26,3076,U002
E004378,A01324,Applied,Screen,2026-06-18 06:41:54,4378,U001
E002254,A00685,Interview,Offer,2026-06-18 07:15:08,2254,U001
E003704,A01123,Applied,Screen,2026-06-18 08:14:41,3704,U003
E000699,A00218,Interview,Rejected,2026-06-18 10:18:35,699,U003
E003547,A01078,,Applied,2026-06-18 10:32:36,3547,U001
E002411,A00734,Screen,Interview,2026-06-18 10:34:08,2411,U001
E002838,A00860,,Applied,2026-06-18 10:49:52,2838,U001
E002945,A00893,Interview,Offer,2026-06-18 11:33:29,2945,U003
E003950,A01198,Screen,Interview,2026-06-18 12:37:04,3950,U002
E001560,A00477,,Applied,2026-06-18 13:08:29,1560,U003
E004502,A01366,Applied,Screen,2026-06-18 15:49:00,4502,U001
E001677,A00514,Screen,Interview,2026-06-18 16:27:26,1677,U002
E004163,A01259,Interview,Offer,2026-06-18 16:49:35,4163,U001
E004392,A01330,,Applied,2026-06-18 19:13:00,4392,U002
E000600,A00187,Interview,Offer,2026-06-18 19:38:26,600,U003
E000843,A00262,Offer,Rejected,2026-06-18 20:05:55,843,U001
E001988,A00609,Screen,Interview,2026-06-18 23:10:52,1988,U002
E004027,A01218,,Applied,2026-06-18 23:17:07,4027,U002
E001554,A00475,Applied,Screen,2026-06-18 23:18:02,1554,U003
E004575,A01391,Applied,Screen,2026-06-19 00:40:40,4575,U004
E002154,A00658,,Applied,2026-06-19 01:39:55,2154,U001
E002368,A00722,,Applied,2026-06-19 02:27:05,2368,U002
E003105,A00941,Applied,Screen,2026-06-19 04:39:00,3105,U004
E000823,A00256,,Applied,2026-06-19 05:02:59,823,U004
E004431,A01342,Interview,Offer,2026-06-19 05:04:32,4431,U002
E002663,A00809,Screen,Withdrawn,2026-06-19 06:00:57,2663,U001
E004745,A01441,Applied,Screen,2026-06-19 06:25:04,4745,U003
E001056,A00325,Screen,Interview,2026-06-19 06:28:16,1056,U003
E002558,A00778,Applied,Screen,2026-06-19 06:56:31,2558,U004
E001797,A00552,Applied,Screen,2026-06-19 07:29:18,1797,U002
E004413,A01336,Screen,Interview,2026-06-19 07:29:42,4413,U002
E000388,A00121,,Applied,2026-06-19 08:30:01,388,U003
E002751,A00833,Interview,Offer,2026-06-19 09:02:47,2751,U001
E002802,A00850,Applied,Screen,2026-06-19 10:16:17,2802,U004
E003000,A00910,Applied,Screen,2026-06-19 11:16:37,3000,U004
E001239,A00380,,Applied,2026-06-19 13:02:30,1239,U002
E004435,A01343,Screen,Interview,2026-06-19 13:08:14,4435,U002
E000447,A00139,,Applied,2026-06-19 13:49:08,447,U001
E004668,A01419,Applied,Screen,2026-06-19 13:51:40,4668,U004
E003262,A00988,,Applied,2026-06-19 14:09:25,3262,U003
E001448,A00440,Applied,Screen,2026-06-19 14:34:41,1448,U003
E003030,A00920,Applied,Screen,2026-06-19 14:40:12,3030,U001
E000329,A00103,Interview,Offer,2026-06-19 16:01:29,329,U002
E000813,A00253,Screen,Interview,2026-06-19 16:18:30,813,U001
E001827,A00560,Applied,Screen,2026-06-19 16:19:24,1827,U003
E003316,A01004,Interview,Offer,2026-06-19 16:34:26,3316,U003
E001521,A00463,Applied,Withdrawn,2026-06-19 17:41:10,1521,U002
E000513,A00159,Screen,Interview,2026-06-19 17:41:45,513,U003
E000337,A00107,,Applied,2026-06-19 18:33:32,337,U003
E003769,A01144,,Applied,2026-06-19 18:59:11,3769,U004
E002482,A00755,Applied,Rejected,2026-06-19 19:42:36,2482,U002
E003786,A01149,Screen,Interview,2026-06-19 20:03:04,3786,U002
E003593,A01090,Interview,Offer,2026-06-19 20:04:27,3593,U001
E000117,A00039,Applied,Screen,2026-06-19 20:31:01,117,U001
E000605,A00189,Applied,Screen,2026-06-19 20:36:31,605,U003
E000294,A00092,Screen,Withdrawn,2026-06-19 21:05:00,294,U004
E004607,A01401,Applied,Screen,2026-06-19 21:31:57,4607,U004
E002926,A00887,,Applied,2026-06-19 21:45:56,2926,U003
E000300,A00094,Screen,Interview,2026-06-19 23:25:08,300,U004
E001443,A00439,,Applied,2026-06-19 23:32:37,1443,U002
E003013,A00914,Applied,Withdrawn,2026-06-20 00:37:53,3013,U004
E002403,A00731,,Applied,2026-06-20 03:45:13,2403,U002
E003883,A01177,Offer,Hired,2026-06-20 03:46:03,3883,U004
E004473,A01357,,Applied,2026-06-20 03:50:38,4473,U002
E003646,A01105,Applied,Screen,2026-06-20 04:12:18,3646,U002
E003402,A01030,Screen,Rejected,2026-06-20 04:22:59,3402,U004
E000320,A00101,,Applied,2026-06-20 04:40:18,320,U004
E004708,A01431,Interview,Offer,2026-06-20 05:05:32,4708,U004
E001989,A00609,Interview,Withdrawn,2026-06-20 05:10:52,1989,U004
E003269,A00989,Interview,Offer,2026-06-20 05:31:01,3269,U003
E003452,A01046,,Applied,2026-06-20 06:08:14,3452,U002
E003537,A01075,,Applied,2026-06-20 06:36:47,3537,U003
E000011,A00005,Applied,Screen,2026-06-20 06:46:41,11,U004
E004166,A01260,Applied,Screen,2026-06-20 07:18:25,4166,U004
E004715,A01433,Screen,Interview,2026-06-20 08:26:27,4715,U001
E000446,A00138,Offer,Hired,2026-06-20 08:48:13,446,U002
E002119,A00647,Screen,Rejected,2026-06-20 09:43:38,2119,U003
E003368,A01019,Screen,Interview,2026-06-20 10:04:54,3368,U004
E003421,A01036,Screen,Interview,2026-06-20 11:20:55,3421,U001
E004075,A01232,Applied,Screen,2026-06-20 12:50:56,4075,U002
E003469,A01053,,Applied,2026-06-20 13:03:03,3469,U002
E002746,A00832,Interview,Offer,2026-06-20 13:37:26,2746,U001
E004718,A01434,Applied,Rejected,2026-06-20 15:23:17,4718,U004
E004049,A01223,Screen,Interview,2026-06-20 17:38:37,4049,U001
E003524,A01070,Screen,Interview,2026-06-20 18:00:09,3524,U003
E001960,A00601,Screen,Interview,2026-06-20 18:05:08,1960,U004
E003024,A00918,,Applied,2026-06-20 18:28:46,3024,U001
E001360,A00415,Applied,Screen,2026-06-20 19:19:24,1360,U002
E003696,A01121,,Applied,2026-06-20 19:59:43,3696,U004
E000309,A00097,,Applied,2026-06-20 20:13:44,309,U004
E004594,A01395,Offer,Withdrawn,2026-06-20 20:44:11,4594,U003
E000905,A00279,Offer,Rejected,2026-06-20 21:23:09,905,U003
E003298,A00998,Applied,Rejected,2026-06-20 22:46:07,3298,U001
E004084,A01234,Applied,Screen,2026-06-21 00:09:10,4084,U001
E000039,A00015,,Applied,2026-06-21 00:18:16,39,U001
E000338,A00107,Applied,Withdrawn,2026-06-21 01:33:32,338,U002
E001186,A00365,Applied,Withdrawn,2026-06-21 04:31:01,1186,U004
E001800,A00553,,Applied,2026-06-21 04:54:59,1800,U004
E003067,A00931,Applied,Screen,2026-06-21 06:06:21,3067,U004
E002451,A00746,Screen,Withdrawn,2026-06-21 08:59:32,2451,U002
E004689,A01426,Applied,Screen,2026-06-21 09:31:48,4689,U002
E002738,A00831,,Applied,2026-06-21 10:29:52,2738,U003
E004751,A01443,Applied,Withdrawn,2026-06-21 10:39:38,4751,U002
E001010,A00311,Applied,Withdrawn,2026-06-21 11:29:16,1010,U003
E004015,A01215,Screen,Interview,2026-06-21 12:32:24,4015,U001
E003317,A01004,Offer,Withdrawn,2026-06-21 12:34:26,3317,U003
E003531,A01073,Applied,Rejected,2026-06-21 13:24:43,3531,U002
E000889,A00275,Applied,Screen,2026-06-21 15:27:42,889,U004
E004307,A01302,Offer,Hired,2026-06-21 15:46:43,4307,U004
E001499,A00457,Interview,Offer,2026-06-21 16:52:14,1499,U003
E000960,A00295,Offer,Hired,2026-06-21 17:11:29,960,U003
E004677,A01422,Screen,Withdrawn,2026-06-21 17:42:09,4677,U002
E003031,A00920,Screen,Interview,2026-06-21 18:40:12,3031,U001
E000408,A00127,,Applied,2026-06-21 18:46:28,408,U004
E004199,A01269,,Applied,2026-06-21 18:57:42,4199,U004
E003220,A00975,Interview,Offer,2026-06-21 19:38:52,3220,U002
E002339,A00714,,Applied,2026-06-21 20:00:48,2339,U001
E001903,A00583,Screen,Withdrawn,2026-06-21 20:01:03,1903,U004
E004709,A01431,Offer,Withdrawn,2026-06-21 21:05:32,4709,U001
E002361,A00720,Applied,Screen,2026-06-21 21:06:32,2361,U002
E000922,A00284,Applied,Screen,2026-06-21 21:14:44,922,U004
E002159,A00659,Applied,Screen,2026-06-21 22:34:00,2159,U003
E002084,A00636,Offer,Hired,2026-06-21 23:17:22,2084,U003
E004452,A01350,,Applied,2026-06-21 23:39:27,4452,U001
E001074,A00331,,Applied,2026-06-22 02:18:13,1074,U001
E001792,A00550,,Applied,2026-06-22 02:28:31,1792,U003
E004249,A01284,,Applied,2026-06-22 03:21:20,4249,U002
E000273,A00085,,Applied,2026-06-22 04:53:27,273,U003
E002401,A00730,Interview,Offer,2026-06-22 05:17:18,2401,U004
E001581,A00484,Interview,Offer,2026-06-22 05:50:59,1581,U002
E000110,A00037,,Applied,2026-06-22 07:13:34,110,U002
E002226,A00678,,Applied,2026-06-22 11:06:14,2226,U001
E003334,A01009,Offer,Hired,2026-06-22 12:26:46,3334,U003
E003888,A01180,,Applied,2026-06-22 12:33:42,3888,U004
E001501,A00458,,Applied,2026-06-22 13:24:39,1501,U002
E004500,A01365,Applied,Rejected,2026-06-22 13:29:03,4500,U003
E004653,A01414,,Applied,2026-06-22 13:58:05,4653,U003
E001307,A00399,Interview,Offer,2026-06-22 14:15:20,1307,U003
E000974,A00300,Applied,Screen,2026-06-22 14:57:50,974,U002
E002752,A00833,Offer,Rejected,2026-06-22 15:02:47,2752,U003
E002058,A00629,,Applied,2026-06-22 15:26:44,2058,U003
E003053,A00927,,Applied,2026-06-22 15:38:09,3053,U002
E003751,A01137,Interview,Offer,2026-06-22 16:15:04,3751,U001
E002927,A00887,Applied,Screen,2026-06-22 16:45:56,2927,U003
E001906,A00584,Screen,Interview,2026-06-22 18:17:48,1906,U003
E002100,A00641,Applied,Screen,2026-06-22 18:36:04,2100,U004
E001464,A00446,,Applied,2026-06-22 19:57:48,1464,U004
E001703,A00523,,Applied,2026-06-22 20:08:20,1703,U001
E000051,A00017,Offer,Hired,2026-06-22 21:40:26,51,U003
E002216,A00675,Applied,Screen,2026-06-22 22:01:41,2216,U002
E001599,A00489,Screen,Interview,2026-06-22 23:03:07,1599,U003
E003456,A01048,,Applied,2026-06-22 23:14:43,3456,U001
E001361,A00415,Screen,Rejected,2026-06-22 23:19:24,1361,U004
E000754,A00236,Screen,Rejected,2026-06-23 00:56:38,754,U002
E000962,A00296,Applied,Rejected,2026-06-23 04:51:09,962,U001
E001265,A00388,,Applied,2026-06-23 05:06:37,1265,U004
E002105,A00643,,Applied,2026-06-23 05:12:36,2105,U003
E003447,A01044,Offer,Withdrawn,2026-06-23 05:42:27,3447,U004
E001678,A00514,Interview,Withdrawn,2026-06-23 06:27:26,1678,U003
E003787,A01149,Interview,Offer,2026-06-23 07:03:04,3787,U002
E002256,A00686,,Applied,2026-06-23 07:19:12,2256,U001
E002582,A00785,,Applied,2026-06-23 07:34:36,2582,U001
E002367,A00721,Interview,Offer,2026-06-23 07:54:45,2367,U001
E003238,A00980,Screen,Rejected,2026-06-23 11:16:01,3238,U001
E003541,A01076,,Applied,2026-06-23 11:26:48,3541,U002
E000379,A00117,Interview,Offer,2026-06-23 12:30:45,379,U002
E001182,A00364,,Applied,2026-06-23 13:38:41,1182,U001
E004231,A01279,Applied,Screen,2026-06-23 13:40:05,4231,U001
E002536,A00771,Applied,Screen,2026-06-23 13:40:11,2536,U001
E002242,A00682,Screen,Interview,2026-06-23 15:14:09,2242,U002
E000975,A00300,Screen,Rejected,2026-06-23 15:57:50,975,U003
E001939,A00594,,Applied,2026-06-23 16:00:00,1939,U002
E004182,A01264,Offer,Hired,2026-06-23 16:03:32,4182,U002
E003498,A01062,,Applied,2026-06-23 16:22:10,3498,U003
E001582,A00484,Offer,Withdrawn,2026-06-23 17:50:59,1582,U001
E001718,A00527,Screen,Interview,2026-06-23 17:55:54,1718,U001
E000496,A00154,Applied,Screen,2026-06-23 17:56:35,496,U001
E003470,A01053,Applied,Rejected,2026-06-23 18:03:03,3470,U004
E000814,A00253,Interview,Offer,2026-06-23 18:18:30,814,U001
E000928,A00286,Applied,Screen,2026-06-23 18:49:20,928,U001
E002478,A00754,,Applied,2026-06-23 19:06:50,2478,U003
E004716,A01433,Interview,Offer,2026-06-23 19:26:27,4716,U003
E004210,A01272,Applied,Screen,2026-06-23 19:29:42,4210,U003
E001769,A00542,Interview,Offer,2026-06-23 19:39:34,1769,U003
E004264,A01288,Screen,Withdrawn,2026-06-23 21:40:32,4264,U002
E003672,A01112,Offer,Hired,2026-06-23 22:45:04,3672,U002
E001924,A00590,,Applied,2026-06-23 23:15:44,1924,U004
E001801,A00553,Applied,Screen,2026-06-23 23:54:59,1801,U002
E003841,A01166,Applied,Screen,2026-06-24 00:00:57,3841,U003
E001444,A00439,Applied,Screen,2026-06-24 00:32:37,1444,U002
E003877,A01176,Interview,Offer,2026-06-24 02:34:35,3877,U004
E002839,A00860,Applied,Screen,2026-06-24 02:49:52,2839,U001
E003195,A00968,Screen,Withdrawn,2026-06-24 02:59:29,3195,U003
E003820,A01159,Screen,Interview,2026-06-24 03:58:00,3820,U002
E000890,A00275,Screen,Interview,2026-06-24 04:27:42,890,U001
E003424,A01037,Applied,Screen,2026-06-24 04:31:33,3424,U001
E003106,A00941,Screen,Interview,2026-06-24 05:39:00,3106,U003
E002798,A00849,Applied,Screen,2026-06-24 08:24:21,2798,U003
E003035,A00921,Applied,Screen,2026-06-24 09:00:45,3035,U002
E000310,A00097,Applied,Screen,2026-06-24 09:13:44,310,U002
E004026,A01217,Interview,Offer,2026-06-24 09:37:37,4026,U003
E000148,A00049,Applied,Screen,2026-06-24 10:35:05,148,U002
E003719,A01128,Applied,Screen,2026-06-24 11:16:48,3719,U001
E001177,A00362,Applied,Screen,2026-06-24 12:22:35,1177,U001
E003594,A01090,Offer,Withdrawn,2026-06-24 13:04:27,3594,U002
E004685,A01425,Applied,Screen,2026-06-24 16:24:00,4685,U002
E003063,A00930,,Applied,2026-06-24 16:40:59,3063,U003
E001911,A00585,Interview,Offer,2026-06-24 17:16:27,1911,U004
E000361,A00113,Screen,Interview,2026-06-24 17:25:21,361,U004
E004336,A01311,Offer,Withdrawn,2026-06-24 19:27:57,4336,U003
E002935,A00890,,Applied,2026-06-24 20:05:20,2935,U003
E003337,A01010,Screen,Withdrawn,2026-06-24 21:13:20,3337,U001
E000509,A00158,Interview,Offer,2026-06-24 22:41:30,509,U004
E003742,A01135,Applied,Screen,2026-06-24 23:00:30,3742,U001
E000369,A00115,Applied,Screen,2026-06-24 23:01:04,369,U001
E003697,A01121,Applied,Screen,2026-06-24 23:59:43,3697,U001
E001876,A00573,Interview,Withdrawn,2026-06-25 00:53:07,1876,U001
E003363,A01018,Screen,Interview,2026-06-25 01:35:36,3363,U003
E003538,A01075,Applied,Screen,2026-06-25 01:36:47,3538,U001
E002646,A00804,Offer,Hired,2026-06-25 01:58:10,2646,U003
E003135,A00950,,Applied,2026-06-25 03:06:47,3135,U004
E002224,A00677,Interview,Offer,2026-06-25 05:59:08,2224,U002
E001240,A00380,Applied,Screen,2026-06-25 06:02:30,1240,U002
E003683,A01117,,Applied,2026-06-25 06:15:59,3683,U002
E000353,A00111,Offer,Withdrawn,2026-06-25 07:44:51,353,U003
E001907,A00584,Interview,Rejected,2026-06-25 08:17:48,1907,U001
E002861,A00868,Interview,Offer,2026-06-25 08:41:40,2861,U003
E003894,A01181,Interview,Offer,2026-06-25 09:12:00,3894,U003
E003693,A01120,,Applied,2026-06-25 09:30:17,3693,U004
E001137,A00350,Applied,Screen,2026-06-25 10:07:21,1137,U001
E003117,A00945,Applied,Screen,2026-06-25 12:02:53,3117,U003
E000258,A00079,Offer,Hired,2026-06-25 12:33:21,258,U002
E002641,A00803,Interview,Offer,2026-06-25 13:56:48,2641,U004
E001616,A00495,,Applied,2026-06-25 14:17:58,1616,U002
E003562,A01082,Applied,Screen,2026-06-25 14:31:12,3562,U004
E003727,A01131,,Applied,2026-06-25 15:13:29,3727,U001
E001950,A00597,Applied,Screen,2026-06-25 15:14:29,1950,U001
E003901,A01183,,Applied,2026-06-25 16:21:05,3901,U002
E003636,A01103,Applied,Screen,2026-06-25 17:21:16,3636,U001
E001968,A00603,Screen,Interview,2026-06-25 18:12:02,1968,U004
E002077,A00635,Screen,Interview,2026-06-25 19:57:34,2077,U001
E000725,A00227,Screen,Interview,2026-06-25 19:59:12,725,U003
E003051,A00926,,Applied,2026-06-25 21:16:10,3051,U003
E003307,A01002,,Applied,2026-06-26 00:06:07,3307,U002
E003572,A01085,Screen,Interview,2026-06-26 01:39:42,3572,U001
E004379,A01324,Screen,Withdrawn,2026-06-26 01:41:54,4379,U001
E003596,A01091,Applied,Screen,2026-06-26 02:16:39,3596,U004
E002874,A00872,Applied,Screen,2026-06-26 03:11:15,2874,U004
E002476,A00753,Screen,Interview,2026-06-26 03:17:24,2476,U003
E001381,A00422,,Applied,2026-06-26 04:21:25,1381,U004
E001424,A00434,,Applied,2026-06-26 06:38:25,1424,U003
E001963,A00602,Applied,Screen,2026-06-26 07:05:22,1963,U002
E002497,A00759,Applied,Screen,2026-06-26 07:20:20,2497,U001
E003782,A01148,,Applied,2026-06-26 08:23:50,3782,U001
E000596,A00186,Applied,Withdrawn,2026-06-26 09:14:54,596,U002
E001064,A00328,,Applied,2026-06-26 09:27:34,1064,U002
E004358,A01318,Applied,Withdrawn,2026-06-26 09:29:31,4358,U002
E003355,A01016,,Applied,2026-06-26 10:19:49,3355,U001
E000033,A00013,,Applied,2026-06-26 10:24:14,33,U002
E004167,A01260,Screen,Rejected,2026-06-26 11:18:25,4167,U003
E002257,A00686,Applied,Rejected,2026-06-26 11:19:12,2257,U001
E003422,A01036,Interview,Offer,2026-06-26 12:20:55,3422,U001
E004393,A01330,Applied,Rejected,2026-06-26 13:13:00,4393,U003
E003912,A01186,Interview,Rejected,2026-06-26 14:00:51,3912,U004
E004374,A01323,,Applied,2026-06-26 14:39:35,4374,U002
E001259,A00386,,Applied,2026-06-26 16:20:07,1259,U002
E002264,A00689,,Applied,2026-06-26 16:25:47,2264,U004
E002609,A00794,,Applied,2026-06-26 17:04:01,2609,U002
E004690,A01426,Screen,Rejected,2026-06-26 17:31:48,4690,U004
E000497,A00154,Screen,Interview,2026-06-26 17:56:35,497,U003
E001956,A00600,,Applied,2026-06-26 18:26:42,1956,U003
E002196,A00668,Offer,Rejected,2026-06-26 18:29:24,2196,U002
E004398,A01331,Offer,Hired,2026-06-26 18:49:50,4398,U002
E002826,A00857,,Applied,2026-06-26 18:56:22,2826,U004
E000499,A00155,,Applied,2026-06-26 19:02:09,499,U001
E003587,A01089,Applied,Screen,2026-06-26 19:30:43,3587,U004
E002767,A00839,,Applied,2026-06-26 20:47:47,2767,U001
E003201,A00971,Applied,Screen,2026-06-26 21:01:50,3201,U003
E004528,A01376,,Applied,2026-06-26 21:04:05,4528,U004
E003015,A00915,Applied,Screen,2026-06-26 21:05:00,3015,U002
E001027,A00316,,Applied,2026-06-26 21:28:03,1027,U003
E000245,A00076,Applied,Screen,2026-06-26 21:31:45,245,U004
E000834,A00260,,Applied,2026-06-27 01:22:42,834,U003
E003516,A01067,Offer,Hired,2026-06-27 03:09:39,3516,U004
E003021,A00917,Applied,Screen,2026-06-27 04:48:57,3021,U002
E000146,A00048,Screen,Withdrawn,2026-06-27 05:19:16,146,U004
E004471,A01356,Screen,Interview,2026-06-27 05:35:17,4471,U001
E003525,A01070,Interview,Withdrawn,2026-06-27 06:00:09,3525,U004
E003989,A01209,,Applied,2026-06-27 06:16:57,3989,U004
E003583,A01088,Screen,Interview,2026-06-27 06:54:50,3583,U002
E000431,A00134,,Applied,2026-06-27 07:37:50,431,U003
E003647,A01105,Screen,Interview,2026-06-27 08:12:18,3647,U003
E003951,A01198,Interview,Rejected,2026-06-27 08:37:04,3951,U004
E003081,A00934,Applied,Screen,2026-06-27 08:56:31,3081,U004
E002106,A00643,Applied,Screen,2026-06-27 09:12:36,2106,U001
E002739,A00831,Applied,Screen,2026-06-27 11:29:52,2739,U003
E000464,A00144,,Applied,2026-06-27 12:17:51,464,U003
E002051,A00627,Applied,Screen,2026-06-27 12:21:41,2051,U001
E000389,A00121,Applied,Screen,2026-06-27 12:30:01,389,U003
E004678,A01423,,Applied,2026-06-27 12:34:39,4678,U001
E003172,A00962,Screen,Interview,2026-06-27 13:36:18,3172,U001
E000037,A00014,Screen,Interview,2026-06-27 13:55:43,37,U002
E000899,A00278,,Applied,2026-06-27 14:09:13,899,U003
E004747,A01442,,Applied,2026-06-27 14:18:52,4747,U004
E001537,A00469,,Applied,2026-06-27 14:20:51,1537,U001
E003842,A01166,Screen,Withdrawn,2026-06-27 20:00:57,3842,U002
E000012,A00005,Screen,Withdrawn,2026-06-27 20:46:41,12,U004
E000461,A00143,Applied,Screen,2026-06-27 21:12:42,461,U001
E004050,A01223,Interview,Offer,2026-06-27 22:38:37,4050,U002
E003725,A01130,,Applied,2026-06-28 00:25:34,3725,U004
E000939,A00290,Applied,Screen,2026-06-28 00:27:22,939,U003
E002836,A00859,Screen,Interview,2026-06-28 00:28:47,2836,U001
E001719,A00527,Interview,Offer,2026-06-28 00:55:54,1719,U001
E004754,A01445,,Applied,2026-06-28 01:54:21,4754,U003
E003673,A01113,,Applied,2026-06-28 02:54:13,3673,U004
E002407,A00733,,Applied,2026-06-28 03:20:36,2407,U001
E003308,A01002,Applied,Screen,2026-06-28 04:06:07,3308,U002
E004490,A01361,Offer,Hired,2026-06-28 04:12:52,4490,U001
E002725,A00828,,Applied,2026-06-28 04:41:02,2725,U004
E003960,A01201,Screen,Interview,2026-06-28 05:03:30,3960,U003
E004195,A01268,,Applied,2026-06-28 05:05:56,4195,U004
E003775,A01145,Interview,Offer,2026-06-28 05:20:13,3775,U001
E000282,A00088,Screen,Interview,2026-06-28 06:50:53,282,U004
E001336,A00409,Applied,Screen,2026-06-28 06:57:37,1336,U002
E001082,A00333,Applied,Rejected,2026-06-28 07:37:50,1082,U003
E001269,A00389,Applied,Screen,2026-06-28 08:36:45,1269,U002
E000640,A00200,Applied,Screen,2026-06-28 08:59:32,640,U003
E004253,A01285,,Applied,2026-06-28 08:59:48,4253,U001
E002773,A00841,Applied,Screen,2026-06-28 08:59:57,2773,U003
E003249,A00984,,Applied,2026-06-28 09:16:40,3249,U003
E001785,A00548,,Applied,2026-06-28 09:36:07,1785,U004
E003140,A00951,Interview,Offer,2026-06-28 09:45:44,3140,U004
E000296,A00093,Applied,Screen,2026-06-28 11:41:19,296,U002
E003477,A01056,Applied,Screen,2026-06-28 12:20:53,3477,U004
E001753,A00538,,Applied,2026-06-28 13:15:07,1753,U003
E004288,A01297,,Applied,2026-06-28 13:17:11,4288,U004
E003732,A01132,Applied,Screen,2026-06-28 13:53:54,3732,U001
E002777,A00842,Applied,Rejected,2026-06-28 14:26:05,2777,U003
E002007,A00614,Applied,Screen,2026-06-28 14:29:57,2007,U002
E004375,A01323,Applied,Screen,2026-06-28 14:39:35,4375,U003
E000837,A00261,,Applied,2026-06-28 14:53:53,837,U001
E004174,A01263,,Applied,2026-06-28 15:36:14,4174,U004
E004503,A01366,Screen,Interview,2026-06-28 16:49:00,4503,U003
E000424,A00132,Applied,Screen,2026-06-28 16:49:53,424,U004
E004137,A01251,,Applied,2026-06-28 17:03:05,4137,U002
E003214,A00974,Applied,Screen,2026-06-28 17:11:04,3214,U002
E002832,A00858,Screen,Interview,2026-06-28 17:33:06,2832,U004
E002593,A00788,,Applied,2026-06-28 17:59:24,2593,U002
E000092,A00030,Interview,Withdrawn,2026-06-28 19:21:09,92,U002
E003321,A01006,,Applied,2026-06-28 20:36:32,3321,U004
E003356,A01016,Applied,Screen,2026-06-28 21:19:49,3356,U001
E002747,A00832,Offer,Rejected,2026-06-28 21:37:26,2747,U001
E000728,A00228,Applied,Screen,2026-06-28 22:42:10,728,U003
E003016,A00915,Screen,Rejected,2026-06-28 23:05:00,3016,U003
E001449,A00440,Screen,Withdrawn,2026-06-29 02:34:41,1449,U003
E002155,A00658,Applied,Screen,2026-06-29 03:39:55,2155,U004
E000409,A00127,Applied,Rejected,2026-06-29 03:46:28,409,U002
E004021,A01216,Interview,Offer,2026-06-29 04:09:07,4021,U001
E000142,A00047,,Applied,2026-06-29 04:45:16,142,U004
E000768,A00240,Screen,Interview,2026-06-29 05:18:56,768,U004
E000498,A00154,Interview,Withdrawn,2026-06-29 05:56:35,498,U002
E004280,A01294,,Applied,2026-06-29 06:47:21,4280,U003
E001961,A00601,Interview,Rejected,2026-06-29 07:05:08,1961,U004
E002613,A00795,Applied,Screen,2026-06-29 07:34:35,2613,U001
E003241,A00981,Screen,Interview,2026-06-29 08:32:01,3241,U003
E003207,A00972,Screen,Withdrawn,2026-06-29 08:34:10,3207,U003
E003329,A01008,Interview,Offer,2026-06-29 09:14:24,3329,U002
E000118,A00039,Screen,Interview,2026-06-29 09:31:01,118,U003
E002956,A00895,Offer,Hired,2026-06-29 10:56:59,2956,U003
E002247,A00684,,Applied,2026-06-29 11:13:24,2247,U003
E004116,A01244,,Applied,2026-06-29 12:38:27,4116,U003
E000996,A00307,Screen,Interview,2026-06-29 13:14:56,996,U002
E000413,A00129,,Applied,2026-06-29 13:21:34,413,U002
E000034,A00013,Applied,Withdrawn,2026-06-29 13:24:14,34,U003
E002875,A00872,Screen,Interview,2026-06-29 15:11:15,2875,U004
E002003,A00613,,Applied,2026-06-29 15:24:13,2003,U002
E002559,A00778,Screen,Interview,2026-06-29 16:56:31,2559,U001
E001925,A00590,Applied,Screen,2026-06-29 17:15:44,1925,U002
E002794,A00848,,Applied,2026-06-29 18:51:19,2794,U002
E001538,A00469,Applied,Rejected,2026-06-29 20:20:51,1538,U002
E003937,A01195,Applied,Screen,2026-06-29 20:43:38,3937,U001
E003263,A00988,Applied,Screen,2026-06-29 22:09:25,3263,U001
E002369,A00722,Applied,Screen,2026-06-29 22:27:05,2369,U004
E002684,A00817,,Applied,2026-06-29 22:31:34,2684,U004
E001637,A00502,Applied,Screen,2026-06-29 22:46:41,1637,U001
E004164,A01259,Offer,Rejected,2026-06-29 22:49:35,4164,U001
E004200,A01269,Applied,Screen,2026-06-29 22:57:42,4200,U002
E000750,A00235,Screen,Interview,2026-06-29 23:06:47,750,U004
E000569,A00177,Screen,Interview,2026-06-29 23:36:44,569,U004
E002722,A00827,,Applied,2026-06-29 23:45:35,2722,U001
E001325,A00405,Offer,Hired,2026-06-30 00:31:36,1325,U003
E002594,A00788,Applied,Rejected,2026-06-30 00:59:24,2594,U002
E004232,A01279,Screen,Interview,2026-06-30 01:40:05,4232,U002
E002585,A00786,,Applied,2026-06-30 02:49:20,2585,U004
E003001,A00910,Screen,Interview,2026-06-30 03:16:37,3001,U001
E004005,A01213,,Applied,2026-06-30 04:14:04,4005,U002
E000465,A00144,Applied,Screen,2026-06-30 05:17:51,465,U003
E001566,A00480,,Applied,2026-06-30 06:00:26,1566,U004
E001704,A00523,Applied,Screen,2026-06-30 06:08:20,1704,U004
E001057,A00325,Interview,Offer,2026-06-30 06:28:16,1057,U002
E004589,A01394,Offer,Hired,2026-06-30 07:10:54,4589,U001
E001020,A00314,Applied,Screen,2026-06-30 08:03:15,1020,U004
E001611,A00493,Screen,Interview,2026-06-30 08:04:14,1611,U001
E001187,A00366,,Applied,2026-06-30 08:37:13,1187,U001
E002225,A00677,Offer,Withdrawn,2026-06-30 08:59:08,2225,U004
E002837,A00859,Interview,Withdrawn,2026-06-30 09:28:47,2837,U004
E002936,A00890,Applied,Screen,2026-06-30 10:05:20,2936,U003
E004254,A01285,Applied,Screen,2026-06-30 10:59:48,4254,U002
E000172,A00056,,Applied,2026-06-30 12:36:08,172,U004
E004385,A01327,,Applied,2026-06-30 12:46:14,4385,U003
E002740,A00831,Screen,Interview,2026-06-30 13:29:52,2740,U001
E003228,A00978,,Applied,2026-06-30 14:26:11,3228,U003
E004010,A01214,,Applied,2026-06-30 15:32:58,4010,U003
E000106,A00035,Applied,Rejected,2026-06-30 16:04:03,106,U003
E002650,A00806,Applied,Screen,2026-06-30 16:18:30,2650,U004
E003005,A00912,,Applied,2026-06-30 16:24:42,3005,U001
E000183,A00059,,Applied,2026-06-30 17:51:22,183,U001
E001679,A00515,,Applied,2026-06-30 18:30:49,1679,U001
E001457,A00443,,Applied,2026-06-30 22:44:52,1457,U002
E002377,A00724,,Applied,2026-06-30 22:55:23,2377,U002
E001138,A00350,Screen,Rejected,2026-06-30 23:07:21,1138,U001
E002379,A00725,,Applied,2026-06-30 23:13:26,2379,U002
E001308,A00399,Offer,Withdrawn,2026-06-30 23:15:20,1308,U001
E004507,A01368,,Applied,2026-07-01 00:26:43,4507,U002
E004576,A01391,Screen,Withdrawn,2026-07-01 00:40:40,4576,U001
E003242,A00981,Interview,Rejected,2026-07-01 01:32:01,3242,U002
E003930,A01192,Applied,Screen,2026-07-01 03:48:46,3930,U002
E001720,A00527,Offer,Withdrawn,2026-07-01 05:55:54,1720,U002
E002920,A00885,,Applied,2026-07-01 06:00:53,2920,U001
E001485,A00452,Applied,Screen,2026-07-01 06:05:12,1485,U003
E001408,A00429,,Applied,2026-07-01 07:38:26,1408,U004
E001401,A00427,,Applied,2026-07-01 07:38:28,1401,U003
E003728,A01131,Applied,Screen,2026-07-01 08:13:29,3728,U001
E003121,A00946,Applied,Screen,2026-07-01 08:30:33,3121,U002
E001995,A00611,Screen,Interview,2026-07-01 08:47:27,1995,U004
E001067,A00329,,Applied,2026-07-01 09:48:00,1067,U002
E004441,A01346,,Applied,2026-07-01 10:43:03,4441,U003
E000713,A00223,Applied,Screen,2026-07-01 10:47:01,713,U001
E001333,A00408,Interview,Offer,2026-07-01 13:07:43,1333,U001
E000246,A00076,Screen,Rejected,2026-07-01 13:31:45,246,U003
E004201,A01269,Screen,Withdrawn,2026-07-01 13:57:42,4201,U002
E000462,A00143,Screen,Interview,2026-07-01 14:12:42,462,U003
E004028,A01218,Applied,Screen,2026-07-01 14:17:07,4028,U001
E004117,A01244,Applied,Withdrawn,2026-07-01 15:38:27,4117,U004
E003821,A01159,Interview,Offer,2026-07-01 15:58:00,3821,U002
E002759,A00837,,Applied,2026-07-01 16:33:47,2759,U003
E003499,A01062,Applied,Withdrawn,2026-07-01 17:22:10,3499,U004
E004746,A01441,Screen,Withdrawn,2026-07-01 19:25:04,4746,U003
E003145,A00953,Applied,Screen,2026-07-01 19:30:48,3145,U004
E001899,A00582,,Applied,2026-07-01 22:37:53,1899,U002
E002404,A00731,Applied,Withdrawn,2026-07-01 22:45:13,2404,U004
E000667,A00208,Screen,Interview,2026-07-01 22:49:27,667,U004
E004494,A01363,Applied,Screen,2026-07-01 23:10:04,4494,U001
E001065,A00328,Applied,Screen,2026-07-01 23:27:34,1065,U002
E003453,A01046,Applied,Withdrawn,2026-07-02 00:08:14,3453,U004
E003264,A00988,Screen,Interview,2026-07-02 01:09:25,3264,U001
E004608,A01401,Screen,Withdrawn,2026-07-02 01:31:57,4608,U004
E004260,A01287,,Applied,2026-07-02 01:35:08,4260,U003
E002827,A00857,Applied,Screen,2026-07-02 01:56:22,2827,U003
E002803,A00850,Screen,Rejected,2026-07-02 02:16:17,2803,U001
E003049,A00925,Screen,Interview,2026-07-02 02:38:36,3049,U004
E000176,A00057,,Applied,2026-07-02 02:46:26,176,U002
E003765,A01142,,Applied,2026-07-02 03:52:02,3765,U001
E002408,A00733,Applied,Rejected,2026-07-02 05:20:36,2408,U004
E002362,A00720,Screen,Interview,2026-07-02 06:06:32,2362,U004
E004205,A01270,Interview,Offer,2026-07-02 06:10:53,4205,U001
E004250,A01284,Applied,Screen,2026-07-02 06:21:20,4250,U003
E000726,A00227,Interview,Withdrawn,2026-07-02 06:59:12,726,U001
E003961,A01201,Interview,Offer,2026-07-02 07:03:30,3961,U004
E001798,A00552,Screen,Interview,2026-07-02 07:29:18,1798,U004
E001654,A00507,Applied,Screen,2026-07-02 07:30:39,1654,U001
E004006,A01213,Applied,Screen,2026-07-02 08:14:04,4006,U004
E004669,A01419,Screen,Withdrawn,2026-07-02 09:51:40,4669,U002
E004103,A01240,Applied,Screen,2026-07-02 10:12:43,4103,U003
E004022,A01216,Offer,Withdrawn,2026-07-02 11:09:07,4022,U004
E003990,A01209,Applied,Screen,2026-07-02 11:16:57,3990,U004
E001682,A00516,,Applied,2026-07-02 11:23:29,1682,U003
E003022,A00917,Screen,Interview,2026-07-02 11:48:57,3022,U002
E004450,A01349,Screen,Interview,2026-07-02 12:15:56,4450,U001
E001802,A00553,Screen,Interview,2026-07-02 12:54:59,1802,U003
E000770,A00241,,Applied,2026-07-02 12:57:28,770,U003
E004445,A01348,,Applied,2026-07-02 13:07:14,4445,U001
E001713,A00525,Offer,Hired,2026-07-02 13:52:38,1713,U002
E003369,A01019,Interview,Offer,2026-07-02 14:04:54,3369,U002
E000685,A00214,,Applied,2026-07-02 14:16:27,685,U003
E004376,A01323,Screen,Withdrawn,2026-07-02 14:39:35,4376,U004
E003002,A00910,Interview,Rejected,2026-07-02 15:16:37,3002,U001
E003675,A01114,,Applied,2026-07-02 15:24:06,3675,U002
E001173,A00361,,Applied,2026-07-02 16:05:52,1173,U001
E002799,A00849,Screen,Interview,2026-07-02 16:24:21,2799,U004
E002614,A00795,Screen,Withdrawn,2026-07-02 16:34:35,2614,U004
E000824,A00256,Applied,Withdrawn,2026-07-02 17:02:59,824,U004
E001021,A00314,Screen,Interview,2026-07-02 18:03:15,1021,U004
E001270,A00389,Screen,Interview,2026-07-02 19:36:45,1270,U003
E000574,A00179,,Applied,2026-07-02 20:23:03,574,U003
E002647,A00805,,Applied,2026-07-02 21:11:18,2647,U004
E001097,A00338,,Applied,2026-07-02 21:15:03,1097,U004
E003783,A01148,Applied,Withdrawn,2026-07-02 21:23:50,3783,U002
E004679,A01423,Applied,Withdrawn,2026-07-02 21:34:39,4679,U001
E002101,A00641,Screen,Interview,2026-07-02 21:36:04,2101,U003
E002964,A00898,,Applied,2026-07-02 21:47:33,2964,U001
E003087,A00935,Interview,Offer,2026-07-02 23:35:44,3087,U003
E003726,A01130,Applied,Withdrawn,2026-07-03 00:25:34,3726,U003
E004191,A01266,Offer,Hired,2026-07-03 01:42:17,4191,U001
E002202,A00671,,Applied,2026-07-03 01:45:15,2202,U002
E003256,A00986,,Applied,2026-07-03 01:49:28,3256,U001
E004595,A01396,,Applied,2026-07-03 02:09:51,4595,U001
E002301,A00703,,Applied,2026-07-03 02:31:33,2301,U001
E002977,A00902,,Applied,2026-07-03 02:43:18,2977,U003
E000078,A00026,Interview,Offer,2026-07-03 02:49:44,78,U004
E002047,A00625,Offer,Hired,2026-07-03 02:53:18,2047,U002
E001465,A00446,Applied,Screen,2026-07-03 02:57:48,1465,U002
E001561,A00477,Applied,Withdrawn,2026-07-03 04:08:29,1561,U002
E004370,A01322,,Applied,2026-07-03 04:12:37,4370,U002
E004654,A01414,Applied,Withdrawn,2026-07-03 04:58:05,4654,U001
E000951,A00293,Screen,Interview,2026-07-03 05:03:34,951,U003
E004016,A01215,Interview,Offer,2026-07-03 06:32:24,4016,U002
E000929,A00286,Screen,Withdrawn,2026-07-03 06:49:20,929,U003
E002190,A00667,,Applied,2026-07-03 06:51:30,2190,U001
E003834,A01164,,Applied,2026-07-03 08:40:44,3834,U003
E000370,A00115,Screen,Interview,2026-07-03 10:01:04,370,U004
E000466,A00144,Screen,Interview,2026-07-03 10:17:51,466,U004
E002940,A00892,,Applied,2026-07-03 11:29:35,2940,U003
E000149,A00049,Screen,Interview,2026-07-03 11:35:05,149,U001
E001964,A00602,Screen,Interview,2026-07-03 15:05:22,1964,U004
E001782,A00547,Applied,Screen,2026-07-03 15:05:28,1782,U002
E002370,A00722,Screen,Interview,2026-07-03 16:27:05,2370,U004
E001793,A00550,Applied,Withdrawn,2026-07-03 16:28:31,1793,U004
E000489,A00151,Screen,Interview,2026-07-03 17:39:05,489,U002
E003384,A01024,Applied,Screen,2026-07-03 18:02:24,3384,U002
E002308,A00704,Offer,Hired,2026-07-03 18:12:18,2308,U003
E000514,A00159,Interview,Offer,2026-07-03 20:41:45,514,U001
E004424,A01340,,Applied,2026-07-03 23:02:52,4424,U003
E003644,A01104,Offer,Hired,2026-07-04 00:01:25,3644,U004
E003776,A01145,Offer,Rejected,2026-07-04 00:20:13,3776,U004
E000432,A00134,Applied,Rejected,2026-07-04 01:37:50,432,U001
E003136,A00950,Applied,Withdrawn,2026-07-04 06:06:47,3136,U004
E003265,A00988,Interview,Offer,2026-07-04 06:09:25,3265,U002
E000448,A00139,Applied,Screen,2026-07-04 06:49:08,448,U001
E000143,A00047,Applied,Withdrawn,2026-07-04 07:45:16,143,U004
E002595,A00789,,Applied,2026-07-04 08:33:30,2595,U004
E002691,A00819,,Applied,2026-07-04 09:09:28,2691,U002
E000253,A00078,Offer,Hired,2026-07-04 10:57:56,253,U001
E003050,A00925,Interview,Rejected,2026-07-04 11:38:36,3050,U002
E004287,A01296,Interview,Offer,2026-07-04 11:38:37,4287,U004
E002340,A00714,Applied,Rejected,2026-07-04 12:00:48,2340,U004
E003025,A00918,Applied,Withdrawn,2026-07-04 13:28:46,3025,U003
E004245,A01282,Applied,Screen,2026-07-04 15:01:46,4245,U001
E000874,A00271,,Applied,2026-07-04 15:34:39,874,U001
E003442,A01043,Offer,Hired,2026-07-04 15:49:34,3442,U002
E002030,A00620,,Applied,2026-07-04 15:55:01,2030,U004
E003729,A01131,Screen,Interview,2026-07-04 16:13:29,3729,U004
E003151,A00954,Offer,Hired,2026-07-04 16:38:24,3151,U003
E003967,A01203,Applied,Screen,2026-07-04 17:04:31,3967,U002
E004345,A01314,,Applied,2026-07-04 17:52:05,4345,U003
E000082,A00028,,Applied,2026-07-04 17:53:01,82,U003
E004076,A01232,Screen,Interview,2026-07-04 18:50:56,4076,U004
E000765,A00239,Offer,Hired,2026-07-04 19:04:51,765,U003
E002840,A00860,Screen,Withdrawn,2026-07-04 19:49:52,2840,U002
E003122,A00946,Screen,Rejected,2026-07-04 21:30:33,3122,U003
E000274,A00085,Applied,Screen,2026-07-04 21:53:27,274,U001
E004418,A01338,,Applied,2026-07-04 22:31:36,4418,U001
E002523,A00767,,Applied,2026-07-04 23:02:11,2523,U004
E002065,A00632,,Applied,2026-07-04 23:34:01,2065,U002
E004472,A01356,Interview,Offer,2026-07-04 23:35:17,4472,U004
E001969,A00603,Interview,Withdrawn,2026-07-05 00:12:02,1969,U003
E003733,A01132,Screen,Withdrawn,2026-07-05 00:53:54,3733,U004
E002265,A00689,Applied,Screen,2026-07-05 01:25:47,2265,U003
E002498,A00759,Screen,Interview,2026-07-05 02:20:20,2498,U001
E002774,A00841,Screen,Interview,2026-07-05 02:59:57,2774,U003
E001075,A00331,Applied,Screen,2026-07-05 03:18:13,1075,U002
E000177,A00057,Applied,Screen,2026-07-05 04:46:26,177,U002
E004453,A01350,Applied,Withdrawn,2026-07-05 05:39:27,4453,U003
E002248,A00684,Applied,Screen,2026-07-05 06:13:24,2248,U002
E002537,A00771,Screen,Rejected,2026-07-05 06:40:11,2537,U001
E004085,A01234,Screen,Interview,2026-07-05 07:09:10,4085,U003
E003077,A00933,Screen,Interview,2026-07-05 07:34:26,3077,U001
E000731,A00229,,Applied,2026-07-05 07:48:55,731,U001
E003257,A00986,Applied,Screen,2026-07-05 08:49:28,3257,U003
E003597,A01091,Screen,Withdrawn,2026-07-05 09:16:39,3597,U002
E003457,A01048,Applied,Rejected,2026-07-05 14:14:43,3457,U003
E001274,A00390,Screen,Interview,2026-07-05 15:51:04,1274,U001
E003611,A01096,,Applied,2026-07-05 16:27:12,3611,U001
E003364,A01018,Interview,Offer,2026-07-05 16:35:36,3364,U002
E002197,A00669,,Applied,2026-07-05 17:08:59,2197,U002
E003676,A01114,Applied,Rejected,2026-07-05 18:24:06,3676,U002
E004540,A01380,Screen,Interview,2026-07-05 19:30:10,4540,U002
E002034,A00622,,Applied,2026-07-05 20:16:22,2034,U001
E001093,A00336,,Applied,2026-07-05 21:36:58,1093,U003
E001028,A00316,Applied,Withdrawn,2026-07-05 23:28:03,1028,U002
E001350,A00412,Applied,Screen,2026-07-05 23:57:27,1350,U003
E002217,A00675,Screen,Interview,2026-07-06 00:01:41,2217,U001
E001502,A00458,Applied,Screen,2026-07-06 00:24:39,1502,U004
E001957,A00600,Applied,Rejected,2026-07-06 00:26:42,1957,U004
E000297,A00093,Screen,Withdrawn,2026-07-06 01:41:19,297,U001
E001900,A00582,Applied,Rejected,2026-07-06 02:37:53,1900,U002
E000311,A00097,Screen,Withdrawn,2026-07-06 03:13:44,311,U001
E004419,A01338,Applied,Rejected,2026-07-06 03:31:36,4419,U001
E003743,A01135,Screen,Interview,2026-07-06 04:00:30,3743,U003
E003032,A00920,Interview,Offer,2026-07-06 04:40:12,3032,U004
E003458,A01049,,Applied,2026-07-06 04:54:17,3458,U003
E004755,A01445,Applied,Withdrawn,2026-07-06 04:54:21,4755,U002
E002078,A00635,Interview,Offer,2026-07-06 06:57:34,2078,U002
E004224,A01277,,Applied,2026-07-06 08:33:46,4224,U004
E001837,A00563,,Applied,2026-07-06 08:54:52,1837,U002
E002651,A00806,Screen,Interview,2026-07-06 10:18:30,2651,U004
E001965,A00602,Interview,Withdrawn,2026-07-06 11:05:22,1965,U001
E001771,A00543,,Applied,2026-07-06 11:12:30,1771,U004
E003539,A01075,Screen,Interview,2026-07-06 12:36:47,3539,U001
E003705,A01123,Screen,Interview,2026-07-06 13:14:41,3705,U001
E004636,A01408,Applied,Screen,2026-07-06 13:26:50,4636,U003
E001617,A00495,Applied,Withdrawn,2026-07-06 14:17:58,1617,U003
E001602,A00490,,Applied,2026-07-06 14:19:33,1602,U004
E000601,A00187,Offer,Hired,2026-07-06 14:38:26,601,U001
E002412,A00734,Interview,Offer,2026-07-06 15:34:08,2412,U001
E004446,A01348,Applied,Screen,2026-07-06 16:07:14,4446,U003
E002499,A00759,Interview,Withdrawn,2026-07-06 17:20:20,2499,U004
E001555,A00475,Screen,Interview,2026-07-06 18:18:02,1555,U003
E002685,A00817,Applied,Screen,2026-07-06 18:31:34,2685,U001
E002987,A00906,,Applied,2026-07-06 19:14:21,2987,U001
E000362,A00113,Interview,Offer,2026-07-06 19:25:21,362,U001
E000606,A00189,Screen,Interview,2026-07-06 21:36:31,606,U002
E003202,A00971,Screen,Interview,2026-07-06 22:01:50,3202,U002
E000500,A00155,Applied,Rejected,2026-07-06 23:02:09,500,U002
E004425,A01340,Applied,Rejected,2026-07-06 23:02:52,4425,U002
E002573,A00782,,Applied,2026-07-06 23:41:30,2573,U004
E002560,A00778,Interview,Rejected,2026-07-07 00:56:31,2560,U003
E001087,A00334,Offer,Hired,2026-07-07 02:39:38,1087,U001
E002052,A00627,Screen,Interview,2026-07-07 04:21:41,2052,U003
E004386,A01327,Applied,Rejected,2026-07-07 04:46:14,4386,U001
E000079,A00026,Offer,Rejected,2026-07-07 04:49:44,79,U004
E004099,A01239,,Applied,2026-07-07 05:56:22,4099,U003
E000891,A00275,Interview,Rejected,2026-07-07 06:27:42,891,U001
E003017,A00916,,Applied,2026-07-07 09:52:56,3017,U002
E001567,A00480,Applied,Withdrawn,2026-07-07 11:00:26,1567,U004
E002115,A00646,,Applied,2026-07-07 11:03:23,2115,U002
E002390,A00727,Offer,Hired,2026-07-07 11:24:13,2390,U004
E002610,A00794,Applied,Screen,2026-07-07 13:04:01,2610,U001
E001052,A00324,,Applied,2026-07-07 15:13:53,1052,U001
E003762,A01141,,Applied,2026-07-07 15:14:30,3762,U003
E000686,A00214,Applied,Screen,2026-07-07 15:16:27,686,U001
E003118,A00945,Screen,Interview,2026-07-07 17:02:53,3118,U003
E000747,A00234,Offer,Hired,2026-07-07 18:55:39,747,U002
E004258,A01286,,Applied,2026-07-07 19:08:23,4258,U004
E002031,A00620,Applied,Withdrawn,2026-07-07 19:55:01,2031,U002
E000067,A00023,,Applied,2026-07-07 20:51:10,67,U004
E001951,A00597,Screen,Withdrawn,2026-07-07 21:14:29,1951,U004
E001488,A00453,,Applied,2026-07-07 21:53:43,1488,U002
E002429,A00740,,Applied,2026-07-07 22:50:38,2429,U001
E003146,A00953,Screen,Withdrawn,2026-07-07 23:30:48,3146,U001
E001458,A00443,Applied,Rejected,2026-07-07 23:44:52,1458,U001
E002363,A00720,Interview,Offer,2026-07-08 00:06:32,2363,U003
E000997,A00307,Interview,Offer,2026-07-08 00:14:56,997,U002
E004011,A01214,Applied,Screen,2026-07-08 00:32:58,4011,U002
E003108,A00942,,Applied,2026-07-08 00:35:14,3108,U004
E001275,A00390,Interview,Offer,2026-07-08 01:51:04,1275,U004
E003962,A01201,Offer,Rejected,2026-07-08 03:03:30,3962,U001
E003573,A01085,Interview,Withdrawn,2026-07-08 03:39:42,3573,U001
E003215,A00974,Screen,Interview,2026-07-08 04:11:04,3215,U002
E003770,A01144,Applied,Screen,2026-07-08 04:59:11,3770,U002
E003902,A01183,Applied,Rejected,2026-07-08 05:21:05,3902,U003
E001503,A00458,Screen,Interview,2026-07-08 05:24:39,1503,U002
E003054,A00927,Applied,Screen,2026-07-08 05:38:09,3054,U004
E003720,A01128,Screen,Interview,2026-07-08 06:16:48,3720,U002
E001382,A00422,Applied,Screen,2026-07-08 08:21:25,1382,U003
E003878,A01176,Offer,Hired,2026-07-08 08:34:35,3878,U001
E002524,A00767,Applied,Withdrawn,2026-07-08 09:02:11,2524,U003
E003963,A01202,,Applied,2026-07-08 09:14:08,3963,U002
E001098,A00338,Applied,Screen,2026-07-08 09:15:03,1098,U001
E004261,A01287,Applied,Rejected,2026-07-08 09:35:08,4261,U003
E000321,A00101,Applied,Screen,2026-07-08 09:40:18,321,U002
E004474,A01357,Applied,Screen,2026-07-08 09:50:38,4474,U001
E003621,A01099,,Applied,2026-07-08 10:41:17,3621,U003
E001266,A00388,Applied,Screen,2026-07-08 11:06:37,1266,U002
E000751,A00235,Interview,Withdrawn,2026-07-08 12:06:47,751,U003
E004432,A01342,Offer,Hired,2026-07-08 13:04:32,4432,U004
E002479,A00754,Applied,Screen,2026-07-08 13:06:50,2479,U003
E002227,A00678,Applied,Screen,2026-07-08 14:06:14,2227,U003
E000173,A00056,Applied,Screen,2026-07-08 14:36:08,173,U001
E000196,A00063,,Applied,2026-07-08 14:53:04,196,U004
E004225,A01277,Applied,Screen,2026-07-08 15:33:46,4225,U002
E001940,A00594,Applied,Screen,2026-07-08 16:00:00,1940,U004
E003068,A00931,Screen,Interview,2026-07-08 16:06:21,3068,U004
E000719,A00225,,Applied,2026-07-08 17:10:07,719,U004
E002243,A00682,Interview,Offer,2026-07-08 17:14:09,2243,U003
E000003,A00002,,Applied,2026-07-08 17:59:52,3,U003
E002004,A00613,Applied,Screen,2026-07-08 18:24:13,2004,U002
E003064,A00930,Applied,Screen,2026-07-08 18:40:59,3064,U001
E004138,A01251,Applied,Screen,2026-07-08 19:03:05,4138,U003
E003548,A01078,Applied,Screen,2026-07-08 19:32:36,3548,U004
E002846,A00863,,Applied,2026-07-08 20:14:07,2846,U003
E004505,A01367,,Applied,2026-07-08 20:59:34,4505,U004
E000769,A00240,Interview,Withdrawn,2026-07-08 21:18:56,769,U003
E000729,A00228,Screen,Interview,2026-07-08 22:42:10,729,U002
E003052,A00926,Applied,Withdrawn,2026-07-08 23:16:10,3052,U001
E002198,A00669,Applied,Screen,2026-07-09 00:08:59,2198,U002
E003780,A01147,,Applied,2026-07-09 00:25:38,3780,U002
E003991,A01209,Screen,Interview,2026-07-09 01:16:57,3991,U004
E004686,A01425,Screen,Interview,2026-07-09 02:24:00,4686,U003
E000040,A00015,Applied,Screen,2026-07-09 03:18:16,40,U004
E000104,A00034,Offer,Hired,2026-07-09 03:21:06,104,U004
E000151,A00050,,Applied,2026-07-09 03:58:51,151,U003
E003036,A00921,Screen,Withdrawn,2026-07-09 05:00:45,3036,U001
E001100,A00339,,Applied,2026-07-09 07:33:49,1100,U003
E003359,A01017,,Applied,2026-07-09 07:50:51,3359,U003
E004414,A01336,Interview,Offer,2026-07-09 08:29:42,4414,U001
E001600,A00489,Interview,Offer,2026-07-09 09:03:07,1600,U002
E004504,A01366,Interview,Withdrawn,2026-07-09 09:49:00,4504,U001
E000694,A00217,,Applied,2026-07-09 10:24:02,694,U002
E004051,A01223,Offer,Withdrawn,2026-07-09 11:38:37,4051,U002
E000439,A00137,,Applied,2026-07-09 13:13:12,439,U003
E002946,A00893,Offer,Hired,2026-07-09 14:33:29,2946,U002
E001772,A00543,Applied,Rejected,2026-07-09 15:12:30,1772,U002
E004007,A01213,Screen,Interview,2026-07-09 15:14:04,4007,U002
E004228,A01278,,Applied,2026-07-09 15:59:13,4228,U003
E000283,A00088,Interview,Offer,2026-07-09 16:50:53,283,U002
E003107,A00941,Interview,Offer,2026-07-09 17:39:00,3107,U004
E001705,A00523,Screen,Interview,2026-07-09 19:08:20,1705,U002
E001318,A00404,,Applied,2026-07-09 20:24:13,1318,U003
E002008,A00614,Screen,Interview,2026-07-09 22:29:57,2008,U001
E003023,A00917,Interview,Offer,2026-07-09 23:48:57,3023,U004
E002670,A00812,,Applied,2026-07-10 00:51:55,2670,U001
E002005,A00613,Screen,Rejected,2026-07-10 01:24:13,2005,U001
E004734,A01438,,Applied,2026-07-10 02:50:35,4734,U001
E000184,A00059,Applied,Rejected,2026-07-10 02:51:22,184,U004
E001838,A00563,Applied,Screen,2026-07-10 02:54:52,1838,U001
E003698,A01121,Screen,Interview,2026-07-10 02:59:43,3698,U004
E003542,A01076,Applied,Screen,2026-07-10 04:26:48,3542,U003
E001188,A00366,Applied,Screen,2026-07-10 04:37:13,1188,U003
E000900,A00278,Applied,Rejected,2026-07-10 05:09:13,900,U004
E003250,A00984,Applied,Rejected,2026-07-10 05:16:40,3250,U003
E000301,A00094,Interview,Offer,2026-07-10 06:25:08,301,U002
E003730,A01131,Interview,Offer,2026-07-10 08:13:29,3730,U002
E002841,A00861,,Applied,2026-07-10 08:15:01,2841,U004
E002766,A00838,Offer,Hired,2026-07-10 08:39:32,2766,U004
E003968,A01203,Screen,Interview,2026-07-10 09:04:31,3968,U003
E003637,A01103,Screen,Interview,2026-07-10 09:21:16,3637,U002
E003549,A01078,Screen,Rejected,2026-07-10 09:32:36,3549,U001
E003033,A00920,Offer,Withdrawn,2026-07-10 09:40:12,3033,U004
E002053,A00627,Interview,Offer,2026-07-10 10:21:41,2053,U003
E002768,A00839,Applied,Screen,2026-07-10 11:47:47,2768,U001
E001486,A00452,Screen,Interview,2026-07-10 15:05:12,1486,U002
E001066,A00328,Screen,Withdrawn,2026-07-10 16:27:34,1066,U001
E004637,A01408,Screen,Withdrawn,2026-07-10 18:26:50,4637,U001
E000873,A00270,Offer,Hired,2026-07-10 20:16:09,873,U002
E004211,A01272,Screen,Interview,2026-07-10 20:29:42,4211,U002
E002580,A00784,,Applied,2026-07-10 21:21:18,2580,U002
E004687,A01425,Interview,Rejected,2026-07-10 21:24:00,4687,U002
E001680,A00515,Applied,Screen,2026-07-10 21:30:49,1680,U003
E000714,A00223,Screen,Interview,2026-07-10 21:47:01,714,U001
E004281,A01294,Applied,Withdrawn,2026-07-10 21:47:21,4281,U002
E001076,A00331,Screen,Interview,2026-07-10 22:18:13,1076,U001
E004541,A01380,Interview,Offer,2026-07-10 23:30:10,4541,U003
E004638,A01409,,Applied,2026-07-10 23:39:51,4638,U004
E000733,A00230,,Applied,2026-07-11 00:40:20,733,U002
E003574,A01086,,Applied,2026-07-11 00:52:40,3574,U004
E004436,A01343,Interview,Offer,2026-07-11 01:08:14,4436,U004
E001828,A00560,Screen,Interview,2026-07-11 01:19:24,1828,U002
E003938,A01195,Screen,Interview,2026-07-11 01:43:38,3938,U002
E002928,A00887,Screen,Interview,2026-07-11 01:45:56,2928,U001
E001996,A00611,Interview,Offer,2026-07-11 02:47:27,1996,U003
E004089,A01236,,Applied,2026-07-11 02:50:43,4089,U001
E004271,A01290,Offer,Hired,2026-07-11 04:08:09,4271,U004
E000406,A00126,,Applied,2026-07-11 05:37:19,406,U003
E000463,A00143,Interview,Offer,2026-07-11 06:12:42,463,U001
E001426,A00435,,Applied,2026-07-11 06:53:20,1426,U002
E000668,A00208,Interview,Withdrawn,2026-07-11 07:49:27,668,U003
E000838,A00261,Applied,Rejected,2026-07-11 07:53:53,838,U004
E000195,A00062,Offer,Hired,2026-07-11 08:10:36,195,U003
E003152,A00955,,Applied,2026-07-11 08:20:57,3152,U002
E001178,A00362,Screen,Interview,2026-07-11 08:22:35,1178,U003
E001655,A00507,Screen,Withdrawn,2026-07-11 09:30:39,1655,U002
E003694,A01120,Applied,Screen,2026-07-11 10:30:17,3694,U003
E001068,A00329,Applied,Screen,2026-07-11 10:48:00,1068,U002
E000026,A00010,,Applied,2026-07-11 11:41:08,26,U001
E001046,A00322,,Applied,2026-07-11 14:42:21,1046,U001
E003889,A01180,Applied,Screen,2026-07-11 15:33:42,3889,U001
E003674,A01113,Applied,Rejected,2026-07-11 16:54:13,3674,U001
E004104,A01240,Screen,Interview,2026-07-11 19:12:43,4104,U002
E000923,A00284,Screen,Interview,2026-07-11 22:14:44,923,U003
E001783,A00547,Screen,Interview,2026-07-11 23:05:28,1783,U004
E002581,A00784,Applied,Rejected,2026-07-12 00:21:18,2581,U001
E000275,A00085,Screen,Withdrawn,2026-07-12 04:53:27,275,U003
E002378,A00724,Applied,Withdrawn,2026-07-12 04:55:23,2378,U002
E004447,A01348,Screen,Rejected,2026-07-12 05:07:14,4447,U003
E001754,A00538,Applied,Screen,2026-07-12 05:15:07,1754,U001
E002723,A00827,Applied,Screen,2026-07-12 05:45:35,2723,U002
E004289,A01297,Applied,Withdrawn,2026-07-12 06:17:11,4289,U004
E001683,A00516,Applied,Screen,2026-07-12 06:23:29,1683,U002
E000440,A00137,Applied,Screen,2026-07-12 07:13:12,440,U002
E003095,A00937,Offer,Hired,2026-07-12 08:06:49,3095,U002
E000038,A00014,Interview,Offer,2026-07-12 08:55:43,38,U004
E002868,A00870,Offer,Hired,2026-07-12 12:32:38,2868,U004
E002228,A00678,Screen,Interview,2026-07-12 15:06:14,2228,U002
E002583,A00785,Applied,Screen,2026-07-12 16:34:36,2583,U002
E000178,A00057,Screen,Interview,2026-07-12 17:46:26,178,U004
E004748,A01442,Applied,Screen,2026-07-12 18:18:52,4748,U001
E003018,A00916,Applied,Screen,2026-07-12 18:52:56,3018,U004
E001241,A00380,Screen,Interview,2026-07-12 19:02:30,1241,U004
E003173,A00962,Interview,Offer,2026-07-12 19:36:18,3173,U002
E003563,A01082,Screen,Interview,2026-07-12 21:31:12,3563,U004
E003744,A01135,Interview,Offer,2026-07-12 22:00:30,3744,U003
E004246,A01282,Screen,Interview,2026-07-12 23:01:46,4246,U002
E002842,A00861,Applied,Screen,2026-07-13 01:15:01,2842,U003
E004029,A01218,Screen,Interview,2026-07-13 02:17:07,4029,U002
E003322,A01006,Applied,Screen,2026-07-13 02:36:32,3322,U002
E004255,A01285,Screen,Interview,2026-07-13 03:59:48,4255,U003
E003706,A01123,Interview,Offer,2026-07-13 04:14:41,3706,U002
E002941,A00892,Applied,Withdrawn,2026-07-13 06:29:35,2941,U001
E003425,A01037,Screen,Interview,2026-07-13 06:31:33,3425,U002
E004769,A01449,Offer,Hired,2026-07-13 07:41:03,4769,U002
E004196,A01268,Applied,Screen,2026-07-13 08:05:56,4196,U001
E002059,A00629,Applied,Screen,2026-07-13 09:26:44,2059,U004
E002160,A00659,Screen,Interview,2026-07-13 09:34:00,2160,U004
E001183,A00364,Applied,Screen,2026-07-13 09:38:41,1183,U001
E002876,A00872,Interview,Rejected,2026-07-13 10:11:15,2876,U001
E002800,A00849,Interview,Offer,2026-07-13 10:24:21,2800,U002
E001466,A00446,Screen,Interview,2026-07-13 10:57:48,1466,U003
E000152,A00050,Applied,Screen,2026-07-13 11:58:51,152,U002
E000720,A00225,Applied,Withdrawn,2026-07-13 13:10:07,720,U001
E001383,A00422,Screen,Interview,2026-07-13 13:21:25,1383,U001
E000641,A00200,Screen,Interview,2026-07-13 13:59:32,641,U002
E004495,A01363,Screen,Rejected,2026-07-13 15:10:04,4495,U001
E004639,A01409,Applied,Withdrawn,2026-07-13 15:39:51,4639,U001
E003648,A01105,Interview,Offer,2026-07-13 17:12:18,3648,U003
E000732,A00229,Applied,Withdrawn,2026-07-13 17:48:55,732,U002
E000405,A00125,Offer,Hired,2026-07-13 19:06:56,405,U003
E000111,A00037,Applied,Screen,2026-07-13 20:13:34,111,U003
E001271,A00389,Interview,Offer,2026-07-13 21:36:45,1271,U004
E003385,A01024,Screen,Withdrawn,2026-07-13 22:02:24,3385,U004
E001101,A00339,Applied,Rejected,2026-07-13 23:33:49,1101,U002
E002648,A00805,Applied,Withdrawn,2026-07-14 00:11:18,2648,U004
E000607,A00189,Interview,Withdrawn,2026-07-14 02:36:31,607,U003
E000197,A00063,Applied,Screen,2026-07-14 02:53:04,197,U004
E001445,A00439,Screen,Interview,2026-07-14 05:32:37,1445,U002
E003478,A01056,Screen,Interview,2026-07-14 06:20:53,3478,U002
E003540,A01075,Interview,Withdrawn,2026-07-14 06:36:47,3540,U004
E001500,A00457,Offer,Hired,2026-07-14 07:52:14,1500,U003
E001839,A00563,Screen,Withdrawn,2026-07-14 07:54:52,1839,U001
E001941,A00594,Screen,Interview,2026-07-14 09:00:00,1941,U001
E003684,A01117,Applied,Screen,2026-07-14 09:15:59,3684,U004
E004529,A01376,Applied,Screen,2026-07-14 10:04:05,4529,U002
E002066,A00632,Applied,Screen,2026-07-14 10:34:01,2066,U003
E004139,A01251,Screen,Withdrawn,2026-07-14 11:03:05,4139,U004
E000041,A00015,Screen,Interview,2026-07-14 13:18:16,41,U002
E002430,A00740,Applied,Screen,2026-07-14 14:50:38,2430,U004
E003895,A01181,Offer,Hired,2026-07-14 15:12:00,3895,U003
E000467,A00144,Interview,Withdrawn,2026-07-14 15:17:51,467,U001
E003082,A00934,Screen,Interview,2026-07-14 15:56:31,3082,U001
E001997,A00611,Offer,Rejected,2026-07-14 18:47:27,1997,U002
E003078,A00933,Interview,Offer,2026-07-14 19:34:26,3078,U004
E001755,A00538,Screen,Rejected,2026-07-14 20:15:07,1755,U004
E001047,A00322,Applied,Screen,2026-07-14 22:42:21,1047,U004
E002937,A00890,Screen,Withdrawn,2026-07-14 23:05:20,2937,U001
E002760,A00837,Applied,Screen,2026-07-15 00:33:47,2760,U003
E000570,A00177,Interview,Offer,2026-07-15 00:36:44,570,U003
E004226,A01277,Screen,Interview,2026-07-15 01:33:46,4226,U002
E002380,A00725,Applied,Screen,2026-07-15 02:13:26,2380,U001
E002009,A00614,Interview,Rejected,2026-07-15 02:29:57,2009,U002
E000924,A00284,Interview,Offer,2026-07-15 03:14:44,924,U004
E000835,A00260,Applied,Screen,2026-07-15 05:22:42,835,U002
E002102,A00641,Interview,Offer,2026-07-15 06:36:04,2102,U001
E004008,A01213,Interview,Offer,2026-07-15 07:14:04,4008,U002
E002477,A00753,Interview,Offer,2026-07-15 07:17:24,2477,U003
E002833,A00858,Interview,Offer,2026-07-15 09:33:06,2833,U001
E001409,A00429,Applied,Screen,2026-07-15 11:38:26,1409,U002
E002686,A00817,Screen,Interview,2026-07-15 13:31:34,2686,U003
E002586,A00786,Applied,Screen,2026-07-15 13:49:20,2586,U002
E000119,A00039,Interview,Offer,2026-07-15 15:31:01,119,U002
E000407,A00126,Applied,Withdrawn,2026-07-15 17:37:19,407,U003
E003229,A00978,Applied,Screen,2026-07-15 19:26:11,3229,U004
E003323,A01006,Screen,Rejected,2026-07-15 19:36:32,3323,U001
E003699,A01121,Interview,Offer,2026-07-15 20:59:43,3699,U003
E000695,A00217,Applied,Rejected,2026-07-15 21:24:02,695,U002
E003931,A01192,Screen,Withdrawn,2026-07-15 21:48:46,3931,U003
E002847,A00863,Applied,Rejected,2026-07-15 23:14:07,2847,U003
E001267,A00388,Screen,Interview,2026-07-16 00:06:37,1267,U004
E000449,A00139,Screen,Interview,2026-07-16 00:49:08,449,U003
E003964,A01202,Applied,Screen,2026-07-16 01:14:08,3964,U001
E002060,A00629,Screen,Withdrawn,2026-07-16 04:26:44,2060,U004
E002107,A00643,Screen,Interview,2026-07-16 05:12:36,2107,U003
E003638,A01103,Interview,Offer,2026-07-16 05:21:16,3638,U001
E004256,A01285,Interview,Offer,2026-07-16 06:59:48,4256,U003
E003584,A01088,Interview,Offer,2026-07-16 07:54:50,3584,U002
E001179,A00362,Interview,Withdrawn,2026-07-16 08:22:35,1179,U002
E002726,A00828,Applied,Screen,2026-07-16 09:41:02,2726,U002
E000575,A00179,Applied,Rejected,2026-07-16 10:23:03,575,U002
E001504,A00458,Interview,Rejected,2026-07-16 10:24:39,1504,U004
E004371,A01322,Applied,Screen,2026-07-16 11:12:37,4371,U003
E001242,A00380,Interview,Rejected,2026-07-16 12:02:30,1242,U004
E000150,A00049,Interview,Withdrawn,2026-07-16 12:35:05,150,U002
E003055,A00927,Screen,Rejected,2026-07-16 12:38:09,3055,U003
E004105,A01240,Interview,Offer,2026-07-16 13:12:43,4105,U003
E001189,A00366,Screen,Interview,2026-07-16 13:37:13,1189,U003
E000371,A00115,Interview,Offer,2026-07-16 18:01:04,371,U003
E001260,A00386,Applied,Screen,2026-07-16 18:20:07,1260,U004
E001926,A00590,Screen,Interview,2026-07-16 19:15:44,1926,U002
E004475,A01357,Screen,Interview,2026-07-16 19:50:38,4475,U002
E004009,A01213,Offer,Rejected,2026-07-16 20:14:04,4009,U001
E000687,A00214,Screen,Interview,2026-07-16 20:16:27,687,U003
E002266,A00689,Screen,Interview,2026-07-16 20:25:47,2266,U002
E000174,A00056,Screen,Interview,2026-07-16 20:36:08,174,U002
E002828,A00857,Screen,Interview,2026-07-16 20:56:22,2828,U004
E003588,A01089,Screen,Interview,2026-07-16 21:30:43,3588,U003
E004175,A01263,Applied,Screen,2026-07-16 23:36:14,4175,U002
E001425,A00434,Applied,Screen,2026-07-16 23:38:25,1425,U004
E002218,A00675,Interview,Rejected,2026-07-17 00:01:41,2218,U003
E000940,A00290,Screen,Interview,2026-07-17 00:27:22,940,U004
E001786,A00548,Applied,Screen,2026-07-17 00:36:07,1786,U003
E003203,A00971,Interview,Offer,2026-07-17 01:01:50,3203,U004
E003822,A01159,Offer,Hired,2026-07-17 01:58:00,3822,U003
E004077,A01232,Interview,Withdrawn,2026-07-17 02:50:56,4077,U004
E001612,A00493,Interview,Offer,2026-07-17 03:04:14,1612,U003
E002161,A00659,Interview,Offer,2026-07-17 03:34:00,2161,U001
E000875,A00271,Applied,Withdrawn,2026-07-17 06:34:39,875,U001
E002963,A00897,Offer,Hired,2026-07-17 06:52:45,2963,U004
E000390,A00121,Screen,Interview,2026-07-17 08:30:01,390,U004
E001402,A00427,Applied,Screen,2026-07-17 08:38:28,1402,U001
E002249,A00684,Screen,Interview,2026-07-17 09:13:24,2249,U004
E001681,A00515,Screen,Withdrawn,2026-07-17 13:30:49,1681,U004
E003618,A01097,Offer,Hired,2026-07-17 13:46:45,3618,U003
E001351,A00412,Screen,Withdrawn,2026-07-17 13:57:27,1351,U001
E001337,A00409,Screen,Interview,2026-07-17 14:57:37,1337,U004
E003069,A00931,Interview,Rejected,2026-07-17 17:06:21,3069,U002
E003365,A01018,Offer,Withdrawn,2026-07-17 17:35:36,3365,U004
E000771,A00241,Applied,Screen,2026-07-17 17:57:28,771,U002
E003426,A01037,Interview,Withdrawn,2026-07-17 18:31:33,3426,U003
E000734,A00230,Applied,Screen,2026-07-17 18:40:20,734,U003
E002978,A00902,Applied,Screen,2026-07-17 18:43:18,2978,U002
E002203,A00671,Applied,Screen,2026-07-17 18:45:15,2203,U003
E004233,A01279,Interview,Offer,2026-07-17 20:40:05,4233,U002
E002371,A00722,Interview,Offer,2026-07-17 21:27:05,2371,U001
E002652,A00806,Interview,Offer,2026-07-18 01:18:30,2652,U003
E004596,A01396,Applied,Screen,2026-07-18 03:09:51,4596,U002
E000730,A00228,Interview,Offer,2026-07-18 03:42:10,730,U004
E003357,A01016,Screen,Interview,2026-07-18 04:19:49,3357,U003
E001334,A00408,Offer,Hired,2026-07-18 08:07:43,1334,U003
E003890,A01180,Screen,Rejected,2026-07-18 09:33:42,3890,U002
E003700,A01121,Offer,Rejected,2026-07-18 09:59:43,3700,U001
E003969,A01203,Interview,Offer,2026-07-18 10:04:31,3969,U002
E003309,A01002,Screen,Interview,2026-07-18 10:06:07,3309,U004
E004227,A01277,Interview,Rejected,2026-07-18 10:33:46,4227,U002
E003221,A00975,Offer,Hired,2026-07-18 12:38:52,3221,U004
E003119,A00945,Interview,Offer,2026-07-18 13:02:53,3119,U002
E001410,A00429,Screen,Rejected,2026-07-18 13:38:26,1410,U003
E001603,A00490,Applied,Screen,2026-07-18 14:19:33,1603,U001
E002727,A00828,Screen,Rejected,2026-07-18 14:41:02,2727,U003
E001489,A00453,Applied,Rejected,2026-07-18 16:53:43,1489,U001
E001467,A00446,Interview,Offer,2026-07-18 16:57:48,1467,U004
E004251,A01284,Screen,Interview,2026-07-18 17:21:20,4251,U003
E004197,A01268,Screen,Interview,2026-07-18 19:05:56,4197,U001
E003006,A00912,Applied,Screen,2026-07-18 19:24:42,3006,U002
E002191,A00667,Applied,Screen,2026-07-18 20:51:30,2191,U003
E003622,A01099,Applied,Screen,2026-07-18 21:41:17,3622,U001
E004030,A01218,Interview,Withdrawn,2026-07-18 22:17:07,4030,U004
E001022,A00314,Interview,Offer,2026-07-18 23:03:15,1022,U002
E002795,A00848,Applied,Screen,2026-07-18 23:51:19,2795,U002
E004086,A01234,Interview,Rejected,2026-07-19 01:09:10,4086,U003
E000510,A00158,Offer,Hired,2026-07-19 01:41:30,510,U001
E004100,A01239,Applied,Screen,2026-07-19 01:56:22,4100,U001
E001638,A00502,Screen,Interview,2026-07-19 02:46:41,1638,U004
E000642,A00200,Interview,Offer,2026-07-19 02:59:32,642,U001
E000941,A00290,Interview,Offer,2026-07-19 03:27:22,941,U003
E001184,A00364,Screen,Withdrawn,2026-07-19 03:38:41,1184,U002
E000425,A00132,Screen,Interview,2026-07-19 03:49:53,425,U004
E001487,A00452,Interview,Offer,2026-07-19 06:05:12,1487,U001
E001319,A00404,Applied,Screen,2026-07-19 07:24:13,1319,U003
E003992,A01209,Interview,Rejected,2026-07-19 10:16:57,3992,U002
E002199,A00669,Screen,Rejected,2026-07-19 15:08:59,2199,U001
E002431,A00740,Screen,Interview,2026-07-19 18:50:38,2431,U002
E001069,A00329,Screen,Interview,2026-07-19 20:48:00,1069,U002
E000153,A00050,Screen,Interview,2026-07-19 20:58:51,153,U001
E003752,A01137,Offer,Hired,2026-07-19 21:15:04,3752,U001
E001799,A00552,Interview,Offer,2026-07-19 21:29:18,1799,U002
E001094,A00336,Applied,Withdrawn,2026-07-19 23:36:58,1094,U001
E003766,A01142,Applied,Screen,2026-07-19 23:52:02,3766,U001
E004372,A01322,Screen,Interview,2026-07-20 00:12:37,4372,U003
E000414,A00129,Applied,Screen,2026-07-20 04:21:34,414,U003
E002988,A00906,Applied,Screen,2026-07-20 05:14:21,2988,U001
E002769,A00839,Screen,Withdrawn,2026-07-20 06:47:47,2769,U004
E003771,A01144,Screen,Withdrawn,2026-07-20 06:59:11,3771,U002
E004176,A01263,Screen,Interview,2026-07-20 07:36:14,4176,U002
E003358,A01016,Interview,Offer,2026-07-20 10:19:49,3358,U001
E003230,A00978,Screen,Interview,2026-07-20 12:26:11,3230,U002
E000587,A00183,Offer,Hired,2026-07-20 14:02:24,587,U004
E002888,A00875,Offer,Hired,2026-07-20 15:34:34,2888,U001
E002156,A00658,Screen,Interview,2026-07-20 16:39:55,2156,U001
E001384,A00422,Interview,Offer,2026-07-20 19:21:25,1384,U002
E002921,A00885,Applied,Screen,2026-07-20 21:00:53,2921,U002
E002381,A00725,Screen,Interview,2026-07-20 22:13:26,2381,U001
E002687,A00817,Interview,Offer,2026-07-21 02:31:34,2687,U004
E002741,A00831,Interview,Offer,2026-07-21 05:29:52,2741,U001
E004442,A01346,Applied,Screen,2026-07-21 05:43:03,4442,U004
E001053,A00324,Applied,Withdrawn,2026-07-21 06:13:53,1053,U001
E001190,A00366,Interview,Offer,2026-07-21 07:37:13,1190,U004
E000490,A00151,Interview,Offer,2026-07-21 07:39:05,490,U002
E001556,A00475,Interview,Offer,2026-07-21 08:18:02,1556,U003
E004530,A01376,Screen,Rejected,2026-07-21 10:04:05,4530,U003
E003639,A01103,Offer,Rejected,2026-07-21 10:21:16,3639,U001
E002054,A00627,Offer,Withdrawn,2026-07-21 10:21:41,2054,U004
E003109,A00942,Applied,Screen,2026-07-21 10:35:14,3109,U003
E002965,A00898,Applied,Screen,2026-07-21 12:47:33,2965,U004
E004257,A01285,Offer,Rejected,2026-07-21 13:59:48,4257,U004
E001427,A00435,Applied,Screen,2026-07-21 16:53:20,1427,U003
E004508,A01368,Applied,Screen,2026-07-21 17:26:43,4508,U001
E001048,A00322,Screen,Interview,2026-07-21 18:42:21,1048,U001
E002079,A00635,Offer,Hired,2026-07-21 18:57:34,2079,U001
E002302,A00703,Applied,Screen,2026-07-21 19:31:33,2302,U003
E003685,A01117,Screen,Rejected,2026-07-21 23:15:59,3685,U002
E003763,A01141,Applied,Screen,2026-07-22 01:14:30,3763,U003
E004735,A01438,Applied,Rejected,2026-07-22 03:50:35,4735,U003
E002267,A00689,Interview,Withdrawn,2026-07-22 04:25:47,2267,U003
E003835,A01164,Applied,Screen,2026-07-22 04:40:44,3835,U002
E001099,A00338,Screen,Withdrawn,2026-07-22 05:15:03,1099,U001
E004101,A01239,Screen,Rejected,2026-07-22 05:56:22,4101,U002
E004451,A01349,Interview,Offer,2026-07-22 07:15:56,4451,U003
E001684,A00516,Screen,Interview,2026-07-22 10:23:29,1684,U004
E001358,A00414,Offer,Hired,2026-07-22 12:27:49,1358,U004
E002584,A00785,Screen,Interview,2026-07-22 12:34:36,2584,U001
E002157,A00658,Interview,Rejected,2026-07-22 12:39:55,2157,U003
E000068,A00023,Applied,Rejected,2026-07-22 12:51:10,68,U004
E000175,A00056,Interview,Withdrawn,2026-07-22 13:36:08,175,U002
E004252,A01284,Interview,Offer,2026-07-22 17:21:20,4252,U001
E001261,A00386,Screen,Interview,2026-07-22 22:20:07,1261,U001
E004234,A01279,Offer,Withdrawn,2026-07-22 22:40:05,4234,U001
E001191,A00366,Offer,Withdrawn,2026-07-22 23:37:13,1191,U001
E000515,A00159,Offer,Hired,2026-07-23 00:41:45,515,U003
E003781,A01147,Applied,Rejected,2026-07-23 03:25:38,3781,U004
E002761,A00837,Screen,Interview,2026-07-23 03:33:47,2761,U001
E002671,A00812,Applied,Screen,2026-07-23 05:51:55,2671,U003
E003231,A00978,Interview,Withdrawn,2026-07-23 08:26:11,3231,U001
E001338,A00409,Interview,Offer,2026-07-23 09:57:37,1338,U001
E003764,A01141,Screen,Withdrawn,2026-07-23 10:14:30,3764,U002
E003479,A01056,Interview,Offer,2026-07-23 10:20:53,3479,U004
E002574,A00782,Applied,Screen,2026-07-23 11:41:30,2574,U004
E003065,A00930,Screen,Rejected,2026-07-23 12:40:59,3065,U002
E003079,A00933,Offer,Withdrawn,2026-07-23 14:34:26,3079,U003
E000391,A00121,Interview,Offer,2026-07-23 15:30:01,391,U001
E000952,A00293,Interview,Offer,2026-07-23 16:03:34,952,U001
E000027,A00010,Applied,Withdrawn,2026-07-23 17:41:08,27,U002
E003721,A01128,Interview,Offer,2026-07-23 19:16:48,3721,U002
E001803,A00553,Interview,Offer,2026-07-23 19:54:59,1803,U004
E003788,A01149,Offer,Hired,2026-07-23 21:03:04,3788,U003
E003695,A01120,Screen,Interview,2026-07-23 21:30:17,3695,U003
E000322,A00101,Screen,Interview,2026-07-23 22:40:18,322,U004
E001685,A00516,Interview,Rejected,2026-07-24 00:23:29,1685,U001
E000126,A00041,Offer,Hired,2026-07-24 01:05:53,126,U003
E003836,A01164,Screen,Rejected,2026-07-24 05:40:44,3836,U001
E001829,A00560,Interview,Offer,2026-07-24 06:19:24,1829,U002
E004346,A01314,Applied,Screen,2026-07-24 06:52:05,4346,U002
E002035,A00622,Applied,Screen,2026-07-24 08:16:22,2035,U003
E000372,A00115,Offer,Withdrawn,2026-07-24 09:01:04,372,U004
E002114,A00645,Offer,Hired,2026-07-24 11:20:53,2114,U002
E002724,A00827,Screen,Withdrawn,2026-07-24 11:45:35,2724,U002
E001174,A00361,Applied,Screen,2026-07-24 12:05:52,1174,U002
E003589,A01089,Interview,Offer,2026-07-24 12:30:43,3589,U001
E002775,A00841,Interview,Offer,2026-07-24 13:59:57,2775,U003
E002929,A00887,Interview,Rejected,2026-07-24 15:45:56,2929,U004
E003612,A01096,Applied,Screen,2026-07-24 19:27:12,3612,U004
E003258,A00986,Screen,Interview,2026-07-24 21:49:28,3258,U003
E003575,A01086,Applied,Screen,2026-07-25 00:52:40,3575,U004
E000154,A00050,Interview,Offer,2026-07-25 00:58:51,154,U004
E002742,A00831,Offer,Withdrawn,2026-07-25 01:29:52,2742,U002
E004509,A01368,Screen,Withdrawn,2026-07-25 02:26:43,4509,U001
E000083,A00028,Applied,Screen,2026-07-25 02:53:01,83,U002
E004597,A01396,Screen,Withdrawn,2026-07-25 03:09:51,4597,U002
E003360,A01017,Applied,Screen,2026-07-25 03:50:51,3360,U004
E002587,A00786,Screen,Withdrawn,2026-07-25 04:49:20,2587,U001
E000042,A00015,Interview,Offer,2026-07-25 05:18:16,42,U001
E004728,A01436,Offer,Hired,2026-07-25 05:28:44,4728,U003
E002989,A00906,Screen,Interview,2026-07-25 06:14:21,2989,U001
E002692,A00819,Applied,Screen,2026-07-25 09:09:28,2692,U003
E004017,A01215,Offer,Hired,2026-07-25 11:32:24,4017,U004
E002413,A00734,Offer,Hired,2026-07-25 17:34:08,2413,U003
E004198,A01268,Interview,Rejected,2026-07-25 21:05:56,4198,U004
E003613,A01096,Screen,Withdrawn,2026-07-25 21:27:12,3613,U003
E003459,A01049,Applied,Screen,2026-07-25 21:54:17,3459,U004
E004373,A01322,Interview,Withdrawn,2026-07-26 00:12:37,4373,U003
E004584,A01393,Offer,Hired,2026-07-26 00:20:13,4584,U001
E003649,A01105,Offer,Rejected,2026-07-26 02:12:18,3649,U004
E002596,A00789,Applied,Screen,2026-07-26 03:33:30,2596,U002
E002843,A00861,Screen,Rejected,2026-07-26 04:15:01,2843,U001
E001706,A00523,Interview,Offer,2026-07-26 05:08:20,1706,U004
E003965,A01202,Screen,Interview,2026-07-26 06:14:08,3965,U003
E002402,A00730,Offer,Hired,2026-07-26 07:17:18,2402,U001
E000441,A00137,Screen,Interview,2026-07-26 12:13:12,441,U003
E002688,A00817,Offer,Withdrawn,2026-07-26 14:31:34,2688,U001
E001639,A00502,Interview,Rejected,2026-07-26 17:46:41,1639,U001
E001175,A00361,Screen,Interview,2026-07-26 18:05:52,1175,U004
E001446,A00439,Interview,Offer,2026-07-26 21:32:37,1446,U002
E003543,A01076,Screen,Interview,2026-07-26 23:26:48,3543,U001
E002480,A00754,Screen,Interview,2026-07-27 00:06:50,2480,U003
E000836,A00260,Screen,Withdrawn,2026-07-27 00:22:42,836,U004
E001403,A00427,Screen,Withdrawn,2026-07-27 02:38:28,1403,U003
E000198,A00063,Screen,Interview,2026-07-27 06:53:04,198,U003
E004749,A01442,Screen,Interview,2026-07-27 08:18:52,4749,U004
E001784,A00547,Interview,Offer,2026-07-27 11:05:28,1784,U003
E003576,A01086,Screen,Withdrawn,2026-07-27 15:52:40,3576,U001
E003939,A01195,Interview,Offer,2026-07-27 17:43:38,3939,U004
E004506,A01367,Applied,Screen,2026-07-27 20:59:34,4506,U002
E001070,A00329,Interview,Offer,2026-07-27 23:48:00,1070,U002
E002116,A00646,Applied,Screen,2026-07-28 01:03:23,2116,U004
E003460,A01049,Screen,Rejected,2026-07-28 02:54:17,3460,U003
E002611,A00794,Screen,Interview,2026-07-28 03:04:01,2611,U004
E004212,A01272,Interview,Offer,2026-07-28 04:29:42,4212,U004
E004259,A01286,Applied,Screen,2026-07-28 05:08:23,4259,U004
E003174,A00962,Offer,Hired,2026-07-28 06:36:18,3174,U003
E002721,A00826,Offer,Hired,2026-07-28 07:43:39,2721,U003
E004229,A01278,Applied,Screen,2026-07-28 09:59:13,4229,U002
E003623,A01099,Screen,Interview,2026-07-28 10:41:17,3623,U001
E002382,A00725,Interview,Withdrawn,2026-07-28 11:13:26,2382,U004
E001912,A00585,Offer,Hired,2026-07-28 11:16:27,1912,U001
E004012,A01214,Screen,Interview,2026-07-28 11:32:58,4012,U001
E003083,A00934,Interview,Offer,2026-07-28 11:56:31,3083,U004
E000571,A00177,Offer,Rejected,2026-07-28 12:36:44,571,U002
E000688,A00214,Interview,Offer,2026-07-28 16:16:27,688,U002
E003216,A00974,Interview,Offer,2026-07-28 18:11:04,3216,U003
E002796,A00848,Screen,Rejected,2026-07-28 19:51:19,2796,U003
E001601,A00489,Offer,Hired,2026-07-28 22:03:07,1601,U003
E000772,A00241,Screen,Interview,2026-07-28 22:57:28,772,U003
E000302,A00094,Offer,Hired,2026-07-29 00:25:08,302,U002
E002250,A00684,Interview,Withdrawn,2026-07-29 02:13:24,2250,U003
E002204,A00671,Screen,Withdrawn,2026-07-29 05:45:15,2204,U001
E000004,A00002,Applied,Screen,2026-07-29 08:59:52,4,U003
E003007,A00912,Screen,Rejected,2026-07-29 09:24:42,3007,U002
E002829,A00857,Interview,Offer,2026-07-29 09:56:22,2829,U002
E001262,A00386,Interview,Offer,2026-07-29 10:20:07,1262,U004
E001049,A00322,Interview,Offer,2026-07-29 13:42:21,1049,U004
E003110,A00942,Screen,Rejected,2026-07-29 17:35:14,3110,U002
E000715,A00223,Interview,Offer,2026-07-29 21:47:01,715,U004
E002303,A00703,Screen,Withdrawn,2026-07-29 22:31:33,2303,U004
E001339,A00409,Offer,Rejected,2026-07-29 23:57:37,1339,U001
E002067,A00632,Screen,Interview,2026-07-30 02:34:01,2067,U003
E001077,A00331,Interview,Offer,2026-07-30 03:18:13,1077,U004
E000815,A00253,Offer,Hired,2026-07-30 04:18:30,815,U002
E002979,A00902,Screen,Interview,2026-07-30 07:43:18,2979,U004
E003019,A00916,Screen,Interview,2026-07-30 13:52:56,3019,U001
E002229,A00678,Interview,Offer,2026-07-30 15:06:14,2229,U003
E003153,A00955,Applied,Screen,2026-07-30 15:20:57,3153,U001
E004177,A01263,Interview,Offer,2026-07-30 16:36:14,4177,U002
E002432,A00740,Interview,Withdrawn,2026-07-30 19:50:38,2432,U003
E001942,A00594,Interview,Offer,2026-07-31 01:00:00,1942,U004
E002255,A00685,Offer,Hired,2026-07-31 01:15:08,2255,U002
E003141,A00951,Offer,Hired,2026-07-31 02:45:44,3141,U004
E001247,A00381,Offer,Hired,2026-07-31 03:19:53,1247,U001
E003564,A01082,Interview,Offer,2026-07-31 04:31:12,3564,U003
E001468,A00446,Offer,Withdrawn,2026-07-31 04:57:48,1468,U004
E003204,A00971,Offer,Rejected,2026-07-31 08:01:50,3204,U002
E004542,A01380,Offer,Hired,2026-07-31 08:30:10,4542,U002
E001770,A00542,Offer,Hired,2026-07-31 09:39:34,1770,U004
E003310,A01002,Interview,Withdrawn,2026-07-31 13:06:07,3310,U002
E003585,A01088,Offer,Hired,2026-07-31 18:54:50,3585,U002
E001320,A00404,Screen,Interview,2026-07-31 19:24:13,1320,U002
E004090,A01236,Applied,Screen,2026-07-31 20:50:43,4090,U001
